{"loss": [0.023300807923078537, 0.026702258735895157, 0.04145392030477524, 0.03961719572544098, 0.02989933453500271, 0.02839365229010582, 0.03597988560795784, 0.034565530717372894, 0.024082429707050323, 0.02386733517050743, 0.028568053618073463, 0.028210023418068886, 0.02710827812552452, 0.027550475671887398, 0.023636404424905777, 0.02364729717373848, 0.023904738947749138, 0.023994382470846176, 0.02540222741663456, 0.025020744651556015, 0.021573927253484726, 0.02173694595694542, 0.02466646023094654, 0.023967798799276352, 0.02224433422088623, 0.021488526836037636, 0.018512388691306114, 0.02009795978665352, 0.019887659698724747, 0.020768212154507637, 0.018512947484850883, 0.01925618201494217, 0.017135201022028923, 0.018137676641345024, 0.018549371510744095, 0.01902616210281849, 0.0195833221077919, 0.019072340801358223, 0.018311159685254097, 0.018277829512953758, 0.01914181560277939, 0.01889873296022415, 0.01816069334745407, 0.018143508583307266, 0.01837989315390587, 0.017947012558579445, 0.018276158720254898, 0.01727505959570408, 0.01861409842967987, 0.01839362271130085, 0.019114810973405838, 0.01959940791130066, 0.016761422157287598, 0.01776345819234848, 0.017929591238498688, 0.01834472455084324, 0.01746612787246704, 0.017370926216244698, 0.01848946139216423, 0.017915375530719757], "position_loss": [0.010028494521975517, 0.011745626106858253, 0.01877170242369175, 0.017963392660021782, 0.013200330547988415, 0.012545796111226082, 0.01620285026729107, 0.015538156032562256, 0.010345854796469212, 0.010288011282682419, 0.012592887505888939, 0.012486807070672512, 0.011911197565495968, 0.012136971578001976, 0.010214179754257202, 0.010246858932077885, 0.010393920354545116, 0.010452697984874249, 0.011119303293526173, 0.010963606648147106, 0.009175716899335384, 0.009295265190303326, 0.010702759958803654, 0.010439928621053696, 0.009578628465533257, 0.009242177940905094, 0.00782170332968235, 0.008515791967511177, 0.008448723703622818, 0.00882249977439642, 0.00772801972925663, 0.0080641508102417, 0.007049149833619595, 0.0074954042211174965, 0.007720849011093378, 0.007950196973979473, 0.00809711217880249, 0.007877398282289505, 0.007473717909306288, 0.007482549175620079, 0.00786491297185421, 0.007760968524962664, 0.007431801408529282, 0.007423285860568285, 0.007501753978431225, 0.007348804734647274, 0.007444159593433142, 0.007025208789855242, 0.007636329624801874, 0.0075670043006539345, 0.007915041409432888, 0.0081503726541996, 0.006891163531690836, 0.0073268115520477295, 0.007378735579550266, 0.007571717258542776, 0.007105594966560602, 0.007088374812155962, 0.007597554940730333, 0.007367599289864302], "gru_regularizer_loss": [0.1437499076128006, 0.14349141716957092, 0.1570431888103485, 0.1506880521774292, 0.1510961353778839, 0.1424892544746399, 0.149602010846138, 0.14595863223075867, 0.14776761829853058, 0.1449815183877945, 0.1513676941394806, 0.14606522023677826, 0.14374284446239471, 0.14528755843639374, 0.14497774839401245, 0.1428527981042862, 0.1425372213125229, 0.1410239338874817, 0.1438429355621338, 0.1415831297636032, 0.14610208570957184, 0.14368486404418945, 0.1489901840686798, 0.14198563992977142, 0.143964022397995, 0.1400274634361267, 0.1323445439338684, 0.1393900364637375, 0.13657255470752716, 0.1409287452697754, 0.1389942616224289, 0.14219392836093903, 0.13876700401306152, 0.14277835190296173, 0.14102326333522797, 0.14202570915222168, 0.15005461871623993, 0.14639489352703094, 0.1475483477115631, 0.14566127955913544, 0.14903758466243744, 0.1474238634109497, 0.14782384037971497, 0.1466802954673767, 0.15103504061698914, 0.1460782140493393, 0.1516392081975937, 0.14476093649864197, 0.1490747630596161, 0.1463133543729782, 0.14582538604736328, 0.14636042714118958, 0.135929137468338, 0.14036491513252258, 0.1432056874036789, 0.14403584599494934, 0.14472457766532898, 0.14271001517772675, 0.14715878665447235, 0.14264777302742004], "l2_xdx_activation_loss": [0.0006017030100338161, 0.0005916270310990512, 0.000779623631387949, 0.0007274386589415371, 0.0006621667998842895, 0.0006253185565583408, 0.0006923178443685174, 0.0006761404220014811, 0.0006372776697389781, 0.000613429700024426, 0.0006224628305062652, 0.0005915146321058273, 0.0006157473544590175, 0.0006074813427403569, 0.0005856851348653436, 0.0005746128736063838, 0.0005634372937493026, 0.000559178413823247, 0.0005746589740738273, 0.0005588289350271225, 0.0005867521977052093, 0.0005694509600289166, 0.00058994151186198, 0.0005556244868785143, 0.0005487411399371922, 0.0005342275835573673, 0.0005147740012034774, 0.0005570874782279134, 0.0005410906742326915, 0.000570903008338064, 0.0005552504444494843, 0.0005682415794581175, 0.0005493386415764689, 0.0005726232193410397, 0.0005654085543937981, 0.000568098621442914, 0.0006291112513281405, 0.000617459649220109, 0.0006290082237683237, 0.0006183004006743431, 0.0006401328137144446, 0.0006337800296023488, 0.0006058785365894437, 0.0006096388678997755, 0.0006216061301529408, 0.0005958019755780697, 0.0006234108586795628, 0.0005919393734075129, 0.0006164920050650835, 0.0005984214367344975, 0.0006084191263653338, 0.000611280498560518, 0.0005395289044827223, 0.0005683237686753273, 0.0005796154146082699, 0.0005865719867870212, 0.0006021580775268376, 0.0005886195576749742, 0.0006071822717785835, 0.0005841606762260199]}