{"loss": [0.026358095929026604, 0.0288779865950346, 0.042258672416210175, 0.0410589799284935, 0.028779905289411545, 0.029817303642630577, 0.03878868743777275, 0.03782454878091812, 0.024686705321073532, 0.024399830028414726, 0.032256126403808594, 0.03264002129435539, 0.0312868095934391, 0.031898267567157745, 0.02787180244922638, 0.028076691552996635, 0.02509472519159317, 0.023537011817097664, 0.025634214282035828, 0.02729431353509426, 0.024984709918498993, 0.02714122086763382, 0.022248711436986923, 0.022203411906957626, 0.027064472436904907, 0.02584034949541092, 0.02580304443836212, 0.025649886578321457, 0.026206092908978462, 0.025598160922527313, 0.02307310700416565, 0.023773618042469025, 0.022845711559057236, 0.021306373178958893, 0.024774838238954544, 0.023585962131619453, 0.021633248776197433, 0.020873023197054863, 0.021816600114107132, 0.020990557968616486, 0.021418360993266106, 0.021070390939712524, 0.020377039909362793, 0.01969539374113083, 0.018345680087804794, 0.019625041633844376, 0.01766631007194519, 0.018007805570960045, 0.019455906003713608, 0.019192812964320183, 0.01782144047319889, 0.01779915578663349, 0.017676278948783875, 0.01846371404826641, 0.018110699951648712, 0.018296686932444572, 0.017760856077075005, 0.017727917060256004, 0.01885855756700039, 0.01828240416944027], "position_loss": [0.01135034579783678, 0.012650717049837112, 0.019341420382261276, 0.018734361976385117, 0.012370860204100609, 0.012961827218532562, 0.01695750094950199, 0.016617152839899063, 0.01036917231976986, 0.010292286053299904, 0.014514762908220291, 0.014645497314631939, 0.014113737270236015, 0.014326046220958233, 0.012368394993245602, 0.012435506097972393, 0.010710242204368114, 0.010060174390673637, 0.010910633020102978, 0.011754950508475304, 0.010563450865447521, 0.011617321521043777, 0.00929690059274435, 0.009299090132117271, 0.011825662106275558, 0.011260983534157276, 0.011314191855490208, 0.011212687939405441, 0.011450319550931454, 0.011138895526528358, 0.00984781514853239, 0.010185659863054752, 0.009330976754426956, 0.008711418136954308, 0.010184979066252708, 0.009731613099575043, 0.008817700669169426, 0.008522710762917995, 0.009112264961004257, 0.00875158328562975, 0.008969582617282867, 0.008808154612779617, 0.00830037984997034, 0.008035496808588505, 0.0072750127874314785, 0.007879379205405712, 0.007014131639152765, 0.007162044290453196, 0.007890161126852036, 0.007776573300361633, 0.006933283060789108, 0.006954295560717583, 0.006900906562805176, 0.007253424264490604, 0.007203348912298679, 0.007291937712579966, 0.006913979072123766, 0.006937340367585421, 0.007356143556535244, 0.007147043943405151], "gru_regularizer_loss": [0.16965964436531067, 0.16749253869056702, 0.17223137617111206, 0.17287401854991913, 0.17981994152069092, 0.17608433961868286, 0.1957898885011673, 0.18794304132461548, 0.178445965051651, 0.17488592863082886, 0.15941208600997925, 0.16222918033599854, 0.1520732343196869, 0.15837834775447845, 0.15676429867744446, 0.15936900675296783, 0.17577867209911346, 0.1649945229291916, 0.1730346381664276, 0.17334336042404175, 0.17280402779579163, 0.1777341365814209, 0.1721203476190567, 0.17004694044589996, 0.16878589987754822, 0.1642470806837082, 0.15716658532619476, 0.1591440588235855, 0.163313090801239, 0.16248361766338348, 0.16354900598526, 0.1645795702934265, 0.18870848417282104, 0.17667804658412933, 0.1923820972442627, 0.1822126805782318, 0.18099546432495117, 0.17474086582660675, 0.17014536261558533, 0.16535665094852448, 0.16536502540111542, 0.1637803465127945, 0.17294113337993622, 0.16745109856128693, 0.1673915684223175, 0.17085188627243042, 0.16559921205043793, 0.1669294536113739, 0.16692644357681274, 0.16521777212619781, 0.17341822385787964, 0.17102572321891785, 0.16815289855003357, 0.17173093557357788, 0.16753730177879333, 0.16640137135982513, 0.17271219193935394, 0.17007702589035034, 0.1799394190311432, 0.1740356683731079], "l2_xdx_activation_loss": [0.0006532554980367422, 0.0006335291545838118, 0.0006174931186251342, 0.000620159087702632, 0.0007463144720532, 0.0007105884724296629, 0.0009715833002701402, 0.0009032583329826593, 0.0007209536270238459, 0.0006884530885145068, 0.0005438131047412753, 0.0005752310389652848, 0.0005125205498188734, 0.0005537837278097868, 0.0005221090978011489, 0.0005369826685637236, 0.0006384708685800433, 0.0005885582068003714, 0.0006938527221791446, 0.0006833111983723938, 0.0007095750188454986, 0.0007093978929333389, 0.0006442214944399893, 0.0006345737492665648, 0.0005747491377405822, 0.000558289815671742, 0.0005339835770428181, 0.0005440085660666227, 0.0005570935318246484, 0.000564830843359232, 0.0005803147214464843, 0.00058515346609056, 0.0007652096683159471, 0.0007052369765006006, 0.0008266716031357646, 0.0007665213197469711, 0.0007289497880265117, 0.000693049980327487, 0.0006298578227870166, 0.0006109270616434515, 0.0006081671454012394, 0.000605078530497849, 0.0006819419213570654, 0.0006496153655461967, 0.0007068982231430709, 0.0007189064053818583, 0.0006603370420634747, 0.0006711261230520904, 0.00066842493833974, 0.0006621481152251363, 0.0007398827583529055, 0.0007264207233674824, 0.0007306311745196581, 0.0007461709901690483, 0.0006758621311746538, 0.0006825848249718547, 0.0007349101942963898, 0.0007171398610807955, 0.0007819440797902644, 0.000748971535358578]}