{"loss": [0.0208046343177557, 0.023175865411758423, 0.03428100422024727, 0.032652080059051514, 0.025157351046800613, 0.024608081206679344, 0.020018180832266808, 0.020112141966819763, 0.02376573160290718, 0.023340361192822456, 0.021024901419878006, 0.02203223668038845, 0.020867755636572838, 0.020465543493628502, 0.022200830280780792, 0.0212742667645216, 0.021665221080183983, 0.021750949323177338, 0.02005351521074772, 0.020056450739502907, 0.02024638094007969, 0.021497715264558792, 0.018022548407316208, 0.017657116055488586, 0.021143388003110886, 0.020391764119267464, 0.018065260723233223, 0.018305044621229172, 0.0172216035425663, 0.017279546707868576, 0.017930833622813225, 0.018245099112391472, 0.017832588404417038, 0.017282936722040176, 0.01625116728246212, 0.017013702541589737, 0.015353444963693619, 0.016566945239901543, 0.016132278367877007, 0.016822930425405502, 0.01725459098815918, 0.017057150602340698, 0.016582287847995758, 0.016162239015102386, 0.016445226967334747, 0.01588812842965126, 0.015141419135034084, 0.015516095794737339, 0.015908000990748405, 0.016352083534002304, 0.01517868135124445, 0.015543879941105843, 0.015800563618540764, 0.016275553032755852, 0.016993416473269463, 0.01658369041979313, 0.01627672277390957, 0.016228070482611656, 0.0166909359395504, 0.01700114831328392, 0.01749933324754238, 0.017007820308208466, 0.01668304204940796, 0.01630488596856594, 0.018006186932325363, 0.01662987284362316, 0.016836266964673996, 0.015957342460751534, 0.01691758632659912, 0.01588173769414425, 0.015982219949364662, 0.015170823782682419, 0.015404274687170982, 0.015682226046919823, 0.015683555975556374, 0.01562853343784809, 0.015714159235358238, 0.0160788893699646, 0.015512487851083279, 0.015925489366054535, 0.015440830960869789, 0.015544857829809189, 0.015981903299689293, 0.016011055558919907, 0.016392206773161888, 0.015875451266765594, 0.017832156270742416, 0.016361502930521965, 0.016233690083026886, 0.0162607841193676, 0.016979973763227463, 0.016722967848181725, 0.016543781384825706, 0.016963455826044083, 0.016057295724749565, 0.01599540375173092, 0.01598597876727581, 0.015895897522568703, 0.014839639887213707, 0.015603517182171345], "position_loss": [0.008906237781047821, 0.010101295076310635, 0.015644632279872894, 0.014817539602518082, 0.010854935273528099, 0.010679162107408047, 0.00840805284678936, 0.008462830446660519, 0.010349053889513016, 0.010152923874557018, 0.009049253538250923, 0.009509338065981865, 0.008827964775264263, 0.008689741604030132, 0.009604807943105698, 0.00918356329202652, 0.00940262246876955, 0.009388256818056107, 0.008316140621900558, 0.008353348821401596, 0.008521655574440956, 0.009078285656869411, 0.007349097635596991, 0.007202478125691414, 0.00903357658535242, 0.0086795873939991, 0.0076401508413255215, 0.007731106597930193, 0.007109380792826414, 0.007135627791285515, 0.007565686479210854, 0.007697108667343855, 0.007386617828160524, 0.007163555361330509, 0.0067186118103563786, 0.007027454674243927, 0.006314437370747328, 0.006813593674451113, 0.006627274677157402, 0.006917718797922134, 0.007101785391569138, 0.007000594399869442, 0.00674245972186327, 0.006572017911821604, 0.006724084727466106, 0.006492787040770054, 0.006165522150695324, 0.006313967518508434, 0.006534456741064787, 0.006722855847328901, 0.006198308430612087, 0.006352728232741356, 0.006423510145395994, 0.006632586475461721, 0.00697815278545022, 0.006802355870604515, 0.006695190444588661, 0.006665702443569899, 0.006879134103655815, 0.006985181011259556, 0.007233626674860716, 0.0070195272564888, 0.006776978261768818, 0.006635702680796385, 0.007365616504102945, 0.006799380760639906, 0.006821395363658667, 0.006454148795455694, 0.006862484384328127, 0.006439050659537315, 0.0063826050609350204, 0.006050966214388609, 0.006213411223143339, 0.006335028447210789, 0.006414406932890415, 0.0063857510685920715, 0.006439949385821819, 0.006594989448785782, 0.006347384303808212, 0.006511536426842213, 0.006233210675418377, 0.006298860069364309, 0.006475610658526421, 0.006478741765022278, 0.00666918745264411, 0.006457422859966755, 0.007296310737729073, 0.006685240194201469, 0.006648304872214794, 0.006656578276306391, 0.006979325320571661, 0.006875090301036835, 0.006796658039093018, 0.006959510501474142, 0.00654783146455884, 0.006526422221213579, 0.006505744997411966, 0.006483221426606178, 0.0060301292687654495, 0.006337353959679604], "gru_regularizer_loss": [0.12036033719778061, 0.1176835298538208, 0.11745817214250565, 0.11685577034950256, 0.12596693634986877, 0.12006697058677673, 0.11869421601295471, 0.11895743757486343, 0.1196693629026413, 0.11808618158102036, 0.11448173224925995, 0.11687012761831284, 0.12310749292373657, 0.11924627423286438, 0.11783766746520996, 0.11467491090297699, 0.11327481269836426, 0.1148652732372284, 0.12103679031133652, 0.119429811835289, 0.11483307182788849, 0.11961565911769867, 0.11930225789546967, 0.11640810966491699, 0.11754147708415985, 0.11483462899923325, 0.1125231608748436, 0.1135474145412445, 0.11603276431560516, 0.1150883138179779, 0.11302313208580017, 0.11383935064077377, 0.11876937747001648, 0.11524628102779388, 0.11065270006656647, 0.11409606039524078, 0.10830612480640411, 0.11415716260671616, 0.11471696943044662, 0.11766200512647629, 0.11862914264202118, 0.11768101155757904, 0.1202288269996643, 0.11692409962415695, 0.11853289604187012, 0.11520101130008698, 0.11299282312393188, 0.11432158946990967, 0.11444969475269318, 0.11559704691171646, 0.11415010690689087, 0.11526109278202057, 0.11581197381019592, 0.11672830581665039, 0.11908625811338425, 0.11607558280229568, 0.11672809720039368, 0.11575431376695633, 0.1168181300163269, 0.11808261275291443, 0.12050839513540268, 0.11732856184244156, 0.12185099720954895, 0.11827036738395691, 0.12735766172409058, 0.11927885562181473, 0.12211798131465912, 0.11677975207567215, 0.12437541782855988, 0.1184147447347641, 0.1236470490694046, 0.11805912107229233, 0.11680625379085541, 0.1174144446849823, 0.11660367250442505, 0.11550741642713547, 0.11519104242324829, 0.11600328981876373, 0.11581374704837799, 0.11695277690887451, 0.11717207729816437, 0.11588447540998459, 0.11866981536149979, 0.11774305254220963, 0.11980090290307999, 0.11636921763420105, 0.12649008631706238, 0.11844250559806824, 0.11793983727693558, 0.11685938388109207, 0.11952731013298035, 0.11779938638210297, 0.11684813350439072, 0.11800246685743332, 0.1163913831114769, 0.11528057605028152, 0.11852432042360306, 0.11694823205471039, 0.11137647926807404, 0.11484435200691223],