{"loss": [0.02192777208983898, 0.024459222331643105, 0.03111412562429905, 0.031303100287914276, 0.021294834092259407, 0.022248782217502594, 0.02224295400083065, 0.02137126587331295, 0.02596202678978443, 0.025737451389431953, 0.02332809939980507, 0.022889012470841408, 0.023504294455051422, 0.022751403972506523, 0.01833587884902954, 0.019416606053709984, 0.02006128430366516, 0.019480114802718163, 0.018909871578216553, 0.018725302070379257, 0.018084963783621788, 0.019192134961485863, 0.019709203392267227, 0.019574373960494995, 0.017593668773770332, 0.018328852951526642, 0.01920180767774582, 0.01951141469180584, 0.017681974917650223, 0.017554502934217453, 0.017331276088953018, 0.01723690703511238, 0.019356442615389824, 0.01905781403183937, 0.017711658030748367, 0.017809271812438965, 0.01938031241297722, 0.018291257321834564, 0.01811293326318264, 0.01819808967411518, 0.01585555449128151, 0.01641162484884262, 0.018315056338906288, 0.018542196601629257, 0.016944091767072678, 0.016563359647989273, 0.015255019068717957, 0.016377108171582222, 0.016817934811115265, 0.016941450536251068, 0.015586039051413536, 0.016354722902178764, 0.015353085473179817, 0.015924857929348946, 0.016798624768853188, 0.01677241176366806, 0.015711680054664612, 0.016308700665831566, 0.01683383621275425, 0.01678180880844593, 0.0170259028673172, 0.017285950481891632, 0.016252486035227776, 0.016659069806337357, 0.01798565313220024, 0.01744643598794937, 0.018528275191783905, 0.017320970073342323, 0.01757190003991127, 0.01752808690071106, 0.017269060015678406, 0.017969833686947823, 0.01593106798827648, 0.016360417008399963, 0.01669216714799404, 0.016618434339761734, 0.017729027196764946, 0.01712685078382492, 0.016658993437886238, 0.016300568357110023, 0.01770913042128086, 0.0174997691065073, 0.016435539349913597, 0.016762783750891685, 0.017045026645064354, 0.017193663865327835, 0.017611315473914146, 0.01716051809489727, 0.017663422971963882, 0.018041454255580902, 0.014700058847665787, 0.015865735709667206, 0.018390320241451263, 0.01819295436143875, 0.01598009653389454, 0.01656404137611389, 0.015957916155457497, 0.016406897455453873, 0.01655629090964794, 0.016125060617923737], "position_loss": [0.009509456343948841, 0.010682429186999798, 0.014067533425986767, 0.014153078198432922, 0.008949718438088894, 0.009411652572453022, 0.009416768327355385, 0.009064766578376293, 0.011264614760875702, 0.011141338385641575, 0.010080053471028805, 0.009902048856019974, 0.010251889005303383, 0.009890465997159481, 0.007752242032438517, 0.008247113786637783, 0.008524719625711441, 0.008295031264424324, 0.008026579394936562, 0.00794551707804203, 0.0077463542111217976, 0.008240196853876114, 0.008453700691461563, 0.008384176529943943, 0.007456772495061159, 0.007758906111121178, 0.008223713375627995, 0.00832754373550415, 0.0073103951290249825, 0.007278076373040676, 0.007213995326310396, 0.007140275556594133, 0.008118364959955215, 0.007963793352246284, 0.0073589738458395, 0.00741193350404501, 0.008112318813800812, 0.007632588502019644, 0.007654269225895405, 0.0076720938086509705, 0.00654579745605588, 0.006792049389332533, 0.00767041090875864, 0.007777246180921793, 0.007021034136414528, 0.006863418035209179, 0.006327260751277208, 0.006788888014853001, 0.007006997242569923, 0.007044332101941109, 0.006411675829440355, 0.006718015763908625, 0.006240074057132006, 0.006482416298240423, 0.006971259135752916, 0.006965630687773228, 0.006452462635934353, 0.006720760837197304, 0.007044525817036629, 0.00702417828142643, 0.007133810315281153, 0.007226053159683943, 0.006718586664646864, 0.0069098505191504955, 0.007451570592820644, 0.0072292666882276535, 0.007716215215623379, 0.007191221695393324, 0.007379213348031044, 0.0073559898883104324, 0.007274668663740158, 0.007538639008998871, 0.006551561877131462, 0.006744486279785633, 0.006909015588462353, 0.00689486600458622, 0.007395654451102018, 0.007133514620363712, 0.006916091311722994, 0.006745709106326103, 0.007442069239914417, 0.0073264166712760925, 0.006769733503460884, 0.006905499845743179, 0.007090321276336908, 0.00714444275945425, 0.007310992572456598, 0.007127738557755947, 0.007439601235091686, 0.007604487240314484, 0.0060056280344724655, 0.006479247473180294, 0.007784275803714991, 0.007689971011132002, 0.0066729700192809105, 0.006938854232430458, 0.006659737788140774, 0.006838858127593994, 0.006831007078289986, 0.006652316078543663], "gru_regularizer_loss": [0.10970626771450043, 0.11252302676439285, 0.1106644719839096, 0.1119842529296875, 0.11911939084529877, 0.12019041180610657, 0.12024359405040741, 0.1158059686422348, 0.11947140842676163, 0.11837388575077057, 0.11458645761013031, 0.11138580739498138, 0.11087112128734589, 0.10951945185661316, 0.10720419883728027, 0.1093035638332367, 0.11451834440231323, 0.11059364676475525, 0.10940440744161606, 0.10803009569644928, 0.10290484130382538, 0.10532650351524353, 0.10796584188938141, 0.10684916377067566, 0.10427315533161163, 0.10687847435474396, 0.10613690316677094, 0.1071845069527626, 0.11210429668426514, 0.10910257697105408, 0.10991878807544708, 0.10927915573120117, 0.11118713021278381, 0.11019054055213928, 0.11129754781723022, 0.1100580021739006, 0.11639268696308136, 0.11129956692457199, 0.10790389776229858, 0.10727331787347794, 0.10703608393669128, 0.10771360993385315, 0.1114448606967926, 0.11131724715232849, 0.1102139800786972, 0.10725703835487366, 0.10421227663755417, 0.10857076942920685, 0.1077052652835846, 0.10835985839366913, 0.1054740846157074, 0.10840266197919846, 0.1082078367471695, 0.10913218557834625, 0.10914445668458939, 0.10789011418819427, 0.10794572532176971, 0.10848508775234222, 0.10863092541694641, 0.10733985155820847, 0.10685493052005768, 0.10779456794261932, 0.10786567628383636, 0.10825102776288986, 0.11432768404483795, 0.11092593520879745, 0.11571323126554489, 0.11039293557405472, 0.10782655328512192, 0.10684211552143097, 0.10490911453962326, 0.10802911967039108, 0.10649538040161133, 0.10715979337692261, 0.10911372303962708, 0.10760410875082016, 0.11162243783473969, 0.10841226577758789, 0.10905419290065765, 0.10659667104482651, 0.10711276531219482, 0.10641425102949142, 0.10881397128105164, 0.10946252197027206, 0.1092408075928688, 0.10845135897397995, 0.11248904466629028, 0.10915090143680573, 0.106977179646492, 0.10758118331432343, 0.10563598573207855, 0.1090579405426979, 0.10870151221752167, 0.10744167864322662, 0.10524338483810425, 0.10579269379377365, 0.1053951233625412, 0.1062813401222229, 0.11080483347177505, 0.10772457718849182],