{"loss": [0.02324008196592331, 0.025545109063386917, 0.03943391516804695, 0.03770016133785248, 0.039496708661317825, 0.03703431412577629, 0.034556448459625244, 0.03384481742978096, 0.023674840107560158, 0.023904142901301384, 0.032430779188871384, 0.03151962161064148, 0.02772851660847664, 0.028129931539297104, 0.022786270827054977, 0.02315473183989525, 0.02448021061718464, 0.024778803810477257, 0.0256059393286705, 0.025340182706713676, 0.021362587809562683, 0.02232586406171322, 0.022653430700302124, 0.022319715470075607, 0.023098066449165344, 0.022598961368203163, 0.02181258052587509, 0.02138959802687168, 0.022001704201102257, 0.021288016811013222, 0.01921972446143627, 0.01954345591366291, 0.02054750919342041, 0.02015776000916958, 0.02024814672768116, 0.01912345550954342, 0.020618412643671036, 0.020511306822299957, 0.019281985238194466, 0.01877119019627571, 0.020870288833975792, 0.02048470824956894, 0.01997043751180172, 0.018921365961432457, 0.020452506840229034, 0.019823968410491943, 0.020059790462255478, 0.01990782469511032, 0.020511353388428688, 0.01973928138613701, 0.017744405195116997, 0.01819760911166668, 0.02232426404953003, 0.02118133381009102, 0.01856869086623192, 0.018011197447776794, 0.020942319184541702, 0.019781971350312233, 0.0191817469894886, 0.019627416506409645], "position_loss": [0.009990017861127853, 0.011140421032905579, 0.017693577334284782, 0.01689980924129486, 0.01772572100162506, 0.0165998712182045, 0.015450919978320599, 0.015111382119357586, 0.010010335594415665, 0.010168641805648804, 0.014227318577468395, 0.013864973559975624, 0.01195485144853592, 0.01219335850328207, 0.0096809770911932, 0.009853622876107693, 0.010595517233014107, 0.010714780539274216, 0.01097398903220892, 0.010834382846951485, 0.009094000793993473, 0.009535979479551315, 0.009590165689587593, 0.00948417093604803, 0.009878864511847496, 0.009641659446060658, 0.009220052510499954, 0.009054619818925858, 0.00929009635001421, 0.00900321826338768, 0.008000687696039677, 0.00814918801188469, 0.00864240899682045, 0.008459764532744884, 0.008367188274860382, 0.007891228422522545, 0.008639147505164146, 0.00860976055264473, 0.008008232340216637, 0.007788110990077257, 0.008848755620419979, 0.00866286177188158, 0.008295346051454544, 0.007870103232562542, 0.008553382940590382, 0.00828670896589756, 0.008424072526395321, 0.0083534000441432, 0.008599258959293365, 0.008285995572805405, 0.007221853826195002, 0.00743323378264904, 0.009491696022450924, 0.008995338343083858, 0.0075614238157868385, 0.007356871385127306, 0.008729738183319569, 0.008246688172221184, 0.008031035773456097, 0.00822647288441658], "gru_regularizer_loss": [0.13770568370819092, 0.1389111876487732, 0.15402092039585114, 0.1472892463207245, 0.15179896354675293, 0.1442030817270279, 0.1435653269290924, 0.14198742806911469, 0.14631828665733337, 0.14396440982818604, 0.1553313434123993, 0.14972247183322906, 0.1469457447528839, 0.14630545675754547, 0.14022453129291534, 0.14091776311397552, 0.1360703557729721, 0.1376449465751648, 0.14446605741977692, 0.1436435580253601, 0.13254687190055847, 0.1362793743610382, 0.14293961226940155, 0.13833977282047272, 0.13885101675987244, 0.137384831905365, 0.14142188429832458, 0.13726560771465302, 0.14309333264827728, 0.13810893893241882, 0.13501045107841492, 0.13613751530647278, 0.13681507110595703, 0.13554905354976654, 0.14407110214233398, 0.13713401556015015, 0.13818000257015228, 0.13647453486919403, 0.13951613008975983, 0.13562005758285522, 0.13634216785430908, 0.1350843459367752, 0.1430504024028778, 0.13551758229732513, 0.1407018005847931, 0.13639333844184875, 0.135955810546875, 0.13466089963912964, 0.13875673711299896, 0.13395346701145172, 0.1366671621799469, 0.13763093948364258, 0.1417289674282074, 0.1349678486585617, 0.14267006516456604, 0.13592776656150818, 0.1429956555366516, 0.13565823435783386, 0.13194389641284943, 0.1334121823310852], "l2_xdx_activation_loss": [0.0006273380131460726, 0.0006247262354008853, 0.0008351929718628526, 0.0008088931790553033, 0.0008421017555519938, 0.0007971880841068923, 0.000739327457267791, 0.0007337357383221388, 0.0007300041033886373, 0.0007087471894919872, 0.0008072849595919251, 0.0007638252573087811, 0.0007827937370166183, 0.000759728776756674, 0.0006736986106261611, 0.0006791112828068435, 0.0006424998282454908, 0.0006572724087163806, 0.0007374415872618556, 0.0007446689996868372, 0.0006160470074974, 0.0006300446693785489, 0.0006809092592447996, 0.0006556669832207263, 0.0006502834730781615, 0.0006469394429586828, 0.0006524268537759781, 0.0006355751538649201, 0.0006632011500187218, 0.000633172458037734, 0.0006224227836355567, 0.0006275766063481569, 0.0006311883917078376, 0.0006272548343986273, 0.0006906936760060489, 0.0006562265334650874, 0.0006524465279653668, 0.0006420210702344775, 0.0006231273291632533, 0.0006125965737737715, 0.0006027930648997426, 0.0006023877649568021, 0.0006494210101664066, 0.0006083353655412793, 0.0006459147552959621, 0.0006285464623942971, 0.0006170363631099463, 0.000617812795098871, 0.0006414296221919358, 0.0006089251255616546, 0.0006443490856327116, 0.0006512846448458731, 0.0006408675690181553, 0.0006133326678536832, 0.0006727207801304758, 0.0006457323324866593, 0.0006839690031483769, 0.0006436779513023794, 0.0005997525295242667, 0.0006131238769739866]}