{"loss": [0.0236770398914814, 0.024976247921586037, 0.045951563864946365, 0.04395806044340134, 0.02802974358201027, 0.028654681518673897, 0.03406629338860512, 0.033566758036613464, 0.02914847992360592, 0.02761586382985115, 0.026264222338795662, 0.02691012993454933, 0.03155161067843437, 0.03006415255367756, 0.023554785177111626, 0.024291539564728737, 0.026066381484270096, 0.02571936324238777, 0.028318732976913452, 0.027346204966306686, 0.02183198742568493, 0.021695315837860107, 0.0242087934166193, 0.023799220100045204, 0.020940164104104042, 0.020403193309903145, 0.020446183159947395, 0.0210637915879488, 0.02120272070169449, 0.02137700654566288, 0.02230178937315941, 0.021487513557076454, 0.021343642845749855, 0.020393718034029007, 0.01975552923977375, 0.019178278744220734, 0.020350739359855652, 0.020080996677279472, 0.0193776972591877, 0.019094208255410194, 0.019851991906762123, 0.019135398790240288, 0.018256569281220436, 0.019165409728884697, 0.01708122156560421, 0.0178601685911417, 0.018173692747950554, 0.018685171380639076, 0.01567140966653824, 0.017216475680470467, 0.018009761348366737, 0.017355449497699738, 0.01844725012779236, 0.01828181929886341, 0.019612085074186325, 0.018449731171131134, 0.01708301156759262, 0.017841001972556114, 0.019441600888967514, 0.01796458661556244], "position_loss": [0.009970617480576038, 0.010712184943258762, 0.020494045689702034, 0.01963537558913231, 0.012082529254257679, 0.012415006756782532, 0.015294888988137245, 0.015082486905157566, 0.01278410479426384, 0.012071829289197922, 0.011266892775893211, 0.011645833030343056, 0.013749011792242527, 0.013128462247550488, 0.0101492740213871, 0.010469404049217701, 0.011371834203600883, 0.01119873858988285, 0.012428347021341324, 0.011993260122835636, 0.009149961173534393, 0.009113702923059464, 0.010145974345505238, 0.010014661587774754, 0.008489709347486496, 0.008308086544275284, 0.008554325439035892, 0.0088103748857975, 0.008972706273198128, 0.00904674082994461, 0.009452752768993378, 0.009094214998185635, 0.008868035860359669, 0.008492376655340195, 0.008006318472325802, 0.007786562666296959, 0.008435510098934174, 0.008330083452165127, 0.007991579361259937, 0.007872682064771652, 0.008200998418033123, 0.007895853370428085, 0.007394932676106691, 0.007818259298801422, 0.006787518039345741, 0.007139238063246012, 0.007436403539031744, 0.007669756188988686, 0.006164263002574444, 0.006847624201327562, 0.00714788306504488, 0.006889780517667532, 0.007553310599178076, 0.007480194792151451, 0.007998055778443813, 0.007509984076023102, 0.00687719602137804, 0.00721210241317749, 0.00795398373156786, 0.007327039260417223], "gru_regularizer_loss": [0.16034074127674103, 0.15344251692295074, 0.1777530312538147, 0.17103035748004913, 0.159878209233284, 0.15912045538425446, 0.15392133593559265, 0.1500559151172638, 0.1580568552017212, 0.15354277193546295, 0.15880003571510315, 0.15600407123565674, 0.16671645641326904, 0.1585523784160614, 0.14663740992546082, 0.14979875087738037, 0.1502169370651245, 0.148865208029747, 0.15427103638648987, 0.15014606714248657, 0.15495869517326355, 0.1528513878583908, 0.16320078074932098, 0.15800386667251587, 0.16439267992973328, 0.15916237235069275, 0.14943364262580872, 0.15219447016716003, 0.1504145860671997, 0.15063412487506866, 0.1545654833316803, 0.15037775039672852, 0.15982331335544586, 0.15268969535827637, 0.16243597865104675, 0.15719887614250183, 0.15449321269989014, 0.1524147093296051, 0.15452677011489868, 0.15245503187179565, 0.15643060207366943, 0.15201085805892944, 0.1532781422138214, 0.1555558145046234, 0.15256741642951965, 0.15529276430606842, 0.1492449790239334, 0.14987176656723022, 0.14690536260604858, 0.15272431075572968, 0.15979625284671783, 0.1549190878868103, 0.1517590433359146, 0.1500585973262787, 0.16093260049819946, 0.15382958948612213, 0.1479398012161255, 0.1508098989725113, 0.15810070931911469, 0.149185448884964], "l2_xdx_activation_loss": [0.0007104479591362178, 0.0006721331737935543, 0.0010616292711347342, 0.000991983339190483, 0.0007549491710960865, 0.0007441356428898871, 0.0006454162066802382, 0.0006333912024274468, 0.000666215899400413, 0.0006452417583204806, 0.0007137942593544722, 0.000685789855197072, 0.0007951233419589698, 0.0007402170449495316, 0.0005962691502645612, 0.00061789620667696, 0.0006064961780793965, 0.0006107264780439436, 0.0006394245428964496, 0.0006190566928125918, 0.0006604741211049259, 0.0006461131852120161, 0.0007612597546540201, 0.0007296004914678633, 0.0007719209534116089, 0.0007314474787563086, 0.0006140462355688214, 0.000640013488009572, 0.0005840355879627168, 0.0005920425173826516, 0.0006165244267322123, 0.0005980831920169294, 0.0006694273906759918, 0.0006270038429647684, 0.0007058251649141312, 0.0006773686618544161, 0.0006445761537179351, 0.0006318745436146855, 0.0006160708726383746, 0.0006077457219362259, 0.0006282107788138092, 0.0006075094570405781, 0.0006442883750423789, 0.0006574253784492612, 0.0006598179461434484, 0.0006759022944606841, 0.0006024594185873866, 0.0006152947898954153, 0.0006242571980692446, 0.000664308900013566, 0.0007049915730021894, 0.0006752129993401468, 0.0006073265103623271, 0.0006065947818569839, 0.0006685299449600279, 0.0006301358807832003, 0.0006160545162856579, 0.000635879987385124, 0.0006505222991108894, 0.0006058647995814681]}