{"loss": [0.019116071984171867, 0.02223566547036171, 0.02789285220205784, 0.027661750093102455, 0.02761499583721161, 0.027602503076195717, 0.025229087099432945, 0.025560107082128525, 0.022513961419463158, 0.02171170525252819, 0.022598037496209145, 0.021827705204486847, 0.023162592202425003, 0.022293809801340103, 0.021302103996276855, 0.020391298457980156, 0.021809374913573265, 0.020787004381418228, 0.017921363934874535, 0.01873842626810074, 0.022012539207935333, 0.021594882011413574, 0.022832021117210388, 0.0214796494692564, 0.01842181384563446, 0.018498053774237633, 0.0202140212059021, 0.01966237463057041, 0.018591774627566338, 0.017864754423499107, 0.018801365047693253, 0.019299406558275223, 0.01928371749818325, 0.01939530298113823, 0.017823105677962303, 0.018766334280371666, 0.019698886200785637, 0.018978755921125412, 0.01902909390628338, 0.018998729065060616, 0.017345068976283073, 0.01780548319220543, 0.017929263412952423, 0.018181420862674713, 0.01787617988884449, 0.017873508855700493, 0.01760590262711048, 0.01802664063870907, 0.01717143878340721, 0.017353707924485207, 0.01708730310201645, 0.017076890915632248, 0.01725814864039421, 0.017033947631716728, 0.017647868022322655, 0.01798686571419239, 0.016924891620874405, 0.016256533563137054, 0.019645998254418373, 0.01872316747903824, 0.016664471477270126, 0.016962243244051933, 0.017225615680217743, 0.01714695245027542, 0.01684260368347168, 0.01682090386748314, 0.016882220283150673, 0.0177010428160429, 0.016103805974125862, 0.016012342646718025, 0.01718779467046261, 0.017117563635110855, 0.01677943952381611, 0.01589495688676834, 0.016240695491433144, 0.016192330047488213, 0.01751665398478508, 0.01730014942586422, 0.016430754214525223, 0.01594294235110283, 0.017528317868709564, 0.016994576901197433, 0.016644472256302834, 0.017016667872667313, 0.016683293506503105, 0.016491778194904327, 0.01544809341430664, 0.015759864822030067, 0.0159121286123991, 0.01595505140721798, 0.01549312099814415, 0.015549227595329285, 0.01541148591786623, 0.016168855130672455, 0.017412280663847923, 0.016089465469121933, 0.015234800986945629, 0.015518699772655964, 0.01540997251868248, 0.015897970646619797], "position_loss": [0.008079985156655312, 0.009655549190938473, 0.012261996045708656, 0.012172859162092209, 0.012251014821231365, 0.01223022397607565, 0.010745305567979813, 0.010957867838442326, 0.009258795529603958, 0.00895746424794197, 0.009744211100041866, 0.009403306059539318, 0.010093443095684052, 0.009683503769338131, 0.009034603834152222, 0.008655067533254623, 0.009220856241881847, 0.008816850371658802, 0.007644266355782747, 0.00799347460269928, 0.009657524526119232, 0.009465455077588558, 0.010098356753587723, 0.009477700106799603, 0.007851419039070606, 0.007863882929086685, 0.008604394271969795, 0.00837909709662199, 0.007815570570528507, 0.007489468436688185, 0.008090966381132603, 0.008282054215669632, 0.008260159753262997, 0.008298572152853012, 0.007480367552489042, 0.007928925566375256, 0.00841308943927288, 0.008103015832602978, 0.008158384822309017, 0.008136500604450703, 0.007289842236787081, 0.007501339074224234, 0.007559949066489935, 0.007677356246858835, 0.007464809808880091, 0.007432540412992239, 0.007401576731353998, 0.007561716716736555, 0.007107955403625965, 0.007203390821814537, 0.007078563794493675, 0.00706865731626749, 0.007205492351204157, 0.007106806617230177, 0.007353047840297222, 0.007538232486695051, 0.0069612767547369, 0.006708916276693344, 0.008358094841241837, 0.007962851785123348, 0.0069866301491856575, 0.007121788337826729, 0.0071215261705219746, 0.007111737504601479, 0.006945620756596327, 0.006944654043763876, 0.007088280748575926, 0.007443239446729422, 0.0066646430641412735, 0.006640718784183264, 0.007118381094187498, 0.007111751474440098, 0.006909331306815147, 0.006538066081702709, 0.006734163966029882, 0.006712166592478752, 0.007257136050611734, 0.0071779778227210045, 0.006720993667840958, 0.006515299901366234, 0.007372062187641859, 0.007137330714613199, 0.006932219490408897, 0.007082803174853325, 0.00690647354349494, 0.006814830936491489, 0.0063676596619188786, 0.006502571515738964, 0.006569268647581339, 0.006605833303183317, 0.006323701236397028, 0.0063499510288238525, 0.0063972254283726215, 0.006697551812976599, 0.00715536018833518, 0.006600051186978817, 0.00619002478197217, 0.006326908245682716, 0.0063994391821324825, 0.006626110058277845], "gru_regularizer_loss": [0.12009461969137192, 0.1193152666091919, 0.1255454570055008, 0.12463106215000153, 0.12445071339607239, 0.12452401220798492, 0.13241873681545258, 0.13106587529182434, 0.13825169205665588, 0.13282643258571625, 0.12272804975509644, 0.11909237504005432, 0.11897879838943481, 0.11607558280229568, 0.12566424906253815, 0.11990375071763992, 0.1292678564786911, 0.12262777239084244, 0.11204784363508224, 0.11489634960889816, 0.11751445382833481, 0.11436613649129868, 0.11732002347707748, 0.11226887255907059, 0.11767512559890747, 0.11689306795597076, 0.12270130217075348, 0.11884982138872147, 0.1200568899512291, 0.11662158370018005, 0.11138510704040527, 0.11305822432041168, 0.1140846312046051, 0.11473116278648376, 0.1193205714225769, 0.12077075988054276, 0.12131290137767792, 0.11735688149929047, 0.11566317081451416, 0.11447405815124512, 0.11696730554103851, 0.11724027246236801, 0.1182006224989891, 0.11828860640525818, 0.11991800367832184, 0.1191069558262825, 0.11720563471317291, 0.1181715726852417, 0.12029347568750381, 0.11873214691877365, 0.11941768229007721, 0.11810595542192459, 0.12014058232307434, 0.11816929280757904, 0.12039467692375183, 0.11972133070230484, 0.12451328337192535, 0.11848705261945724, 0.12273471057415009, 0.11706365644931793, 0.11443985998630524, 0.1147485300898552, 0.12352624535560608, 0.12118259817361832, 0.12192614376544952, 0.11996224522590637, 0.11555662751197815, 0.11798378080129623, 0.11628706753253937, 0.1146443784236908, 0.121946319937706, 0.11971387267112732, 0.12303248047828674, 0.117254339158535, 0.11687791347503662, 0.11543190479278564, 0.12124515324831009, 0.11902300268411636, 0.12445341050624847, 0.12052711099386215, 0.11760710179805756, 0.11423913389444351, 0.11771504580974579, 0.11826237291097641, 0.11939714848995209, 0.1178714856505394, 0.11387048661708832, 0.11454679071903229, 0.11651559174060822, 0.1148444414138794, 0.11975020170211792, 0.1181202232837677, 0.11347968876361847, 0.11644049733877182, 0.12729677557945251, 0.1192006915807724, 0.12021094560623169, 0.12004371732473373, 0.11314913630485535, 0.11364969611167908],