{"loss": [0.022863097488880157, 0.026391075924038887, 0.045105546712875366, 0.04158264026045799, 0.024649053812026978, 0.026616308838129044, 0.02847798727452755, 0.0279446579515934, 0.02476479858160019, 0.02352563478052616, 0.026883136481046677, 0.027602573856711388, 0.02220131829380989, 0.02146642655134201, 0.02559102140367031, 0.025816207751631737, 0.023854700848460197, 0.023595063015818596, 0.020572492852807045, 0.020825976505875587, 0.02101404406130314, 0.021388091146945953, 0.023434923961758614, 0.021952839568257332, 0.022018540650606155, 0.021729514002799988, 0.019446440041065216, 0.02017403393983841, 0.02138650044798851, 0.020826004445552826, 0.018403515219688416, 0.019053401425480843, 0.021332597360014915, 0.02004353702068329, 0.018649490550160408, 0.01945297047495842, 0.018299415707588196, 0.01900770328938961, 0.021015191450715065, 0.01982712931931019, 0.019454646855592728, 0.019349925220012665, 0.01984664984047413, 0.019560156390070915, 0.018405403941869736, 0.01899632066488266, 0.01957998238503933, 0.019386742264032364, 0.018765456974506378, 0.019917037338018417, 0.021175876259803772, 0.020233221352100372, 0.01969267800450325, 0.019452162086963654, 0.02014981210231781, 0.020114803686738014, 0.021493935957551003, 0.019913259893655777, 0.020920420065522194, 0.021546632051467896], "position_loss": [0.009776932187378407, 0.011551503092050552, 0.020534781739115715, 0.018918264657258987, 0.010660028085112572, 0.011569226160645485, 0.012521776370704174, 0.012271527200937271, 0.010351993143558502, 0.00985930860042572, 0.011537554673850536, 0.011907225474715233, 0.009263448417186737, 0.008938300423324108, 0.011120735667645931, 0.011201594024896622, 0.01022010762244463, 0.010114073753356934, 0.008526964113116264, 0.008678204379975796, 0.008819774724543095, 0.009007052518427372, 0.010011139325797558, 0.009359510615468025, 0.009423594921827316, 0.009289054200053215, 0.008110580034554005, 0.008460275828838348, 0.008982672356069088, 0.008742241188883781, 0.007591484114527702, 0.007874628528952599, 0.008991715498268604, 0.00844038650393486, 0.007764869369566441, 0.008094421587884426, 0.007561985403299332, 0.00784828420728445, 0.00879195611923933, 0.008281707763671875, 0.008039282634854317, 0.008000645786523819, 0.008195686154067516, 0.008072501048445702, 0.0075813401490449905, 0.007821034640073776, 0.008079387247562408, 0.007984751835465431, 0.007774979341775179, 0.008243277668952942, 0.008736971765756607, 0.00836403202265501, 0.007981674745678902, 0.007863576523959637, 0.008333023637533188, 0.008281280286610126, 0.00879628211259842, 0.008149881847202778, 0.008613002486526966, 0.008920956403017044], "gru_regularizer_loss": [0.15721940994262695, 0.15821292996406555, 0.17648716270923615, 0.16473248600959778, 0.15476937592029572, 0.15932758152484894, 0.16047042608261108, 0.15882521867752075, 0.18051591515541077, 0.17081496119499207, 0.16873063147068024, 0.16879087686538696, 0.1688442826271057, 0.1640051007270813, 0.15806624293327332, 0.15967057645320892, 0.16228753328323364, 0.16015441715717316, 0.16511152684688568, 0.16283461451530457, 0.159596249461174, 0.16019685566425323, 0.16594171524047852, 0.15779487788677216, 0.1547553688287735, 0.15328159928321838, 0.15843944251537323, 0.15932172536849976, 0.16438280045986176, 0.15962718427181244, 0.1531013399362564, 0.15697458386421204, 0.16148929297924042, 0.153603658080101, 0.15133726596832275, 0.15625981986522675, 0.15250372886657715, 0.15709532797336578, 0.16368262469768524, 0.1559649109840393, 0.15922991931438446, 0.15745800733566284, 0.1615496277809143, 0.1594427227973938, 0.15311670303344727, 0.15733537077903748, 0.16093379259109497, 0.1593644917011261, 0.15142512321472168, 0.15907889604568481, 0.1708848774433136, 0.16233140230178833, 0.16741099953651428, 0.1656835526227951, 0.16153591871261597, 0.1610686033964157, 0.1756286323070526, 0.16378307342529297, 0.1661107987165451, 0.16661204397678375], "l2_xdx_activation_loss": [0.0005786566180177033, 0.0005682906485162675, 0.0007566807908006012, 0.0006992397829890251, 0.0005934112123213708, 0.0006278364453464746, 0.0006095534772612154, 0.0006040933076292276, 0.0007515285396948457, 0.0006992666167207062, 0.0007065504905767739, 0.0006997150485403836, 0.0006616361206397414, 0.0006495682173408568, 0.0005892727640457451, 0.000605080567765981, 0.0005968469777144492, 0.0005881006945855916, 0.0006221257499419153, 0.0006133837159723043, 0.0005924869328737259, 0.0005903155542910099, 0.0005840525263920426, 0.000551599427126348, 0.0005409083678387105, 0.00053917255718261, 0.0005466052680276334, 0.0005530653870664537, 0.0005920857656747103, 0.0005813933676108718, 0.0005628206417895854, 0.000577775586862117, 0.0005777340847998857, 0.0005418852088041604, 0.0005351026775315404, 0.0005668194498866796, 0.0005497789243236184, 0.0005797036574222147, 0.0005977941327728331, 0.0005676646251231432, 0.0005942369461990893, 0.0005909946630708873, 0.0006129031535238028, 0.000606551649980247, 0.0005701620248146355, 0.0005932754720561206, 0.0006035990663804114, 0.0006075068959034979, 0.0005667245131917298, 0.000612873409409076, 0.0006640040664933622, 0.000626924040261656, 0.0006847152253612876, 0.0006890337099321187, 0.0006224447279237211, 0.0006468286155723035, 0.0007146710413508117, 0.0006581972120329738, 0.000677411095239222, 0.0006791746709495783]}