{"loss": [0.02270534634590149, 0.024560006335377693, 0.046767741441726685, 0.043471574783325195, 0.02711298316717148, 0.028579963371157646, 0.03220747411251068, 0.03231876716017723, 0.030506184324622154, 0.03027050755918026, 0.03327720984816551, 0.03128984197974205, 0.028420697897672653, 0.027118781581521034, 0.030137045308947563, 0.030399182811379433, 0.031394001096487045, 0.03174300491809845, 0.022014470770955086, 0.022047439590096474, 0.02926025539636612, 0.027715615928173065, 0.029681937769055367, 0.028724776580929756, 0.02337336167693138, 0.02279900573194027, 0.02433120086789131, 0.024964453652501106, 0.02161979302763939, 0.022837335243821144, 0.022183191031217575, 0.022808529436588287, 0.025590185075998306, 0.025730814784765244, 0.021001946181058884, 0.020702555775642395, 0.021627269685268402, 0.023404613137245178, 0.022105632349848747, 0.022072844207286835, 0.02053612284362316, 0.02076880633831024, 0.02281774953007698, 0.021852588281035423, 0.020677514374256134, 0.019578946754336357, 0.0206193458288908, 0.02100261114537716, 0.021924661472439766, 0.022180557250976562, 0.019619453698396683, 0.019589921459555626, 0.019588816910982132, 0.019508391618728638, 0.019785836338996887, 0.01915367692708969, 0.019875917583703995, 0.019310109317302704, 0.019005395472049713, 0.018716581165790558], "position_loss": [0.009579253382980824, 0.010536564514040947, 0.02161318250000477, 0.020054208114743233, 0.011647317558526993, 0.012433049269020557, 0.014033844694495201, 0.014103238470852375, 0.013443498872220516, 0.013345522806048393, 0.014694716781377792, 0.013818538747727871, 0.011976110748946667, 0.011502666398882866, 0.012925689108669758, 0.013143869116902351, 0.013786072842776775, 0.013992445543408394, 0.009106090292334557, 0.009132982231676579, 0.012690309435129166, 0.012019094079732895, 0.012978614307940006, 0.012509587220847607, 0.009903858415782452, 0.009679864160716534, 0.010458659380674362, 0.010784206911921501, 0.009281409904360771, 0.009816466830670834, 0.009434005245566368, 0.009724006056785583, 0.011089015752077103, 0.011144143529236317, 0.0087282070890069, 0.008645663969218731, 0.00912577286362648, 0.009970715269446373, 0.009341848082840443, 0.009341436438262463, 0.008601319044828415, 0.008673977106809616, 0.009467536583542824, 0.009091234765946865, 0.008452421054244041, 0.007999156601727009, 0.008581415750086308, 0.008756296709179878, 0.009179131127893925, 0.009314917959272861, 0.00808569323271513, 0.008074920624494553, 0.007923771627247334, 0.007925404235720634, 0.007994141429662704, 0.0077278390526771545, 0.00809705350548029, 0.0078677237033844, 0.007689177989959717, 0.007567159831523895], "gru_regularizer_loss": [0.1605088710784912, 0.15591923892498016, 0.15842711925506592, 0.15122608840465546, 0.16573038697242737, 0.16377098858356476, 0.17101852595806122, 0.1716408133506775, 0.16047152876853943, 0.15821194648742676, 0.16673855483531952, 0.15834586322307587, 0.18218299746513367, 0.16963884234428406, 0.17355972528457642, 0.16929346323013306, 0.1621890664100647, 0.16126471757888794, 0.16268789768218994, 0.16067399084568024, 0.16508400440216064, 0.15747246146202087, 0.15584245324134827, 0.15446048974990845, 0.15831194818019867, 0.15334399044513702, 0.15403011441230774, 0.15411855280399323, 0.14296533167362213, 0.1489325910806656, 0.150375097990036, 0.15154285728931427, 0.1516549289226532, 0.15253271162509918, 0.1597479283809662, 0.1545572280883789, 0.15017414093017578, 0.15528306365013123, 0.15565814077854156, 0.15382590889930725, 0.15083308517932892, 0.15268534421920776, 0.16571681201457977, 0.15782545506954193, 0.16484832763671875, 0.15717804431915283, 0.15444141626358032, 0.1552528738975525, 0.15669670701026917, 0.15698128938674927, 0.1566203236579895, 0.154971644282341, 0.16381843388080597, 0.1608651727437973, 0.16461461782455444, 0.15973018109798431, 0.16060951352119446, 0.15591788291931152, 0.15838004648685455, 0.15636229515075684], "l2_xdx_activation_loss": [0.0006469271029345691, 0.0006422382430173457, 0.000652044196613133, 0.0006166413659229875, 0.0007200242835097015, 0.000691727502271533, 0.0008095420198515058, 0.0007983025861904025, 0.0006711664027534425, 0.0006654565222561359, 0.0007398058078251779, 0.0006894445396028459, 0.0008818916394375265, 0.0008053629426285625, 0.000849698786623776, 0.0008058461826294661, 0.0007329977233894169, 0.0007148317527025938, 0.0007248130277730525, 0.0007245878223329782, 0.0007426073425449431, 0.0007005760562606156, 0.0007217701058834791, 0.0007200075779110193, 0.0006605169037356973, 0.0006349541945382953, 0.0006242019007913768, 0.000617959420196712, 0.0005421151872724295, 0.0005713673890568316, 0.000603484979365021, 0.0006147041567601264, 0.0006315432256087661, 0.0006387424073182046, 0.0006490263040177524, 0.0006215607281774282, 0.0006243362440727651, 0.0006364595028571784, 0.000621459970716387, 0.0006169125554151833, 0.0006080589955672622, 0.0006310076569207013, 0.0007415106520056725, 0.0006969620008021593, 0.0007077372865751386, 0.0006692918832413852, 0.0006370414048433304, 0.0006455045659095049, 0.0006661521620117128, 0.0006599777261726558, 0.0006269625155255198, 0.0006297954823821783, 0.000700704928021878, 0.0006826521130278707, 0.0007168106967583299, 0.0006999073084443808, 0.0006915798876434565, 0.0006715024937875569, 0.0006807540776208043, 0.0006725539569742978]}