{"loss": [0.022612841799855232, 0.02377956733107567, 0.04313623160123825, 0.04170861095190048, 0.022999286651611328, 0.023801280185580254, 0.029821310192346573, 0.028589019551873207, 0.028907911852002144, 0.028660794720053673, 0.02456945739686489, 0.024341389536857605, 0.024616017937660217, 0.024760369211435318, 0.024784186854958534, 0.02360168844461441, 0.023306071758270264, 0.023301903158426285, 0.02260330691933632, 0.02266664430499077, 0.02278054691851139, 0.022423306480050087, 0.02112097293138504, 0.021182185038924217, 0.02191663347184658, 0.020624332129955292, 0.021527275443077087, 0.021412888541817665, 0.019705794751644135, 0.019577745348215103, 0.021531805396080017, 0.020761243999004364, 0.020591527223587036, 0.01969417743384838, 0.019631467759609222, 0.020594872534275055, 0.02020733803510666, 0.02014152519404888, 0.020811423659324646, 0.020405352115631104, 0.019464310258626938, 0.018953030928969383, 0.01820661500096321, 0.018328731879591942, 0.01885027438402176, 0.018290063366293907, 0.018208477646112442, 0.019619986414909363, 0.01778392866253853, 0.017838506028056145, 0.019808407872915268, 0.020027069374918938, 0.020345935598015785, 0.019795896485447884, 0.021633870899677277, 0.019918357953429222, 0.020574137568473816, 0.020384320989251137, 0.0206106286495924, 0.019429823383688927], "position_loss": [0.00962245836853981, 0.010249955579638481, 0.019770290702581406, 0.01910540834069252, 0.009338383562862873, 0.009803824126720428, 0.012717537581920624, 0.012222353368997574, 0.012738926336169243, 0.012597541324794292, 0.01058432087302208, 0.010522044263780117, 0.010587372817099094, 0.010679134167730808, 0.010680138133466244, 0.01019006036221981, 0.01006285659968853, 0.010072778910398483, 0.009467294439673424, 0.009569095447659492, 0.009742542169988155, 0.009603125974535942, 0.008970321156084538, 0.009027761407196522, 0.009312557987868786, 0.008740401826798916, 0.009086856618523598, 0.009077329188585281, 0.00814120564609766, 0.008106707595288754, 0.009184285998344421, 0.008844111114740372, 0.008506129495799541, 0.008154426701366901, 0.008103186264634132, 0.008551092818379402, 0.008414043113589287, 0.008401598781347275, 0.008809953927993774, 0.008613906800746918, 0.00789086427539587, 0.007699862122535706, 0.0075074792839586735, 0.007575395051389933, 0.007734799757599831, 0.007501619402319193, 0.0074108014814555645, 0.008068731985986233, 0.007258625701069832, 0.007301130332052708, 0.008396074175834656, 0.008474879898130894, 0.008364519104361534, 0.008167670108377934, 0.008992421440780163, 0.00825880654156208, 0.008636292070150375, 0.008556999266147614, 0.008630647324025631, 0.008117780089378357], "gru_regularizer_loss": [0.14228613674640656, 0.13992637395858765, 0.15191131830215454, 0.1473841369152069, 0.16150127351284027, 0.15811774134635925, 0.16183318197727203, 0.15545670688152313, 0.1421246975660324, 0.14148280024528503, 0.1420743763446808, 0.13805001974105835, 0.14118756353855133, 0.14105293154716492, 0.14680010080337524, 0.139735609292984, 0.13729146122932434, 0.1372179239988327, 0.1451544463634491, 0.1419852375984192, 0.13816317915916443, 0.1360422968864441, 0.13836801052093506, 0.13639964163303375, 0.14223212003707886, 0.13595803081989288, 0.1391013264656067, 0.13682623207569122, 0.1406921148300171, 0.13875581324100494, 0.13771602511405945, 0.13403648138046265, 0.14822711050510406, 0.14131733775138855, 0.13826081156730652, 0.1413237750530243, 0.1410006731748581, 0.13954998552799225, 0.13843034207820892, 0.1371086984872818, 0.14590491354465485, 0.14144267141819, 0.1373322457075119, 0.1357656568288803, 0.14278888702392578, 0.1385606974363327, 0.1359534114599228, 0.1407390981912613, 0.13874883949756622, 0.13736414909362793, 0.13299213349819183, 0.13436710834503174, 0.14684954285621643, 0.1419415920972824, 0.14848192036151886, 0.1393647938966751, 0.13951478898525238, 0.1382000893354416, 0.14351025223731995, 0.13718992471694946], "l2_xdx_activation_loss": [0.0006480187294073403, 0.0006264614639803767, 0.0006918426370248199, 0.0006743154372088611, 0.0009021659498102963, 0.0008704816573299468, 0.00092229840811342, 0.0008629129151813686, 0.0006692676688544452, 0.0006832919316366315, 0.0006596872117370367, 0.0006385970045812428, 0.0006761288386769593, 0.0006635204772464931, 0.0006516332505270839, 0.0006077336729504168, 0.0006021446897648275, 0.0005943857249803841, 0.0007387211662717164, 0.0007025309023447335, 0.0006376068340614438, 0.0006185404490679502, 0.0005985466996207833, 0.0005872184410691261, 0.0006227281410247087, 0.0005943128489889205, 0.0006538458983413875, 0.0006296528154052794, 0.0006718169897794724, 0.0006585869123227894, 0.0005950206541456282, 0.0005772157455794513, 0.0006986621883697808, 0.00065704615553841, 0.0006804921431466937, 0.0006928126094862819, 0.0006560772890225053, 0.0006472722161561251, 0.0006020673899911344, 0.000601813429966569, 0.0007408403907902539, 0.000712622597347945, 0.0006057738210074604, 0.0006064242916181684, 0.0006505908095277846, 0.0006334015051834285, 0.0006754420464858413, 0.0006913722027093172, 0.0006260584341362119, 0.000620530336163938, 0.0005617752904072404, 0.0005775422905571759, 0.0007157963700592518, 0.0006800424307584763, 0.0007210650946944952, 0.0006686946144327521, 0.0006351309129968286, 0.000629102811217308, 0.000637739198282361, 0.0006071159732528031]}