{"loss": [0.0212459247559309, 0.024919217452406883, 0.04311778023838997, 0.041021928191185, 0.029454737901687622, 0.028528878465294838, 0.031394112855196, 0.03121977299451828, 0.027954719960689545, 0.027089906856417656, 0.03047598898410797, 0.030079951509833336, 0.02988104149699211, 0.029408594593405724, 0.027607683092355728, 0.027377832680940628, 0.022480502724647522, 0.022626176476478577, 0.02392110601067543, 0.024467961862683296, 0.02240140736103058, 0.02292117103934288, 0.021691953763365746, 0.0221592728048563, 0.022249214351177216, 0.022187357768416405, 0.020459147170186043, 0.021037142723798752, 0.021258262917399406, 0.02142505533993244, 0.02087881788611412, 0.02068454772233963, 0.021214406937360764, 0.02048954926431179, 0.021551135927438736, 0.021310310810804367, 0.018830986693501472, 0.019201582297682762, 0.019681796431541443, 0.01979871653020382, 0.01836089789867401, 0.019179245457053185, 0.018805157393217087, 0.01867568865418434, 0.02118851989507675, 0.020461861044168472, 0.019055699929594994, 0.018355246633291245, 0.019679918885231018, 0.01904458925127983, 0.02089688740670681, 0.020807746797800064, 0.02025945670902729, 0.019134288653731346, 0.021502334624528885, 0.020341001451015472, 0.018373481929302216, 0.018776487559080124, 0.020988021045923233, 0.019384289160370827], "position_loss": [0.008770020678639412, 0.010520705953240395, 0.019735384732484818, 0.018701573833823204, 0.012689488008618355, 0.012356962077319622, 0.013695547357201576, 0.013630367815494537, 0.011938204988837242, 0.011519050225615501, 0.013357878662645817, 0.013057144358754158, 0.0132169583812356, 0.012925595045089722, 0.01207828987389803, 0.011982140131294727, 0.009500006213784218, 0.009612152352929115, 0.01022325549274683, 0.010507944040000439, 0.009474596939980984, 0.009755250066518784, 0.009236719459295273, 0.009461315348744392, 0.009493117220699787, 0.009449755772948265, 0.008577216416597366, 0.008875996805727482, 0.008938605897128582, 0.009039475582540035, 0.008724328130483627, 0.008650233037769794, 0.008830993436276913, 0.00853019766509533, 0.008862920105457306, 0.00878160446882248, 0.007632947061210871, 0.007786193862557411, 0.008060145191848278, 0.008070407435297966, 0.007545533590018749, 0.007877621799707413, 0.007535083219408989, 0.0074720000848174095, 0.008694831281900406, 0.008376861922442913, 0.007626467850059271, 0.007350969593971968, 0.007980537600815296, 0.00769319711253047, 0.008759057149291039, 0.008717428892850876, 0.008248566649854183, 0.007778724655508995, 0.008810469880700111, 0.008342121727764606, 0.007436287589371204, 0.007614193484187126, 0.008600822649896145, 0.007926740683615208], "gru_regularizer_loss": [0.1528388261795044, 0.15492847561836243, 0.15151110291481018, 0.1498727798461914, 0.1661718785762787, 0.15708915889263153, 0.16102318465709686, 0.15880396962165833, 0.16223272681236267, 0.15815941989421844, 0.1493130326271057, 0.15322986245155334, 0.14652778208255768, 0.14930063486099243, 0.14968493580818176, 0.1479119509458542, 0.15287750959396362, 0.1502874493598938, 0.150822252035141, 0.1508827954530716, 0.15341444313526154, 0.15279428660869598, 0.14796088635921478, 0.14841173589229584, 0.14711931347846985, 0.1476713865995407, 0.14600113034248352, 0.14618805050849915, 0.14772284030914307, 0.14760681986808777, 0.15046030282974243, 0.14818543195724487, 0.15309515595436096, 0.1481059342622757, 0.15483903884887695, 0.15244920551776886, 0.14789776504039764, 0.14932328462600708, 0.14554455876350403, 0.1478225588798523, 0.13976973295211792, 0.14467981457710266, 0.1516806036233902, 0.15016600489616394, 0.1548721045255661, 0.150437131524086, 0.15506874024868011, 0.1497318148612976, 0.15363915264606476, 0.1495092809200287, 0.14813533425331116, 0.14655759930610657, 0.15745602548122406, 0.1495913565158844, 0.15952782332897186, 0.15115661919116974, 0.147793248295784, 0.14883141219615936, 0.16086825728416443, 0.14992846548557281], "l2_xdx_activation_loss": [0.0007254755473695695, 0.0007758176070638001, 0.000710277643520385, 0.0007063286029733717, 0.0008043240522965789, 0.0007476644241251051, 0.0007972381426952779, 0.0007899755146354437, 0.0008183041936717927, 0.0008230477687902749, 0.0007553439354524016, 0.0008107653120532632, 0.0006602586363442242, 0.000687776249833405, 0.0006510608363896608, 0.000644453102722764, 0.0006502145552076399, 0.0006326423608697951, 0.0006551005644723773, 0.0006473916582763195, 0.000638999103102833, 0.0006272184546105564, 0.0005792780430056155, 0.0005838180659338832, 0.0005969050689600408, 0.0006033531972207129, 0.000614543620031327, 0.0006073990371078253, 0.0006342505803331733, 0.0006229885038919747, 0.0006414951058104634, 0.000633718038443476, 0.0006734657799825072, 0.0006490073283202946, 0.0007586103747598827, 0.0007405118085443974, 0.0006950139068067074, 0.0007116298656910658, 0.0007016626768745482, 0.0007262012804858387, 0.0006236866465769708, 0.0006587094394490123, 0.0007390374667011201, 0.0007429848774336278, 0.0007496879552491009, 0.0007342308526858687, 0.0007503342349082232, 0.0007183054694905877, 0.0007271263748407364, 0.0007206763839349151, 0.0006321152322925627, 0.0006354126380756497, 0.0007288961205631495, 0.0006932829855941236, 0.000761680887080729, 0.0007147057913243771, 0.0006739668897353113, 0.0006862371228635311, 0.0007255395757965744, 0.0006768160965293646]}