{"loss": [0.023188026621937752, 0.024202072992920876, 0.044135190546512604, 0.04378671944141388, 0.025975419208407402, 0.025729011744260788, 0.029835902154445648, 0.028630994260311127, 0.028222599998116493, 0.02755049616098404, 0.02560441754758358, 0.02442728355526924, 0.0228562131524086, 0.02263806201517582, 0.026960548013448715, 0.02712087146937847, 0.025925960391759872, 0.02502698265016079, 0.02379797026515007, 0.02342015877366066, 0.021533209830522537, 0.022970393300056458, 0.02369014546275139, 0.022472813725471497, 0.023483768105506897, 0.02310880646109581, 0.02393251284956932, 0.022713052108883858, 0.02043549157679081, 0.01993350125849247, 0.02101905830204487, 0.021173667162656784, 0.02022514119744301, 0.019744370132684708, 0.02061198651790619, 0.019956765696406364, 0.017915545031428337, 0.018380284309387207, 0.01927046850323677, 0.018657825887203217, 0.019754815846681595, 0.020089847967028618, 0.020133215934038162, 0.019528893753886223, 0.018500028178095818, 0.01837095431983471, 0.017879854887723923, 0.018358467146754265, 0.01924235001206398, 0.018587252125144005, 0.018811902031302452, 0.01817852444946766, 0.017650779336690903, 0.01814238540828228, 0.017397964373230934, 0.018238810822367668, 0.018872512504458427, 0.01923457719385624, 0.01622122898697853, 0.018328484147787094], "position_loss": [0.009901706129312515, 0.010436208918690681, 0.019722118973731995, 0.019638560712337494, 0.010908884927630424, 0.01081146765500307, 0.013170203194022179, 0.012617692351341248, 0.0124227749183774, 0.012132126837968826, 0.011020674370229244, 0.010520127601921558, 0.009722050279378891, 0.009667827747762203, 0.011934992857277393, 0.011983250267803669, 0.01122344471514225, 0.010872689075767994, 0.010133480653166771, 0.010003339499235153, 0.009272526018321514, 0.009936784394085407, 0.010129383765161037, 0.009608905762434006, 0.010049712844192982, 0.009889557026326656, 0.010269454680383205, 0.009747960604727268, 0.008528032340109348, 0.008327130228281021, 0.008735386654734612, 0.008835081942379475, 0.008331427350640297, 0.008145015686750412, 0.00842635054141283, 0.008157182484865189, 0.007294418290257454, 0.007507272996008396, 0.007849463261663914, 0.007592346053570509, 0.00804647896438837, 0.008203770965337753, 0.00828503631055355, 0.00802476704120636, 0.007544392254203558, 0.007494262419641018, 0.0071777403354644775, 0.007409670390188694, 0.007748222444206476, 0.007494897581636906, 0.0075820935890078545, 0.007326062303036451, 0.007060083094984293, 0.00728343240916729, 0.007009887136518955, 0.0073873549699783325, 0.007792061660438776, 0.007951430045068264, 0.006495267152786255, 0.007446771487593651], "gru_regularizer_loss": [0.15184175968170166, 0.15021869540214539, 0.17816704511642456, 0.17563682794570923, 0.1695004105567932, 0.1674138754606247, 0.1561458855867386, 0.15054333209991455, 0.1528673768043518, 0.1491030901670456, 0.16174858808517456, 0.15457463264465332, 0.158646821975708, 0.1540914922952652, 0.14962084591388702, 0.15270905196666718, 0.16485583782196045, 0.15696242451667786, 0.16222959756851196, 0.1587645411491394, 0.1446649432182312, 0.14980699121952057, 0.16021518409252167, 0.1528916358947754, 0.1553882211446762, 0.15327665209770203, 0.15940448641777039, 0.15218910574913025, 0.1576547920703888, 0.1531580090522766, 0.1577949821949005, 0.15738657116889954, 0.16062600910663605, 0.1560511738061905, 0.16306349635124207, 0.1584213823080063, 0.14995282888412476, 0.15139004588127136, 0.15925732254981995, 0.1550034135580063, 0.15875846147537231, 0.1595466434955597, 0.1585519015789032, 0.15450242161750793, 0.15471738576889038, 0.15316957235336304, 0.15567481517791748, 0.15635010600090027, 0.16418834030628204, 0.15893596410751343, 0.16183529794216156, 0.15701350569725037, 0.1563575565814972, 0.15749946236610413, 0.15084686875343323, 0.1544388234615326, 0.1521189659833908, 0.15328554809093475, 0.14614899456501007, 0.1547393798828125], "l2_xdx_activation_loss": [0.0006217218469828367, 0.0006088127847760916, 0.0009694178006611764, 0.0009174010483548045, 0.0008205380290746689, 0.0008103016880340874, 0.0006443339516408741, 0.0006297143991105258, 0.000615781347732991, 0.0005980597343295813, 0.0006481832824647427, 0.0006134159048087895, 0.0006082031759433448, 0.0005868190783075988, 0.0005311066634021699, 0.0005420822999440134, 0.0006098265293985605, 0.0005703152273781598, 0.0006358931423164904, 0.0006082670297473669, 0.00051349145360291, 0.0005325733800418675, 0.0006093973061069846, 0.0005750166019424796, 0.0006098086014389992, 0.000598630984313786, 0.0005995077663101256, 0.0005647346843034029, 0.000600614002905786, 0.0005822080420330167, 0.0006564332288689911, 0.000642866943962872, 0.0006516640423797071, 0.0006309312884695828, 0.000709205458406359, 0.0006857172702439129, 0.0006087145302444696, 0.0006169339176267385, 0.0006593108410015702, 0.0006406878237612545, 0.0006910788943059742, 0.0006952679250389338, 0.0006588621181435883, 0.0006444324390031397, 0.0006210106075741351, 0.0006165653467178345, 0.0006555291474796832, 0.0006581958150491118, 0.0007009944529272616, 0.0006690198788419366, 0.0006761081167496741, 0.0006517423898912966, 0.0006553333369083703, 0.0006664960528723896, 0.0006228944403119385, 0.0006395581876859069, 0.0005887208390049636, 0.0005992752267047763, 0.0005893884808756411, 0.0006288359290920198]}