{"loss": [0.01952642947435379, 0.023498527705669403, 0.03160260245203972, 0.0307816993445158, 0.03287680074572563, 0.03161915764212608, 0.03007654845714569, 0.029362907633185387, 0.0196935273706913, 0.02072223462164402, 0.025640513747930527, 0.02561698481440544, 0.022125916555523872, 0.022605309262871742, 0.022097086533904076, 0.02166418358683586, 0.02144620195031166, 0.02219461463391781, 0.021062593907117844, 0.021163715049624443, 0.021063601598143578, 0.021299801766872406, 0.020848814398050308, 0.02135281264781952, 0.018400678411126137, 0.01971488445997238, 0.020105211064219475, 0.02039513736963272, 0.020979180932044983, 0.020487714558839798, 0.019693443551659584, 0.019448257982730865, 0.01886661909520626, 0.019854890182614326, 0.018005210906267166, 0.018143851310014725, 0.01844310760498047, 0.018638500943779945, 0.01901848614215851, 0.01913214474916458, 0.016567610204219818, 0.01665637269616127, 0.016994481906294823, 0.017220446839928627, 0.017569275572896004, 0.017984645441174507, 0.016729990020394325, 0.01710602082312107, 0.01804506406188011, 0.017528992146253586, 0.017634859308600426, 0.016699792817234993, 0.017025012522935867, 0.017791084945201874, 0.01691659539937973, 0.01642545312643051, 0.016813378781080246, 0.01670006476342678, 0.01610034517943859, 0.01689966395497322, 0.01646518148481846, 0.0169157013297081, 0.016941625624895096, 0.01653245836496353, 0.01685241609811783, 0.016537006944417953, 0.01812429539859295, 0.01795218698680401, 0.01716615818440914, 0.01695440337061882, 0.016562415286898613, 0.017002910375595093, 0.016660470515489578, 0.016581455245614052, 0.018449530005455017, 0.018254479393363, 0.01599700003862381, 0.01604764349758625, 0.01678115874528885, 0.01692928746342659, 0.017715249210596085, 0.01769886165857315, 0.017928829416632652, 0.017315728589892387, 0.016839560121297836, 0.01615372858941555, 0.016785508021712303, 0.016606809571385384, 0.015401791781187057, 0.01622358337044716, 0.01582873798906803, 0.016208458691835403, 0.01609659567475319, 0.015246565453708172, 0.015821989625692368, 0.016156665980815887, 0.017153998836874962, 0.016755713149905205, 0.016315778717398643, 0.015714190900325775], "position_loss": [0.008370582014322281, 0.0102737657725811, 0.014132813550531864, 0.013782856985926628, 0.014675239101052284, 0.01406554039567709, 0.013495929539203644, 0.013172482140362263, 0.008325813338160515, 0.008871770463883877, 0.0111209936439991, 0.011181586422026157, 0.009558334946632385, 0.009804017841815948, 0.00964384526014328, 0.009463034570217133, 0.009397230111062527, 0.009675044566392899, 0.009206562303006649, 0.009214956313371658, 0.009189542382955551, 0.009287919849157333, 0.009126451797783375, 0.009322388097643852, 0.007993106730282307, 0.00854412093758583, 0.008696101605892181, 0.008831474930047989, 0.009028028696775436, 0.008823856711387634, 0.00836703460663557, 0.008246303535997868, 0.008208437822759151, 0.008581049740314484, 0.00766745675355196, 0.007701841648668051, 0.007840428501367569, 0.007896710187196732, 0.008074208162724972, 0.008119539357721806, 0.006933262571692467, 0.006978986784815788, 0.007149604149162769, 0.007234740536659956, 0.007350585423409939, 0.007511582691222429, 0.0069979773834347725, 0.007139246445149183, 0.007582530844956636, 0.007340302225202322, 0.007352856453508139, 0.006961454171687365, 0.007148939184844494, 0.007470831274986267, 0.007053314242511988, 0.006827392615377903, 0.007016205694526434, 0.006959776859730482, 0.006659219972789288, 0.007001977879554033, 0.006874371785670519, 0.007078895345330238, 0.007079976610839367, 0.006919148378074169, 0.006974417716264725, 0.0068562449887394905, 0.007621336728334427, 0.007536447606980801, 0.007110503502190113, 0.007020475342869759, 0.006856230553239584, 0.007046783342957497, 0.0068649109452962875, 0.0068574626930058, 0.007724838797003031, 0.007638712879270315, 0.006559011992067099, 0.00657379487529397, 0.00694443890824914, 0.006999609526246786, 0.007388323545455933, 0.0073967925272881985, 0.0074800183065235615, 0.0072156586684286594, 0.00696851871907711, 0.00670153833925724, 0.006913180463016033, 0.00683595659211278, 0.006282163318246603, 0.006623358931392431, 0.006512047257274389, 0.006672516465187073, 0.0065188477747142315, 0.0061794789507985115, 0.0065103815868496895, 0.006640252191573381, 0.0070336549542844296, 0.006879690568894148, 0.006639404222369194, 0.006399068050086498], "gru_regularizer_loss": [0.10654440522193909, 0.1107918918132782, 0.11682072281837463, 0.11319797486066818, 0.11820672452449799, 0.1153358593583107, 0.11320909857749939, 0.11164803057909012, 0.11318211257457733, 0.11279764771461487, 0.11955878138542175, 0.11661570519208908, 0.11208958923816681, 0.11223038285970688, 0.11137618869543076, 0.1081971600651741, 0.10271358489990234, 0.10707473754882812, 0.10541665554046631, 0.10732796788215637, 0.10639059543609619, 0.10614849627017975, 0.10174615681171417, 0.10538987815380096, 0.09776023030281067, 0.10379794239997864, 0.10622730851173401, 0.10705452412366867, 0.11269991844892502, 0.1093912273645401, 0.11112736165523529, 0.11016461253166199, 0.09830500185489655, 0.10489767789840698, 0.10476632416248322, 0.10639362782239914, 0.10729904472827911, 0.10879144072532654, 0.1079728752374649, 0.10878917574882507, 0.10662283003330231, 0.10581457614898682, 0.10516630113124847, 0.10637232661247253, 0.10763876140117645, 0.1090879887342453, 0.10570260882377625, 0.10729990899562836, 0.11004748195409775, 0.1074230819940567, 0.11267799884080887, 0.107362300157547, 0.10359317064285278, 0.10704921185970306, 0.10977191478013992, 0.10709630697965622, 0.10693523287773132, 0.10618792474269867, 0.10520539432764053, 0.10824084281921387, 0.1078663021326065, 0.10862401872873306, 0.11044005304574966, 0.10705522447824478, 0.11054184287786484, 0.10750392079353333, 0.10965543985366821, 0.10875405371189117, 0.10934674739837646, 0.10842239856719971, 0.10814683139324188, 0.109551340341568, 0.11115910112857819, 0.10965195298194885, 0.11183267831802368, 0.11049901694059372, 0.11031395941972733, 0.10971295833587646, 0.10726912319660187, 0.10848429054021835, 0.1113407164812088, 0.10997751355171204, 0.11358001828193665, 0.11009722948074341, 0.11321207135915756, 0.10781317204236984, 0.11068613827228546, 0.10963025689125061, 0.10592903941869736, 0.10942482948303223, 0.10796922445297241, 0.10917025804519653, 0.11494757235050201, 0.10938774794340134, 0.10828131437301636, 0.1093602105975151, 0.11315567791461945, 0.1099483072757721, 0.11288858205080032, 0.1093655452132225],