{"loss": [0.023612085729837418, 0.02592388167977333, 0.03926654905080795, 0.03881002962589264, 0.02087513543665409, 0.02186327986419201, 0.030846241861581802, 0.029845641925930977, 0.019654586911201477, 0.0193086639046669, 0.024351241067051888, 0.02478666417300701, 0.02221401035785675, 0.021487869322299957, 0.022595558315515518, 0.023150833323597908, 0.021396800875663757, 0.021049384027719498, 0.02028295211493969, 0.02103455178439617, 0.0224186722189188, 0.021674640476703644, 0.02025456726551056, 0.02000795304775238, 0.01892378367483616, 0.01946834847331047, 0.01801162213087082, 0.01808633655309677, 0.01956380158662796, 0.018891727551817894, 0.01818210445344448, 0.019416121765971184, 0.018367484211921692, 0.019209545105695724, 0.020825034007430077, 0.019689537584781647, 0.018421825021505356, 0.019303493201732635, 0.02066131681203842, 0.019244307652115822, 0.019949601963162422, 0.020591944456100464, 0.019984662532806396, 0.02037850022315979, 0.01878543570637703, 0.019340448081493378, 0.019854987040162086, 0.019587457180023193, 0.018433071672916412, 0.01877008192241192, 0.019943062216043472, 0.01907952129840851, 0.01681760884821415, 0.016837116330862045, 0.017211440950632095, 0.016543129459023476, 0.019889386370778084, 0.018855275586247444, 0.018659211695194244, 0.01825878582894802, 0.01857232302427292, 0.018811311572790146, 0.01683622971177101, 0.01657814532518387, 0.017472634091973305, 0.01725655049085617, 0.017779218032956123, 0.017542587593197823, 0.01655868999660015, 0.016177989542484283, 0.017015283927321434, 0.01608850806951523, 0.018329167738556862, 0.017665760591626167, 0.016901222988963127, 0.016400132328271866, 0.01603087969124317, 0.015919692814350128, 0.01724281907081604, 0.017037251964211464, 0.015620377846062183, 0.015720536932349205, 0.015781892463564873, 0.01606055721640587, 0.016803553327918053, 0.015912242233753204, 0.01608908735215664, 0.015888139605522156, 0.015609154477715492, 0.015165049582719803, 0.015743358060717583, 0.015754459425807, 0.01707787998020649, 0.01614445634186268, 0.015053183771669865, 0.01585209369659424, 0.01652599312365055, 0.015945598483085632, 0.015117675065994263, 0.01553781982511282], "position_loss": [0.01017266046255827, 0.011384431272745132, 0.0180593803524971, 0.01784673146903515, 0.008933956734836102, 0.009378047659993172, 0.013866779394447803, 0.01340385153889656, 0.008294783532619476, 0.008189350366592407, 0.010582588613033295, 0.01081572100520134, 0.009571747854351997, 0.009250815026462078, 0.009817743673920631, 0.010032782331109047, 0.009191188961267471, 0.009011978283524513, 0.008707952685654163, 0.009007787331938744, 0.009642340242862701, 0.00932857021689415, 0.008582196198403835, 0.008492100983858109, 0.008069146424531937, 0.008309289813041687, 0.007530933246016502, 0.007589090149849653, 0.008182542398571968, 0.007903692312538624, 0.007643279619514942, 0.008131386712193489, 0.007713584695011377, 0.008098707534372807, 0.008775380440056324, 0.008265840820968151, 0.007771625649183989, 0.00809293519705534, 0.008676337078213692, 0.008092731237411499, 0.008454046212136745, 0.008789880201220512, 0.008583084680140018, 0.008755362592637539, 0.007992557249963284, 0.008184660226106644, 0.008558515459299088, 0.008393260650336742, 0.00781735684722662, 0.007964369840919971, 0.008527737110853195, 0.008146458305418491, 0.0070156194269657135, 0.00700945733115077, 0.00715910317376256, 0.006875953637063503, 0.008434930816292763, 0.007980545982718468, 0.007871784269809723, 0.007687315344810486, 0.007932725362479687, 0.008008811622858047, 0.00696773873642087, 0.00688005518168211, 0.007301860488951206, 0.007211913820356131, 0.007419498171657324, 0.007311994209885597, 0.006800726521760225, 0.006646167952567339, 0.007026891689747572, 0.006635697558522224, 0.007633157540112734, 0.0073153432458639145, 0.006914650090038776, 0.0067090680822730064, 0.00654136436060071, 0.006488438230007887, 0.007088764104992151, 0.007006535306572914, 0.006388119887560606, 0.006433448754251003, 0.006476091220974922, 0.006574949715286493, 0.006876338738948107, 0.0064970962703228, 0.006565371062606573, 0.006481525953859091, 0.006316497456282377, 0.0061467234045267105, 0.006418548058718443, 0.006412247195839882, 0.006997500546276569, 0.006595073267817497, 0.006169596686959267, 0.006487320177257061, 0.006847220007330179, 0.006584798451513052, 0.006143280304968357, 0.00630941241979599], "gru_regularizer_loss": [0.13593320548534393, 0.1313525289297104, 0.1323801726102829, 0.13206332921981812, 0.12512102723121643, 0.12673646211624146, 0.1294877827167511, 0.12553970515727997, 0.13111400604248047, 0.12652407586574554, 0.13183611631393433, 0.1314041018486023, 0.13114571571350098, 0.1270703673362732, 0.12352069467306137, 0.12553180754184723, 0.12558569014072418, 0.12456916272640228, 0.11862459778785706, 0.12281420826911926, 0.1292891651391983, 0.12499330937862396, 0.12788258492946625, 0.1255439668893814, 0.121400386095047, 0.1222226619720459, 0.12644065916538239, 0.12439563870429993, 0.1336563378572464, 0.12884028255939484, 0.11764197051525116, 0.1244053989648819, 0.12354771047830582, 0.12469225376844406, 0.13149656355381012, 0.12556982040405273, 0.11872205138206482, 0.1234898716211319, 0.1358742117881775, 0.12659099698066711, 0.12783101201057434, 0.127413809299469, 0.12402056157588959, 0.12461312860250473, 0.12038387358188629, 0.12264510244131088, 0.12181294709444046, 0.12128385156393051, 0.12055517733097076, 0.12170195579528809, 0.12611760199069977, 0.12218385189771652, 0.12315893173217773, 0.12218109518289566, 0.1270892322063446, 0.12326294928789139, 0.12862248718738556, 0.12290094792842865, 0.12502755224704742, 0.12189242243766785, 0.11942274868488312, 0.1210535392165184, 0.12645244598388672, 0.12255287170410156, 0.12637589871883392, 0.1244158074259758, 0.1270177662372589, 0.12525583803653717, 0.12698054313659668, 0.12330397963523865, 0.13047240674495697, 0.12427576631307602, 0.12972483038902283, 0.12643754482269287, 0.13052989542484283, 0.12653662264347076, 0.12514036893844604, 0.12390821427106857, 0.12876522541046143, 0.12673088908195496, 0.12454167008399963, 0.12326601892709732, 0.1222543865442276, 0.12360768765211105, 0.12984821200370789, 0.12380722165107727, 0.1260627806186676, 0.12452074140310287, 0.12964682281017303, 0.1253754198551178, 0.12665949761867523, 0.12555864453315735, 0.13044120371341705, 0.12440943717956543, 0.12013301253318787, 0.12398593872785568, 0.12735116481781006, 0.1236969605088234, 0.12249662727117538, 0.12396553158760071],