{"loss": [0.022183401510119438, 0.02437012456357479, 0.037508267909288406, 0.03597457706928253, 0.03405775874853134, 0.033744681626558304, 0.0299127958714962, 0.029279358685016632, 0.030440500006079674, 0.030704928562045097, 0.03488006442785263, 0.03470071032643318, 0.026646094396710396, 0.02660878747701645, 0.027277454733848572, 0.026960251852869987, 0.022725176066160202, 0.022682109847664833, 0.02688828855752945, 0.026181720197200775, 0.024047313258051872, 0.02357635647058487, 0.02170519158244133, 0.021114949136972427, 0.020037800073623657, 0.020463891327381134, 0.021995194256305695, 0.021633662283420563, 0.020293768495321274, 0.019620446488261223, 0.020991969853639603, 0.020915113389492035, 0.020580684766173363, 0.020329050719738007, 0.02040189690887928, 0.019657379016280174, 0.01763804629445076, 0.018443536013364792, 0.018119990825653076, 0.018407553434371948, 0.01863246224820614, 0.018889788538217545, 0.0205511674284935, 0.020403988659381866, 0.020358741283416748, 0.019451849162578583, 0.019342666491866112, 0.01948765479028225, 0.01885310560464859, 0.018471883609890938, 0.01933186501264572, 0.01833881437778473, 0.01912611722946167, 0.018546447157859802, 0.018332526087760925, 0.017770670354366302, 0.018531570211052895, 0.017947010695934296, 0.01851842738687992, 0.018870342522859573], "position_loss": [0.009351521730422974, 0.010462572798132896, 0.016913091763854027, 0.016212085261940956, 0.015368152409791946, 0.015215065330266953, 0.013100025244057178, 0.012864332646131516, 0.01286610122770071, 0.013148529455065727, 0.015407664701342583, 0.015370617620646954, 0.011172749102115631, 0.011234532110393047, 0.011755768209695816, 0.011626709252595901, 0.009576533921062946, 0.009560780599713326, 0.01163063570857048, 0.011324656195938587, 0.010286808013916016, 0.010042679496109486, 0.009029662236571312, 0.008787723258137703, 0.008237241767346859, 0.008455893024802208, 0.00914770271629095, 0.009032615460455418, 0.008355232886970043, 0.008091630414128304, 0.008711863309144974, 0.008669644594192505, 0.008553252555429935, 0.008433018811047077, 0.008417414501309395, 0.008112858980894089, 0.00712483748793602, 0.007495485246181488, 0.007297643925994635, 0.007420639041811228, 0.00757830124348402, 0.007685097400099039, 0.008479653857648373, 0.008396322838962078, 0.008338933810591698, 0.007958258502185345, 0.008043747395277023, 0.008086787536740303, 0.007601610384881496, 0.00746248010545969, 0.007831338793039322, 0.007415412925183773, 0.007772148121148348, 0.007529112044721842, 0.007380744442343712, 0.007155703380703926, 0.007383931893855333, 0.00715203583240509, 0.007506958674639463, 0.007685346063226461], "gru_regularizer_loss": [0.16127145290374756, 0.15934887528419495, 0.16244179010391235, 0.15530741214752197, 0.15124380588531494, 0.1501692682504654, 0.16528096795082092, 0.1596267819404602, 0.18977756798267365, 0.18094930052757263, 0.17481599748134613, 0.17340832948684692, 0.18092435598373413, 0.17572739720344543, 0.16486965119838715, 0.1622641235589981, 0.15727059543132782, 0.1558733880519867, 0.1588757336139679, 0.1545492559671402, 0.1543598622083664, 0.15339069068431854, 0.16016264259815216, 0.15531840920448303, 0.1564282476902008, 0.15673869848251343, 0.16107167303562164, 0.15781868994235992, 0.15934669971466064, 0.1541704535484314, 0.15445701777935028, 0.15351657569408417, 0.15306520462036133, 0.15185660123825073, 0.15798310935497284, 0.1531338095664978, 0.15073199570178986, 0.15445448458194733, 0.15505515038967133, 0.1563895046710968, 0.15326476097106934, 0.15482676029205322, 0.156379833817482, 0.15552586317062378, 0.1593504101037979, 0.15443606674671173, 0.14929276704788208, 0.1511211097240448, 0.1610472947359085, 0.15626809000968933, 0.16336512565612793, 0.15569424629211426, 0.15957066416740417, 0.15495365858078003, 0.1607896089553833, 0.15588147938251495, 0.16460126638412476, 0.1594061553478241, 0.15523560345172882, 0.15590469539165497], "l2_xdx_activation_loss": [0.0006221897201612592, 0.0006168049294501543, 0.0006855315295979381, 0.0006654208991676569, 0.0006026480696164072, 0.000603928288910538, 0.0006862871814519167, 0.0006511156680062413, 0.0009364819270558655, 0.0008657673606649041, 0.0007718331762589514, 0.0007414387073367834, 0.0008300928166136146, 0.0007937924819998443, 0.0007053822046145797, 0.0006943725747987628, 0.000666108273435384, 0.0006669125868938863, 0.0006790609913878143, 0.0006619457271881402, 0.0006430076318792999, 0.0006520043825730681, 0.0006810541381128132, 0.0006617472972720861, 0.0006659855716861784, 0.0006612136494368315, 0.000695998256560415, 0.0006630556308664382, 0.0006629198906011879, 0.000631468603387475, 0.0006741986144334078, 0.0006798608228564262, 0.0006474836263805628, 0.0006477900315076113, 0.0006620531203225255, 0.0006330813048407435, 0.0006266575073823333, 0.0006356477388180792, 0.0006576910382136703, 0.0006671007722616196, 0.0006473777466453612, 0.0006567484815604985, 0.0006756611401215196, 0.0006850017816759646, 0.0006954303826205432, 0.0006632983568124473, 0.0005870554596185684, 0.0006005968316458166, 0.0006794444052502513, 0.0006610548007301986, 0.0006781524862162769, 0.0006499888841062784, 0.0006616789032705128, 0.0006458694115281105, 0.0006540208123624325, 0.0006331234471872449, 0.0007055380847305059, 0.0006825990858487785, 0.0006503582699224353, 0.0006465079495683312]}