{"loss": [0.021739518269896507, 0.02342936396598816, 0.039451900869607925, 0.037498392164707184, 0.02847566455602646, 0.029915325343608856, 0.027934063225984573, 0.02833872102200985, 0.03297252207994461, 0.03229658678174019, 0.02577783912420273, 0.02462778240442276, 0.02475137636065483, 0.02389417216181755, 0.028226178139448166, 0.026957856491208076, 0.023951683193445206, 0.02336769551038742, 0.021297436207532883, 0.02113981544971466, 0.022869238629937172, 0.02200685255229473, 0.02208978310227394, 0.02317487634718418, 0.018097197636961937, 0.01909175142645836, 0.02233990840613842, 0.021204425022006035, 0.020913980901241302, 0.021790040656924248, 0.022826949134469032, 0.02221762016415596, 0.021442163735628128, 0.021338213235139847, 0.021826457232236862, 0.021635154262185097, 0.021465132012963295, 0.020343733951449394, 0.01732143573462963, 0.017750538885593414, 0.01911960542201996, 0.018960103392601013, 0.016656124964356422, 0.017015861347317696, 0.01806989498436451, 0.01748737134039402, 0.01660245470702648, 0.016964614391326904, 0.016750246286392212, 0.016746949404478073, 0.016277039423584938, 0.01654932275414467, 0.0172065868973732, 0.016959091648459435, 0.017547786235809326, 0.017353693023324013, 0.0157404076308012, 0.01706322655081749, 0.016782650724053383, 0.016789641231298447, 0.017396029084920883, 0.01675669103860855, 0.019733821973204613, 0.018450431525707245, 0.016268223524093628, 0.016673773527145386, 0.01805245876312256, 0.01782606914639473, 0.015832699835300446, 0.016893211752176285, 0.018659265711903572, 0.01854070834815502, 0.017587946727871895, 0.01794556714594364, 0.0182539951056242, 0.017140530049800873, 0.018778590485453606, 0.018107960000634193, 0.018320243805646896, 0.01874770037829876, 0.017257731407880783, 0.017423950135707855, 0.017815779894590378, 0.018063511699438095, 0.017428698018193245, 0.01736382581293583, 0.01788882166147232, 0.017070794478058815, 0.017368674278259277, 0.01685221865773201, 0.018765918910503387, 0.018099211156368256, 0.017200728878378868, 0.016338706016540527, 0.016837090253829956, 0.01689758338034153, 0.016694756224751472, 0.016675984486937523, 0.017593951895833015, 0.016583271324634552], "position_loss": [0.009256614372134209, 0.010136306285858154, 0.01817993074655533, 0.017284221947193146, 0.012706629931926727, 0.013417208567261696, 0.011822167783975601, 0.012104681693017483, 0.014425507746636868, 0.014197896234691143, 0.011140239425003529, 0.010607711970806122, 0.010783694684505463, 0.010431534610688686, 0.01255257148295641, 0.011968025006353855, 0.010498938150703907, 0.010196438059210777, 0.009030167013406754, 0.009015049785375595, 0.009644444100558758, 0.009328637272119522, 0.009441645815968513, 0.009993278421461582, 0.007681853137910366, 0.008100167848169804, 0.009720337577164173, 0.009204091504216194, 0.009087936952710152, 0.009485783986747265, 0.01004215981811285, 0.009751131758093834, 0.009344414807856083, 0.009260979481041431, 0.009505113586783409, 0.009412134997546673, 0.009202146902680397, 0.008730201981961727, 0.007173134014010429, 0.007385341450572014, 0.008094198070466518, 0.008027421310544014, 0.006909892428666353, 0.007073518354445696, 0.0075138951651751995, 0.00728307431563735, 0.0068950532004237175, 0.007051596883684397, 0.006906868424266577, 0.0069085340946912766, 0.006738139316439629, 0.0068376692943274975, 0.007097035180777311, 0.006985302548855543, 0.0073136985301971436, 0.0072118062525987625, 0.006468149367719889, 0.007022986654192209, 0.006905191112309694, 0.006918277591466904, 0.007189773954451084, 0.006907387636601925, 0.008226670324802399, 0.007700243033468723, 0.006664720363914967, 0.0068340846337378025, 0.007555357180535793, 0.0074568819254636765, 0.0064490544609725475, 0.006921380292624235, 0.007870573550462723, 0.007816827856004238, 0.007394970860332251, 0.007544719614088535, 0.007596266455948353, 0.007125229574739933, 0.00795964989811182, 0.007655172608792782, 0.007750986609607935, 0.007948826998472214, 0.00717679038643837, 0.007248630281537771, 0.007542897947132587, 0.007628335617482662, 0.007241468410938978, 0.007205921690911055, 0.007365669123828411, 0.0070264870300889015, 0.0071878330782055855, 0.006976673379540443, 0.007843825034797192, 0.007561622187495232, 0.007058777846395969, 0.006705017760396004, 0.006958570331335068, 0.006987544242292643, 0.006900385487824678, 0.006896108854562044, 0.007308747619390488, 0.006880583707243204], "gru_regularizer_loss": [0.12085168063640594, 0.11801823228597641, 0.11557093262672424, 0.1098707914352417, 0.11529284715652466, 0.11639592051506042, 0.14360502362251282, 0.138947993516922, 0.13742712140083313, 0.1325255036354065, 0.12425079941749573, 0.12010060250759125, 0.117832712829113, 0.11221611499786377, 0.11659451574087143, 0.11293893307447433, 0.10955706983804703, 0.1086469367146492, 0.12104422599077225, 0.11658818274736404, 0.13064762949943542, 0.12319668382406235, 0.1190008819103241, 0.11957602947950363, 0.11063748598098755, 0.11327139288187027, 0.11394960433244705, 0.11040912568569183, 0.10848729312419891, 0.1107892170548439, 0.1138802096247673, 0.11053895950317383, 0.11085925251245499, 0.10993731766939163, 0.1148400604724884, 0.11296669393777847, 0.1210564523935318, 0.1145787388086319, 0.11761419475078583, 0.11693905293941498, 0.1170898824930191, 0.11484722048044205, 0.11407718062400818, 0.11392002552747726, 0.11989685893058777, 0.11539917439222336, 0.11105982959270477, 0.11128786206245422, 0.11586706340312958, 0.11393216997385025, 0.11113608628511429, 0.11172787100076675, 0.11484146118164062, 0.1132080927491188, 0.11487802118062973, 0.11336721479892731, 0.10958285629749298, 0.11398927122354507, 0.11644046008586884, 0.11442208290100098, 0.11921422183513641, 0.11510475724935532, 0.12716786563396454, 0.11846014112234116, 0.11725950241088867, 0.1169763132929802, 0.11350371688604355, 0.1119217574596405, 0.11423619836568832, 0.11616207659244537, 0.11649628728628159, 0.11451821774244308, 0.11114287376403809, 0.1114763393998146, 0.11955909430980682, 0.11355650424957275, 0.1136312484741211, 0.11009788513183594, 0.11488033086061478, 0.11446425318717957, 0.11401061713695526, 0.11244422942399979, 0.11000977456569672, 0.11052528768777847, 0.11719679832458496, 0.11531069874763489, 0.12105689942836761, 0.1151762381196022, 0.11896232515573502, 0.11491942405700684, 0.1201978325843811, 0.11591345816850662, 0.11979171633720398, 0.11373580992221832, 0.11611101031303406, 0.11414895951747894, 0.11477702111005783, 0.11284441500902176, 0.1205882579088211, 0.11439412087202072],