{"loss": [0.021384738385677338, 0.02371426671743393, 0.03611425310373306, 0.03538954630494118, 0.027598105370998383, 0.02774457074701786, 0.03114067018032074, 0.03079509735107422, 0.02309669740498066, 0.024420123547315598, 0.024997198954224586, 0.024525970220565796, 0.023098230361938477, 0.02224109321832657, 0.022236661985516548, 0.022557370364665985, 0.02292119339108467, 0.023229172453284264, 0.018659871071577072, 0.019271841272711754, 0.018227264285087585, 0.0199260413646698, 0.01819164678454399, 0.018825799226760864, 0.020004937425255775, 0.019437171518802643, 0.01770702190697193, 0.01812874525785446, 0.019817005842924118, 0.01953931897878647, 0.01775733008980751, 0.018201276659965515, 0.01830573007464409, 0.018206682056188583, 0.01892833784222603, 0.018250858411192894, 0.018161900341510773, 0.01819758675992489, 0.01970982924103737, 0.01780366152524948, 0.020385341718792915, 0.01994241029024124, 0.018169840797781944, 0.018284840509295464, 0.019317463040351868, 0.01886022835969925, 0.01881476864218712, 0.019808659330010414, 0.020026279613375664, 0.019683726131916046, 0.018617920577526093, 0.018791362643241882, 0.020137662068009377, 0.020700646564364433, 0.0193917416036129, 0.019300954416394234, 0.01776098646223545, 0.017806626856327057, 0.018345125019550323, 0.018641024827957153], "position_loss": [0.009111050516366959, 0.010316267609596252, 0.016247151419520378, 0.015877267345786095, 0.01204757485538721, 0.01214069314301014, 0.013934705406427383, 0.013705482706427574, 0.009929200634360313, 0.01047252956777811, 0.010705254971981049, 0.010546546429395676, 0.00988247711211443, 0.00951262004673481, 0.009394044056534767, 0.009569870308041573, 0.009901090525090694, 0.010041048750281334, 0.0077982936054468155, 0.008082465268671513, 0.007591437082737684, 0.008335057646036148, 0.007558958139270544, 0.007842408493161201, 0.008379491977393627, 0.008133403025567532, 0.007306480780243874, 0.007486576680094004, 0.00828236062079668, 0.008160252124071121, 0.0073400940746068954, 0.007540148217231035, 0.007589480374008417, 0.007546692155301571, 0.007874101400375366, 0.007579470053315163, 0.007458125241100788, 0.0074834804981946945, 0.008100821636617184, 0.007292627356946468, 0.008526701480150223, 0.008344059810042381, 0.00745802465826273, 0.007511107251048088, 0.008044041693210602, 0.007859883829951286, 0.007841143757104874, 0.008289916440844536, 0.008288984186947346, 0.008165604434907436, 0.007771436125040054, 0.007834278978407383, 0.008418030105531216, 0.008690167218446732, 0.008100832812488079, 0.008069533854722977, 0.00732066435739398, 0.007355835754424334, 0.00760512612760067, 0.00772455520927906], "gru_regularizer_loss": [0.1450742483139038, 0.14326392114162445, 0.1531338393688202, 0.15394358336925507, 0.1534479856491089, 0.15041671693325043, 0.14399579167366028, 0.1475629210472107, 0.14124704897403717, 0.14778035879135132, 0.1520763337612152, 0.14787451922893524, 0.14991405606269836, 0.1458267867565155, 0.15006676316261292, 0.15052734315395355, 0.1441570222377777, 0.14567166566848755, 0.143168643116951, 0.1447107195854187, 0.13893833756446838, 0.1463622897863388, 0.14135921001434326, 0.14343217015266418, 0.14817599952220917, 0.14485657215118408, 0.14147648215293884, 0.14363954961299896, 0.14547814428806305, 0.14460036158561707, 0.1411127746105194, 0.14295101165771484, 0.1432328224182129, 0.14252817630767822, 0.14548777043819427, 0.14217333495616913, 0.14365024864673615, 0.14313186705112457, 0.15440663695335388, 0.1430085003376007, 0.14855101704597473, 0.14503933489322662, 0.1445288509130478, 0.14411911368370056, 0.14729660749435425, 0.1438359171152115, 0.13973106443881989, 0.14412951469421387, 0.15083397924900055, 0.14698347449302673, 0.1409766525030136, 0.14321894943714142, 0.1444377303123474, 0.1459219604730606, 0.14468124508857727, 0.14368146657943726, 0.14384149014949799, 0.14282672107219696, 0.14163382351398468, 0.14362317323684692], "l2_xdx_activation_loss": [0.0005702584749087691, 0.0005493244389072061, 0.0006958297453820705, 0.000698150834068656, 0.0006557843880727887, 0.0006526323268190026, 0.0006100598839111626, 0.0006357935490086675, 0.0006082351901568472, 0.0006653806194663048, 0.0006882680463604629, 0.0006510032690130174, 0.0006110049434937537, 0.0005854887422174215, 0.0006489282823167741, 0.0006370779010467231, 0.0005587731720879674, 0.0005630780360661447, 0.0005434922059066594, 0.0005528941983357072, 0.0005512944189831614, 0.0005970603669993579, 0.000553005316760391, 0.0005685130599886179, 0.0005876897484995425, 0.0005735581507906318, 0.0005593909882009029, 0.0005726909730583429, 0.0005987930344417691, 0.0005905620637349784, 0.00055496342247352, 0.0005634489934891462, 0.0005644389893859625, 0.0005622969474643469, 0.0005747101386077702, 0.0005563527811318636, 0.0006026740302331746, 0.0005993932718411088, 0.0006543318158946931, 0.0005957327666692436, 0.000615101249422878, 0.0006009240751154721, 0.0006024596514180303, 0.0006067702197469771, 0.0005850961315445602, 0.0005669921520166099, 0.0005780156934633851, 0.0005954692605882883, 0.0006462818128056824, 0.0006271845777519047, 0.0005547190085053444, 0.000563163950573653, 0.0006186990649439394, 0.0006199877243489027, 0.0005807119305245578, 0.0005746489041484892, 0.0005600390722975135, 0.0005551877547986805, 0.0005724693764932454, 0.0005848517175763845]}