{"loss": [0.020360372960567474, 0.02177620306611061, 0.04015190154314041, 0.03739699348807335, 0.022949911653995514, 0.02477293275296688, 0.029180962592363358, 0.028999490663409233, 0.019503990188241005, 0.019696367904543877, 0.02553730271756649, 0.025175470858812332, 0.020169369876384735, 0.01926242560148239, 0.02137610875070095, 0.02218238078057766, 0.019502295181155205, 0.019155433401465416, 0.019684504717588425, 0.01901380904018879, 0.018391218036413193, 0.0188718531280756, 0.018495401367545128, 0.019328556954860687, 0.01918172463774681, 0.019014868885278702, 0.018751557916402817, 0.018528997898101807, 0.01974618062376976, 0.018714871257543564, 0.018628761172294617, 0.017873134464025497, 0.016834521666169167, 0.017024481669068336, 0.01718018390238285, 0.017206279560923576, 0.016924520954489708, 0.01675128936767578, 0.01715853624045849, 0.016530105844140053, 0.016835205256938934, 0.016270773485302925, 0.015795543789863586, 0.016177522018551826, 0.016320137307047844, 0.016181953251361847, 0.016461480408906937, 0.01586516574025154, 0.01672271266579628, 0.01690170168876648, 0.0157909132540226, 0.016284598037600517, 0.015523789450526237, 0.015929793938994408, 0.016648272052407265, 0.016399843618273735, 0.015844713896512985, 0.016131747514009476, 0.01689242012798786, 0.01679299958050251, 0.016141533851623535, 0.01600206270813942, 0.016142800450325012, 0.016062311828136444, 0.016748107969760895, 0.016538897529244423, 0.01676832139492035, 0.017093922942876816, 0.017291517928242683, 0.017744719982147217, 0.01802697777748108, 0.017093181610107422, 0.017805350944399834, 0.018098846077919006, 0.017708847299218178, 0.01764385588467121, 0.019348813220858574, 0.017889728769659996, 0.016595523804426193, 0.01637759804725647, 0.01705056056380272, 0.01741466112434864, 0.016287539154291153, 0.017008189111948013, 0.016702663153409958, 0.015875443816184998, 0.0159620251506567, 0.01508005429059267, 0.016269296407699585, 0.015793314203619957, 0.014705745503306389, 0.014820228330790997, 0.016946367919445038, 0.016421768814325333, 0.015461420640349388, 0.015889529138803482, 0.01689346693456173, 0.016411907970905304, 0.017092522233724594, 0.016425419598817825], "position_loss": [0.008768877945840359, 0.009532623924314976, 0.018383383750915527, 0.017130382359027863, 0.01017660740762949, 0.010983461514115334, 0.01327140349894762, 0.013146733865141869, 0.008327586576342583, 0.008444037288427353, 0.011142768897116184, 0.010999220423400402, 0.008528663776814938, 0.008140544407069683, 0.009331212379038334, 0.00960757676512003, 0.008339744061231613, 0.008184675127267838, 0.008364969864487648, 0.008080985397100449, 0.007757729385048151, 0.007990836165845394, 0.007988137193024158, 0.008366173133254051, 0.0083152512088418, 0.008241895586252213, 0.008025231771171093, 0.007950901053845882, 0.008494322188198566, 0.008052787743508816, 0.008019802160561085, 0.0076850298792123795, 0.007168889045715332, 0.007234714925289154, 0.0072524333372712135, 0.007264844141900539, 0.007120071444660425, 0.007045606151223183, 0.007248142268508673, 0.006961613893508911, 0.007053208537399769, 0.006797269452363253, 0.006605872884392738, 0.006763337645679712, 0.006810835562646389, 0.006759596988558769, 0.006866128649562597, 0.006609268952161074, 0.0070580472238361835, 0.007115336135029793, 0.006551568396389484, 0.0067895944230258465, 0.006401487626135349, 0.00655661104246974, 0.0069661689922213554, 0.006853731814771891, 0.00658024288713932, 0.006710555404424667, 0.007042828947305679, 0.007008323911577463, 0.0067284200340509415, 0.006680157966911793, 0.006703387480229139, 0.006668871734291315, 0.007051256950944662, 0.006951076444238424, 0.006999488919973373, 0.007154017686843872, 0.007289791014045477, 0.007480326574295759, 0.007615134585648775, 0.00720995245501399, 0.0075179035775363445, 0.0076449597254395485, 0.007433763239532709, 0.007405536249279976, 0.008235004730522633, 0.0076148309744894505, 0.0069378637708723545, 0.006864524446427822, 0.007162724621593952, 0.00733281159773469, 0.0068427580408751965, 0.007150696590542793, 0.006938932463526726, 0.006583810318261385, 0.0065829455852508545, 0.006195906549692154, 0.006680294405668974, 0.006485901772975922, 0.005981321446597576, 0.006037658546119928, 0.007071423344314098, 0.006837727501988411, 0.00646250369027257, 0.00664628716185689, 0.007085004821419716, 0.006889454089105129, 0.007166184950619936, 0.006874377839267254], "gru_regularizer_loss": [0.08917143940925598, 0.08646124601364136, 0.09671567380428314, 0.09134592115879059, 0.0838499516248703, 0.08721211552619934, 0.0857057273387909, 0.08674165606498718, 0.08959035575389862, 0.08842718601226807, 0.09294746071100235, 0.09164685010910034, 0.0942978635430336, 0.09009895473718643, 0.08540515601634979, 0.0895039364695549, 0.08783619105815887, 0.08704063296318054, 0.09200244396924973, 0.08917054533958435, 0.08856064081192017, 0.08892373740673065, 0.08439694344997406, 0.08646474778652191, 0.08561564981937408, 0.08478135615587234, 0.08756857365369797, 0.08611015230417252, 0.09018746018409729, 0.08591467887163162, 0.08689333498477936, 0.08429639041423798, 0.08391594141721725, 0.08488316088914871, 0.08719391375780106, 0.08641960471868515, 0.0876469612121582, 0.08656411617994308, 0.08801375329494476, 0.0857815071940422, 0.0892549455165863, 0.0868203416466713, 0.08561979979276657, 0.08657693862915039, 0.08808223158121109, 0.08697105199098587, 0.0895613580942154, 0.08684572577476501, 0.08486297726631165, 0.08608692139387131, 0.08686768263578415, 0.08741326630115509, 0.08648689836263657, 0.08779488503932953, 0.0877053290605545, 0.08687961846590042, 0.08679331839084625, 0.08751805871725082, 0.08924373984336853, 0.08819827437400818, 0.08949070423841476, 0.08826562762260437, 0.08864323794841766, 0.08771448582410812, 0.0875425934791565, 0.08689609169960022, 0.08833988010883331, 0.08875368535518646, 0.08679715543985367, 0.08764100074768066, 0.0924048125743866, 0.088060662150383, 0.08806006610393524, 0.08886981755495071, 0.08921925723552704, 0.08848859369754791, 0.09327265620231628, 0.0871158242225647, 0.08940790593624115, 0.08673790097236633, 0.0887753888964653, 0.08913269639015198, 0.08604384958744049, 0.08841633796691895, 0.09275959432125092, 0.08859795331954956, 0.09216489642858505, 0.08815639466047287, 0.09154996275901794, 0.08882501721382141, 0.08836853504180908, 0.08762121945619583, 0.09063683450222015, 0.08820481598377228, 0.08536327630281448, 0.08634261786937714, 0.09040378779172897, 0.08761299401521683, 0.09130540490150452, 0.08851609379053116],