{"loss": [0.021552730351686478, 0.025852682068943977, 0.04201120510697365, 0.04088239744305611, 0.033538226038217545, 0.033661093562841415, 0.03716769814491272, 0.03626246750354767, 0.023293504491448402, 0.024562614038586617, 0.029075711965560913, 0.029990769922733307, 0.023173291236162186, 0.022969583049416542, 0.0265587717294693, 0.02646857686340809, 0.02625287137925625, 0.026381712406873703, 0.02530747279524803, 0.0240602046251297, 0.02326814830303192, 0.023410474881529808, 0.02196921780705452, 0.021882781758904457, 0.023591693490743637, 0.023095067590475082, 0.024458616971969604, 0.024073144420981407, 0.018848078325390816, 0.01915040984749794, 0.021125394850969315, 0.021245574578642845, 0.019859464839100838, 0.019578786566853523, 0.01951666921377182, 0.0189376100897789, 0.019881656393408775, 0.019742993637919426, 0.0180232971906662, 0.01869162544608116, 0.019078753888607025, 0.019216090440750122, 0.018584128469228745, 0.018402280285954475, 0.018907414749264717, 0.018676545470952988, 0.01906285621225834, 0.018434442579746246, 0.0196983739733696, 0.01862093061208725, 0.019509440287947655, 0.01859721913933754, 0.01729467697441578, 0.018452772870659828, 0.01880108192563057, 0.019198620691895485, 0.01961233839392662, 0.01928536966443062, 0.017951790243387222, 0.01842353865504265], "position_loss": [0.009022177197039127, 0.011148687452077866, 0.019155291840434074, 0.018601132556796074, 0.014879393391311169, 0.014941000379621983, 0.016821151599287987, 0.01636124588549137, 0.010018635541200638, 0.010624829679727554, 0.012458729557693005, 0.01297326385974884, 0.009687447920441628, 0.009612287394702435, 0.01149500161409378, 0.011402328498661518, 0.011332708410918713, 0.011342248879373074, 0.010745687410235405, 0.010227028280496597, 0.009904281236231327, 0.00999155268073082, 0.00921278353780508, 0.009198599494993687, 0.010010804049670696, 0.009820113889873028, 0.010492191649973392, 0.010319791734218597, 0.007652027532458305, 0.007800980471074581, 0.008777355775237083, 0.008811368606984615, 0.008187269791960716, 0.008054905571043491, 0.007889367640018463, 0.007644230965524912, 0.008113346993923187, 0.00807181652635336, 0.007264222018420696, 0.0075158774852752686, 0.007681156974285841, 0.007715624291449785, 0.007454234175384045, 0.007374904118478298, 0.0075264801271259785, 0.007427744567394257, 0.007606362923979759, 0.007340923883020878, 0.007914424873888493, 0.007474287413060665, 0.007811001036316156, 0.00745698157697916, 0.006868679076433182, 0.007367202080786228, 0.0076734996400773525, 0.007868867367506027, 0.00792828481644392, 0.0077880206517875195, 0.007217808160930872, 0.007397739216685295], "gru_regularizer_loss": [0.1613750010728836, 0.16302388906478882, 0.16794025897979736, 0.16657759249210358, 0.16559414565563202, 0.16471216082572937, 0.16068029403686523, 0.16042642295360565, 0.15365496277809143, 0.15741784870624542, 0.1748654544353485, 0.1735815852880478, 0.1687590628862381, 0.16693809628486633, 0.16234290599822998, 0.16319067776203156, 0.15976203978061676, 0.16293804347515106, 0.17037323117256165, 0.16319195926189423, 0.16142991185188293, 0.1603582799434662, 0.16404718160629272, 0.162314310669899, 0.1660441756248474, 0.16186170279979706, 0.16127300262451172, 0.16000685095787048, 0.16183072328567505, 0.16128996014595032, 0.16087019443511963, 0.16299813985824585, 0.16102904081344604, 0.16029877960681915, 0.16662319004535675, 0.16289713978767395, 0.16407078504562378, 0.162570059299469, 0.1576566845178604, 0.163260355591774, 0.16229644417762756, 0.16476327180862427, 0.1649979203939438, 0.16419178247451782, 0.16734762489795685, 0.16618789732456207, 0.1691177785396576, 0.16509287059307098, 0.17072105407714844, 0.16387724876403809, 0.1721257120370865, 0.1649748533964157, 0.15777532756328583, 0.16460923850536346, 0.15930436551570892, 0.1606653481721878, 0.16765624284744263, 0.16640418767929077, 0.1609787493944168, 0.16378867626190186], "l2_xdx_activation_loss": [0.0006311960751190782, 0.000641343358438462, 0.0006733931950293481, 0.0006711061578243971, 0.0007074857712723315, 0.0007103112293407321, 0.000639184087049216, 0.0006448902422562242, 0.0005728805554099381, 0.0005792443407699466, 0.0008028525044210255, 0.0007691276259720325, 0.000703255005646497, 0.0006915294798091054, 0.0006480994634330273, 0.0006769905448891222, 0.0006629300769418478, 0.0006889299838803709, 0.0007037746836431324, 0.0006577291060239077, 0.0006147481617517769, 0.0006075811106711626, 0.0006340448744595051, 0.0006204656092450023, 0.0006362003041431308, 0.0006117267766967416, 0.0006201533251442015, 0.0006108158850111067, 0.0006415576208382845, 0.0006448354106396437, 0.0006536465953104198, 0.0006639377097599208, 0.0006245304830372334, 0.000621648330707103, 0.0006902196910232306, 0.0006730442401021719, 0.0006710709421895444, 0.0006575396982952952, 0.0006390811176970601, 0.0006754085188731551, 0.0006974776624701917, 0.0007120554219000041, 0.0006748790619894862, 0.0006698367651551962, 0.000726644357200712, 0.0007193776546046138, 0.0007193025085143745, 0.0007002068450674415, 0.0007204226567409933, 0.000677512725815177, 0.0007217120728455484, 0.0006774873472750187, 0.0006595072918571532, 0.0006904114852659404, 0.0006199984927661717, 0.0006177294999361038, 0.0006927200010977685, 0.0006814133375883102, 0.00063511379994452, 0.0006630427669733763]}