{"loss": [0.023695649579167366, 0.025886258110404015, 0.04766159877181053, 0.04615826904773712, 0.03424234688282013, 0.03358292579650879, 0.03010409325361252, 0.03026433475315571, 0.03261728584766388, 0.03198768198490143, 0.02821575105190277, 0.02801109105348587, 0.0214841365814209, 0.021435759961605072, 0.029081551358103752, 0.02847016230225563, 0.02457437478005886, 0.024371575564146042, 0.02243686653673649, 0.023142175748944283, 0.025939296931028366, 0.02577734924852848, 0.022356105968356133, 0.02205282635986805, 0.02117237262427807, 0.022421399131417274, 0.020598646253347397, 0.020572593435645103, 0.019481565803289413, 0.019540103152394295, 0.023342816159129143, 0.02287755161523819, 0.023164665326476097, 0.02346503734588623, 0.020955437794327736, 0.020977582782506943, 0.022168241441249847, 0.02159118466079235, 0.01948954164981842, 0.01973552443087101, 0.020538510754704475, 0.021197250112891197, 0.021631164476275444, 0.020552556961774826, 0.018933478742837906, 0.019032325595617294, 0.01825856789946556, 0.018654901534318924, 0.020138580352067947, 0.020001139491796494, 0.01897052302956581, 0.018260492011904716, 0.019351212307810783, 0.019280003383755684, 0.017904462292790413, 0.01744266226887703, 0.021614903584122658, 0.021017443388700485, 0.015995550900697708, 0.017415987327694893], "position_loss": [0.010147404856979847, 0.011237818747758865, 0.02167440578341484, 0.021090781316161156, 0.014938292093575, 0.014705834910273552, 0.013333728536963463, 0.01340402103960514, 0.01460008230060339, 0.014270629733800888, 0.0124008534476161, 0.012285063974559307, 0.008900469169020653, 0.008943308144807816, 0.012587223201990128, 0.01235233061015606, 0.010480531491339207, 0.010418212972581387, 0.009677687659859657, 0.009968962520360947, 0.011428337544202805, 0.011304598301649094, 0.009619700722396374, 0.009471654891967773, 0.008995513431727886, 0.009583868086338043, 0.008675642311573029, 0.008692900650203228, 0.00821765884757042, 0.008235729299485683, 0.01018413808196783, 0.009949973784387112, 0.010191360488533974, 0.010282520204782486, 0.008971696719527245, 0.008996766060590744, 0.009472765028476715, 0.009229863062500954, 0.008150964975357056, 0.008245120756328106, 0.008763858117163181, 0.009018082171678543, 0.009150204248726368, 0.008697692304849625, 0.0077855708077549934, 0.007857050746679306, 0.007512438111007214, 0.007675976492464542, 0.008499435149133205, 0.00843704491853714, 0.007831467315554619, 0.0075360131449997425, 0.007990721613168716, 0.007989193312823772, 0.007309424225240946, 0.007119675632566214, 0.009207398630678654, 0.008939672261476517, 0.006494106259196997, 0.0071255979128181934], "gru_regularizer_loss": [0.14329710602760315, 0.1438053399324417, 0.16900263726711273, 0.1573006808757782, 0.16212671995162964, 0.15755148231983185, 0.14215579628944397, 0.1411651223897934, 0.14042465388774872, 0.14004096388816833, 0.1430862694978714, 0.1439114362001419, 0.148965522646904, 0.14389537274837494, 0.15196731686592102, 0.14681175351142883, 0.1475529819726944, 0.14488448202610016, 0.13268856704235077, 0.1367601752281189, 0.13262562453746796, 0.13479167222976685, 0.13500159978866577, 0.13385488092899323, 0.13398581743240356, 0.13697993755340576, 0.13873985409736633, 0.13665348291397095, 0.13367831707000732, 0.1345651000738144, 0.13285332918167114, 0.13192573189735413, 0.12523077428340912, 0.1293114572763443, 0.13253793120384216, 0.13114683330059052, 0.13842713832855225, 0.13433142006397247, 0.1346682906150818, 0.13577410578727722, 0.12858442962169647, 0.13279683887958527, 0.14112471044063568, 0.1344531774520874, 0.1388576775789261, 0.136974036693573, 0.13480551540851593, 0.13602830469608307, 0.1353476643562317, 0.13400782644748688, 0.14035826921463013, 0.13588757812976837, 0.14131715893745422, 0.1387503743171692, 0.14075854420661926, 0.13647647202014923, 0.13785433769226074, 0.1339755654335022, 0.12882837653160095, 0.1346997618675232], "l2_xdx_activation_loss": [0.0006555989384651184, 0.0006571643752977252, 0.0008738954784348607, 0.0008008744916878641, 0.0009144737268798053, 0.0008648892398923635, 0.0006713354378007352, 0.0006811895873397589, 0.0006706002750433981, 0.0006816457607783377, 0.0006607028772123158, 0.0006669251597486436, 0.0007308227941393852, 0.0007030389388091862, 0.0007954530883580446, 0.0007654365617781878, 0.0007122362731024623, 0.0006950771785341203, 0.0005845109117217362, 0.0006118590827099979, 0.0005850978777743876, 0.000606388202868402, 0.0005885384744033217, 0.0005899649113416672, 0.0006134711438789964, 0.0006275968044064939, 0.0006196291069500148, 0.0006063944310881197, 0.0005694635910913348, 0.0005739732878282666, 0.0005483106942847371, 0.0005524245207197964, 0.0005095204687677324, 0.0005352685693651438, 0.0005618630675598979, 0.0005571686197072268, 0.0006124551291577518, 0.0005956901586614549, 0.0006132845301181078, 0.0006288224249146879, 0.0005746252718381584, 0.0006106805521994829, 0.0006394776864908636, 0.0006038547144271433, 0.0006575623410753906, 0.000649136258289218, 0.000628186680842191, 0.0006471964297816157, 0.0005950528429821134, 0.0005952988285571337, 0.0006343096611090004, 0.0006095045828260481, 0.0006518399459309876, 0.0006376783130690455, 0.0006256505730561912, 0.0006124897627159953, 0.000606828834861517, 0.0005990896606817842, 0.0005726591916754842, 0.0006055724225006998]}