{"loss": [0.02454249933362007, 0.028401056304574013, 0.045930780470371246, 0.044797252863645554, 0.026554424315690994, 0.02579447254538536, 0.03454556316137314, 0.03305583447217941, 0.022500688210129738, 0.022657258436083794, 0.025223642587661743, 0.02570338360965252, 0.023959707468748093, 0.022829584777355194, 0.0252743698656559, 0.02472214587032795, 0.024734143167734146, 0.024410612881183624, 0.02029479667544365, 0.019959300756454468, 0.021126482635736465, 0.02233513444662094, 0.020120926201343536, 0.02039279043674469, 0.019274260848760605, 0.02008226327598095, 0.020359128713607788, 0.020126450806856155, 0.021260950714349747, 0.020130697637796402, 0.019534196704626083, 0.018945984542369843, 0.01847488433122635, 0.01874319463968277, 0.01854977011680603, 0.01868004910647869, 0.017700616270303726, 0.018080295994877815, 0.019447196274995804, 0.01832752674818039, 0.016888311132788658, 0.018126126378774643, 0.018496699631214142, 0.01869693398475647, 0.020247770473361015, 0.019539739936590195, 0.017571106553077698, 0.018460934981703758, 0.019131915643811226, 0.018958749249577522, 0.017545802518725395, 0.01711633801460266, 0.01802903041243553, 0.018275076523423195, 0.018693314865231514, 0.01769789680838585, 0.016715534031391144, 0.017085351049900055, 0.0177814532071352, 0.017681747674942017], "position_loss": [0.0103567810729146, 0.012267949990928173, 0.020670240744948387, 0.020196763798594475, 0.011196542531251907, 0.010898931883275509, 0.015210716985166073, 0.01452457532286644, 0.009221510030329227, 0.009326085448265076, 0.01058745663613081, 0.010827101767063141, 0.00984418299049139, 0.009363146498799324, 0.010666055604815483, 0.01044659037142992, 0.010403293184936047, 0.010284928604960442, 0.008170739747583866, 0.00804593600332737, 0.008883539587259293, 0.009347176179289818, 0.008220615796744823, 0.00836813822388649, 0.0077793188393116, 0.008140417747199535, 0.008294675499200821, 0.008201850578188896, 0.008618110790848732, 0.008166264742612839, 0.007857066579163074, 0.007628807798027992, 0.007406594697386026, 0.007515760604292154, 0.007431439124047756, 0.007493076380342245, 0.0069266329519450665, 0.007100837770849466, 0.007722963113337755, 0.007268937304615974, 0.006630264688283205, 0.007131548598408699, 0.007429017219692469, 0.0074907210655510426, 0.008115577511489391, 0.007841810584068298, 0.006953839212656021, 0.007348140235990286, 0.007608862593770027, 0.0075538018718361855, 0.006873779464513063, 0.006690510082989931, 0.007149136159569025, 0.007249959744513035, 0.00734447967261076, 0.006947958841919899, 0.006462385877966881, 0.006639073137193918, 0.006957677658647299, 0.006923127919435501], "gru_regularizer_loss": [0.18583324551582336, 0.18764668703079224, 0.20786234736442566, 0.2025107741355896, 0.19656528532505035, 0.18943357467651367, 0.19448994100093842, 0.18825338780879974, 0.19044731557369232, 0.18807178735733032, 0.1894579976797104, 0.19036053121089935, 0.19835171103477478, 0.19132781028747559, 0.19042721390724182, 0.18436436355113983, 0.18794633448123932, 0.18474553525447845, 0.18956682085990906, 0.18420608341693878, 0.16665363311767578, 0.17732851207256317, 0.1813710629940033, 0.1815798282623291, 0.1791844218969345, 0.18356408178806305, 0.18398736417293549, 0.1814824491739273, 0.19310438632965088, 0.18286803364753723, 0.18584878742694855, 0.17973347008228302, 0.17738518118858337, 0.17914092540740967, 0.1812717318534851, 0.1799321323633194, 0.1828446239233017, 0.18404816091060638, 0.19239433109760284, 0.1824319213628769, 0.1740972399711609, 0.18343301117420197, 0.1765909194946289, 0.17885102331638336, 0.19008618593215942, 0.1833292841911316, 0.17662979662418365, 0.18137365579605103, 0.18799945712089539, 0.18505045771598816, 0.18746766448020935, 0.18220369517803192, 0.17940270900726318, 0.1809634417295456, 0.19244205951690674, 0.18264470994472504, 0.18290898203849792, 0.18361781537532806, 0.18714764714241028, 0.18463478982448578], "l2_xdx_activation_loss": [0.0006565201329067349, 0.0006625487003475428, 0.0008368780254386365, 0.0007925244281068444, 0.0007315470720641315, 0.0007004091166891158, 0.0007260613492690027, 0.0007077018963173032, 0.0007173833437263966, 0.0007077751797623932, 0.0007177011575549841, 0.0007148428703658283, 0.0007622599368914962, 0.0007296564872376621, 0.0006789810722693801, 0.0006614259909838438, 0.0006823498988524079, 0.0006640853243879974, 0.0006855344981886446, 0.0006747741717845201, 0.0005639409646391869, 0.0006221504299901426, 0.0006216468173079193, 0.0006132233538664877, 0.0006409110501408577, 0.0006549141835421324, 0.0006429524510167539, 0.0006356257363222539, 0.0006975463475100696, 0.0006561470218002796, 0.0006535095744766295, 0.0006299957167357206, 0.000628931971732527, 0.0006397391553036869, 0.0006243762327358127, 0.0006311769830062985, 0.0006726192659698427, 0.0006790307816118002, 0.0006920930463820696, 0.0006547619705088437, 0.0006285870913416147, 0.0006758836680091918, 0.0006239026552066207, 0.0006419781129807234, 0.0007049024570733309, 0.0006739261443726718, 0.0006320278625935316, 0.0006499567534774542, 0.0006777161615900695, 0.0006665310356765985, 0.0006408392218872905, 0.0006374106742441654, 0.000645228021312505, 0.0006548252422362566, 0.0006929626106284559, 0.0006581619963981211, 0.0006535411230288446, 0.0006566588999703526, 0.0006645242101512849, 0.000662698526866734]}