{"loss": [0.021323589608073235, 0.023532463237643242, 0.032173532992601395, 0.03239043056964874, 0.02406826615333557, 0.02483993023633957, 0.024058256298303604, 0.024999840185046196, 0.028568532317876816, 0.029126379638910294, 0.023033808916807175, 0.022309191524982452, 0.02134385146200657, 0.022057613357901573, 0.022639095783233643, 0.02271411567926407, 0.020128656178712845, 0.020121073350310326, 0.021062951534986496, 0.020809480920433998, 0.020013799890875816, 0.020101895555853844, 0.018879348412156105, 0.019066574051976204, 0.020293043926358223, 0.01978384517133236, 0.016686605289578438, 0.017058424651622772, 0.01960030011832714, 0.018942883238196373, 0.018830735236406326, 0.01863018609583378, 0.018998002633452415, 0.018927043303847313, 0.017984597012400627, 0.017360039055347443, 0.019714467227458954, 0.01905827410519123, 0.01633996143937111, 0.016786886379122734, 0.019071903079748154, 0.018486328423023224, 0.017694776877760887, 0.017306115478277206, 0.017074579373002052, 0.017319330945611, 0.01803990639746189, 0.01801765151321888, 0.017775552347302437, 0.017363302409648895, 0.01741529069840908, 0.017382988706231117, 0.017552165314555168, 0.017073513939976692, 0.01728157326579094, 0.016772085800766945, 0.016793126240372658, 0.01649141125380993, 0.017656994983553886, 0.017255114391446114, 0.016802597790956497, 0.016307000070810318, 0.01741867884993553, 0.01684148795902729, 0.01684284582734108, 0.01625457964837551, 0.018030641600489616, 0.017868516966700554, 0.01600239984691143, 0.016725903376936913, 0.015570366755127907, 0.016010083258152008, 0.018873916938900948, 0.017830533906817436, 0.018446775153279305, 0.01748127117753029, 0.016935477033257484, 0.016846682876348495, 0.015503809787333012, 0.016000185161828995, 0.015007290989160538, 0.015788093209266663, 0.015434380620718002, 0.016415033489465714, 0.01571967639029026, 0.01600823737680912, 0.016902990639209747, 0.016881385818123817, 0.01761079952120781, 0.01620868779718876, 0.01791509799659252, 0.017400497570633888, 0.016672583296895027, 0.016868555918335915, 0.016791559755802155, 0.016494421288371086, 0.019544927403330803, 0.018411170691251755, 0.01851700246334076, 0.018808355554938316], "position_loss": [0.00924695748835802, 0.010363842360675335, 0.014517084695398808, 0.014544540084898472, 0.010402556508779526, 0.010692850686609745, 0.010463587008416653, 0.010955016128718853, 0.012615194544196129, 0.012925748713314533, 0.009933721274137497, 0.009644994512200356, 0.009129573591053486, 0.00949937291443348, 0.00973962526768446, 0.00979311391711235, 0.008671795949339867, 0.008682859130203724, 0.00915001705288887, 0.009037256240844727, 0.008568388409912586, 0.008590330369770527, 0.00806010514497757, 0.008132153190672398, 0.008648841641843319, 0.008428884670138359, 0.006981123238801956, 0.00714678643271327, 0.008366364054381847, 0.008086096495389938, 0.0080319344997406, 0.007944773882627487, 0.00799697358161211, 0.007964495569467545, 0.0074601019732654095, 0.007208270952105522, 0.008361315354704857, 0.008074562065303326, 0.006786011625081301, 0.006956578232347965, 0.007941752672195435, 0.007707892917096615, 0.007393206935375929, 0.007238074205815792, 0.0070829023607075214, 0.007183675188571215, 0.007566890679299831, 0.007557536941021681, 0.00743468664586544, 0.0072663649916648865, 0.0072700451128184795, 0.007262437604367733, 0.007305955979973078, 0.007096039596945047, 0.007221909239888191, 0.007010859902948141, 0.006861529778689146, 0.006756872404366732, 0.007221689447760582, 0.007090067490935326, 0.006890183314681053, 0.006695033051073551, 0.007265320047736168, 0.007023716811090708, 0.006984010338783264, 0.006734966300427914, 0.007532051764428616, 0.007460700813680887, 0.006623752880841494, 0.006953664124011993, 0.0064443121664226055, 0.006627288181334734, 0.007937708869576454, 0.007492760196328163, 0.007676589302718639, 0.007264872547239065, 0.007111856713891029, 0.007073983550071716, 0.006384611129760742, 0.006589449942111969, 0.00613460224121809, 0.006461798213422298, 0.006216724403202534, 0.006661809049546719, 0.006480423733592033, 0.00658546295017004, 0.00695444643497467, 0.0069582704454660416, 0.007272481452673674, 0.006680493243038654, 0.007494755554944277, 0.007273477036505938, 0.00688909413293004, 0.006993304472416639, 0.006883057300001383, 0.0067650144919753075, 0.008272967301309109, 0.00779382698237896, 0.007834806106984615, 0.007962511852383614], "gru_regularizer_loss": [0.1066741794347763, 0.10583102703094482, 0.1130697950720787, 0.11553393304347992, 0.1084439605474472, 0.11166927218437195, 0.1091589704155922, 0.1089889407157898, 0.1142125129699707, 0.11348915100097656, 0.11493135243654251, 0.1102159395813942, 0.11021681874990463, 0.10963121801614761, 0.11292700469493866, 0.1121944710612297, 0.10715839266777039, 0.10545745491981506, 0.10624890774488449, 0.10519024729728699, 0.10662419348955154, 0.1076589822769165, 0.10459794104099274, 0.10571347177028656, 0.11211295425891876, 0.10837125033140182, 0.10357090085744858, 0.10435286164283752, 0.10850311815738678, 0.10523277521133423, 0.10578657686710358, 0.1044633537530899, 0.10976541042327881, 0.10806640237569809, 0.10966779291629791, 0.10637819766998291, 0.11220931261777878, 0.10872815549373627, 0.1046542227268219, 0.1057421863079071, 0.1122407615184784, 0.1086396872997284, 0.11005453765392303, 0.10658948868513107, 0.10701888799667358, 0.10746095329523087, 0.10669936239719391, 0.10548125952482224, 0.10938480496406555, 0.1057257354259491, 0.10749910771846771, 0.10608450323343277, 0.10937491059303284, 0.10608503967523575, 0.1092989444732666, 0.10616914182901382, 0.11417162418365479, 0.11002053320407867, 0.11686521768569946, 0.11238997429609299, 0.11329039931297302, 0.109609454870224, 0.1104561910033226, 0.10700253397226334, 0.10969861596822739, 0.10636331140995026, 0.11126002669334412, 0.10944518446922302, 0.10401211678981781, 0.10454320907592773, 0.1062822937965393, 0.10716262459754944, 0.11397311836481094, 0.10815993696451187, 0.11425521224737167, 0.10859554260969162, 0.10614040493965149, 0.10522046685218811, 0.10691846907138824, 0.10753653198480606, 0.10294496268033981, 0.10559167712926865, 0.11064884066581726, 0.11227929592132568, 0.10620171576738358, 0.1071050688624382, 0.11076019704341888, 0.10890627652406693, 0.1150069311261177, 0.10732670873403549, 0.11027494817972183, 0.10670730471611023, 0.1086711660027504, 0.10883332788944244, 0.11243781447410583, 0.10922493785619736, 0.11122270673513412, 0.1059715747833252, 0.10602335631847382, 0.1068781241774559],