{"loss": [0.020068597048521042, 0.02374408394098282, 0.04342817887663841, 0.042160145938396454, 0.024992473423480988, 0.025113554671406746, 0.03575550392270088, 0.03584401682019234, 0.032059330493211746, 0.030675480142235756, 0.024131974205374718, 0.024514904245734215, 0.02678247168660164, 0.027899112552404404, 0.021695248782634735, 0.021947495639324188, 0.0234929621219635, 0.023034503683447838, 0.0233418270945549, 0.02348172664642334, 0.02251097746193409, 0.022030768916010857, 0.02243722230195999, 0.022448699921369553, 0.021617157384753227, 0.02112431265413761, 0.019349753856658936, 0.01920127496123314, 0.02213246002793312, 0.02142646163702011, 0.019719697535037994, 0.01980643719434738, 0.022416766732931137, 0.021758217364549637, 0.01933414675295353, 0.019776012748479843, 0.020474467426538467, 0.019412599503993988, 0.01973230019211769, 0.02019711211323738, 0.01750793121755123, 0.017992235720157623, 0.01956256851553917, 0.019305936992168427, 0.019460242241621017, 0.019057907164096832, 0.01597919873893261, 0.016206037253141403, 0.018690358847379684, 0.01767916791141033, 0.018973983824253082, 0.018375126644968987, 0.016428260132670403, 0.016514359042048454, 0.016004687175154686, 0.016182584688067436, 0.01614638790488243, 0.016508564352989197, 0.01741465926170349, 0.01725766994059086, 0.016809804365038872, 0.01774197816848755, 0.019034160301089287, 0.018381169065833092, 0.017943216487765312, 0.017253100872039795, 0.01771574094891548, 0.01820802502334118, 0.015869909897446632, 0.016367755830287933, 0.01676286943256855, 0.01717483252286911, 0.017436493188142776, 0.01751607470214367, 0.01825280860066414, 0.017947129905223846, 0.016794322058558464, 0.01709984801709652, 0.017057104036211967, 0.017009355127811432, 0.018632519990205765, 0.017949778586626053, 0.019771529361605644, 0.018512459471821785, 0.015783559530973434, 0.016068436205387115, 0.01734286919236183, 0.016846980899572372, 0.016353584825992584, 0.0162888765335083, 0.017845530062913895, 0.01642143540084362, 0.01774686574935913, 0.017558051273226738, 0.01708049885928631, 0.015806861221790314, 0.018308214843273163, 0.017682986333966255, 0.018319860100746155, 0.017763808369636536], "position_loss": [0.008545342832803726, 0.010387525893747807, 0.01982242986559868, 0.01926652155816555, 0.01081160269677639, 0.010913992300629616, 0.01637241430580616, 0.01633523777127266, 0.014448124915361404, 0.013807276263833046, 0.010519239120185375, 0.010759811848402023, 0.01169062964618206, 0.012301938608288765, 0.009267771616578102, 0.009410134516656399, 0.010209309868514538, 0.010023240931332111, 0.010255563072860241, 0.010277808643877506, 0.009711265563964844, 0.00953561533242464, 0.009709539823234081, 0.009737873449921608, 0.009128899313509464, 0.008932660333812237, 0.008099677972495556, 0.008038286119699478, 0.009581631049513817, 0.00926956906914711, 0.008374907076358795, 0.008431599475443363, 0.009627196937799454, 0.009340252727270126, 0.008134402334690094, 0.008336678147315979, 0.008693615905940533, 0.00825021043419838, 0.008447285741567612, 0.0086545804515481, 0.007319906260818243, 0.007549017667770386, 0.008271921426057816, 0.008162889629602432, 0.008194136433303356, 0.008031550794839859, 0.006534757558256388, 0.006640751380473375, 0.007677765563130379, 0.007276808377355337, 0.007929099723696709, 0.007687369827181101, 0.006641000974923372, 0.006685388274490833, 0.0064783599227666855, 0.006556901149451733, 0.00656432518735528, 0.00671270489692688, 0.007143677677959204, 0.0070745148696005344, 0.0069560883566737175, 0.0073371282778680325, 0.00790542084723711, 0.00762467086315155, 0.007329460233449936, 0.007050573825836182, 0.0073977685533463955, 0.0075962841510772705, 0.006446254439651966, 0.006682081613689661, 0.006901405286043882, 0.00708760553970933, 0.007186508271843195, 0.007229326292872429, 0.007581502199172974, 0.007451748475432396, 0.006909757852554321, 0.007048621773719788, 0.007010905537754297, 0.0069954609498381615, 0.007786803878843784, 0.007485692854970694, 0.008121900260448456, 0.007633413653820753, 0.006442205980420113, 0.00657028378918767, 0.007136808708310127, 0.006938633043318987, 0.006674804724752903, 0.0066601927392184734, 0.007245072163641453, 0.006656430661678314, 0.007367274723947048, 0.007284117862582207, 0.006861669011414051, 0.00636117672547698, 0.007535174954682589, 0.007294611074030399, 0.007582495920360088, 0.0073545766063034534], "gru_regularizer_loss": [0.11876329779624939, 0.11861998587846756, 0.13795651495456696, 0.1337793618440628, 0.1260734498500824, 0.12191390991210938, 0.11471861600875854, 0.116545170545578, 0.12196658551692963, 0.11802378296852112, 0.12203560024499893, 0.11920571327209473, 0.12602442502975464, 0.12428024411201477, 0.1231030821800232, 0.12239335477352142, 0.1244264543056488, 0.12025043368339539, 0.11621683835983276, 0.11696633696556091, 0.1186961680650711, 0.11483874917030334, 0.12063723802566528, 0.11859489977359772, 0.12711939215660095, 0.12281610071659088, 0.11887393891811371, 0.11735741049051285, 0.1176438108086586, 0.11417463421821594, 0.11928798258304596, 0.11739660799503326, 0.12607136368751526, 0.1218847706913948, 0.1202373281121254, 0.12024377286434174, 0.12497025728225708, 0.11863929778337479, 0.11762119829654694, 0.11777599900960922, 0.11649930477142334, 0.1167672723531723, 0.12078563868999481, 0.11867206543684006, 0.12514084577560425, 0.12095575779676437, 0.1177767962217331, 0.116379514336586, 0.127097487449646, 0.12050367891788483, 0.12375431507825851, 0.11950986832380295, 0.12193474173545837, 0.12022427469491959, 0.12046755850315094, 0.11898713558912277, 0.11752108484506607, 0.11816814541816711, 0.12176855653524399, 0.11992157995700836, 0.11444453150033951, 0.11893093585968018, 0.12489134073257446, 0.12079482525587082, 0.12619812786579132, 0.12172380834817886, 0.11789871007204056, 0.11858178675174713, 0.11688403785228729, 0.1172550618648529, 0.1171538382768631, 0.11756566911935806, 0.12039701640605927, 0.11883337050676346, 0.12096888571977615, 0.11905814707279205, 0.1180487871170044, 0.11829079687595367, 0.1208805963397026, 0.11912395060062408, 0.12089458853006363, 0.1172434389591217, 0.13330255448818207, 0.12423862516880035, 0.11695996671915054, 0.11732934415340424, 0.12434231489896774, 0.12010294944047928, 0.12060713022947311, 0.11864691227674484, 0.13163019716739655, 0.12281252443790436, 0.12051315605640411, 0.11881741881370544, 0.13085336983203888, 0.12200890481472015, 0.12792429327964783, 0.12326714396476746, 0.1272515207529068, 0.12278053164482117],