{"loss": [0.02379668690264225, 0.02493639476597309, 0.034740205854177475, 0.03408648073673248, 0.025719614699482918, 0.025744512677192688, 0.020072171464562416, 0.02056124433875084, 0.023359768092632294, 0.023480186238884926, 0.02299479767680168, 0.02287083864212036, 0.020920490846037865, 0.0214181300252676, 0.021185163408517838, 0.02157997339963913, 0.020971020683646202, 0.02082788199186325, 0.020037908107042313, 0.020824041217565536, 0.021055707708001137, 0.02001212351024151, 0.02122415229678154, 0.0214791689068079, 0.022449389100074768, 0.02173800580203533, 0.022361433133482933, 0.021863451227545738, 0.019108861684799194, 0.020544787868857384, 0.02160138078033924, 0.021608132869005203, 0.020529022440314293, 0.020706959068775177, 0.021061502397060394, 0.020182227715849876, 0.020459730178117752, 0.019871462136507034, 0.019545042887330055, 0.019605664536356926, 0.020060554146766663, 0.020456964150071144, 0.019627010449767113, 0.02007998712360859, 0.020045869052410126, 0.018975937739014626, 0.019480139017105103, 0.01868940331041813, 0.018238328397274017, 0.018500611186027527, 0.018297819420695305, 0.018137576058506966, 0.018132712692022324, 0.017494117841124535, 0.018581494688987732, 0.018404241651296616, 0.01876058243215084, 0.0189371220767498, 0.019598860293626785, 0.019995830953121185], "position_loss": [0.010163652710616589, 0.010784260928630829, 0.015609120018780231, 0.015297906473279, 0.010737747885286808, 0.010841603390872478, 0.008259687572717667, 0.008503608405590057, 0.010044357739388943, 0.010076794773340225, 0.009689653292298317, 0.0096837617456913, 0.008619224652647972, 0.008892595767974854, 0.008906995877623558, 0.009103658609092236, 0.008748838678002357, 0.008705978281795979, 0.008278829976916313, 0.008658849634230137, 0.00877678394317627, 0.008332583121955395, 0.00899652112275362, 0.009098277427256107, 0.009141495451331139, 0.008906800299882889, 0.009308937937021255, 0.009094642475247383, 0.007847157306969166, 0.00846254825592041, 0.009092804975807667, 0.009038531221449375, 0.008359935134649277, 0.008480293676257133, 0.008619084022939205, 0.00826161727309227, 0.008489644154906273, 0.008248222060501575, 0.008113568648695946, 0.008143521845340729, 0.00830092467367649, 0.008503938093781471, 0.008047451265156269, 0.008288838900625706, 0.008231266401708126, 0.007795166689902544, 0.008013281039893627, 0.007671933155506849, 0.007456687744706869, 0.0075745368376374245, 0.007428407669067383, 0.007360406219959259, 0.007316772826015949, 0.007047093473374844, 0.007490090094506741, 0.007441315334290266, 0.007600404787808657, 0.00771101051941514, 0.008065547794103622, 0.008260431699454784], "gru_regularizer_loss": [0.158744215965271, 0.15587647259235382, 0.16231392323970795, 0.16210556030273438, 0.17861048877239227, 0.1737719029188156, 0.1610276699066162, 0.16143012046813965, 0.1531808227300644, 0.15490804612636566, 0.16543947160243988, 0.16200566291809082, 0.16530101001262665, 0.1647312045097351, 0.15780891478061676, 0.1581864058971405, 0.16191419959068298, 0.15945802628993988, 0.15795236825942993, 0.1605796217918396, 0.16434313356876373, 0.15659792721271515, 0.15189044177532196, 0.15342611074447632, 0.17716358602046967, 0.1695864349603653, 0.16476017236709595, 0.16224703192710876, 0.15403498709201813, 0.1598474383354187, 0.15576112270355225, 0.1584000587463379, 0.16617655754089355, 0.16378185153007507, 0.16827666759490967, 0.16232647001743317, 0.16160815954208374, 0.15655717253684998, 0.15580758452415466, 0.1562213897705078, 0.1580381989479065, 0.15832072496414185, 0.1606958657503128, 0.16049008071422577, 0.1676557958126068, 0.15902739763259888, 0.16077734529972076, 0.15585854649543762, 0.15590916574001312, 0.1568719446659088, 0.16108696162700653, 0.15906968712806702, 0.16134639084339142, 0.15652215480804443, 0.16327644884586334, 0.16044865548610687, 0.16272249817848206, 0.16222667694091797, 0.15934230387210846, 0.15972155332565308], "l2_xdx_activation_loss": [0.0006269544828683138, 0.0006026776391081512, 0.0006325831054709852, 0.0006228439742699265, 0.0008189788786694407, 0.0007741702720522881, 0.0006471476517617702, 0.0006462166202254593, 0.0005793893942609429, 0.0005921472911722958, 0.000653340423014015, 0.0006273948238231242, 0.0006759847165085375, 0.0006615161546505988, 0.0005973352817818522, 0.0005965716554783285, 0.0006177076720632613, 0.0006067552603781223, 0.0006332152406685054, 0.0006331562763080001, 0.0006192101864144206, 0.0005933003267273307, 0.0005703754140995443, 0.0005824248073622584, 0.0007978943176567554, 0.0007424874929711223, 0.0006982925697229803, 0.0006835394888184965, 0.0006243731477297843, 0.0006733791087754071, 0.0006190268904902041, 0.0006486639031209052, 0.0007154355407692492, 0.0007024907972663641, 0.0007131632883101702, 0.000678216980304569, 0.0006210932042449713, 0.0006027883500792086, 0.0005862496909685433, 0.0005851087626069784, 0.0006257478380575776, 0.0006216007168404758, 0.000641356804408133, 0.000632110342849046, 0.0006352326017804444, 0.000598083483055234, 0.0006149076507426798, 0.0005952904466539621, 0.0005882604164071381, 0.0005939130787737668, 0.0006096846773289144, 0.0006083287298679352, 0.0006282077520154417, 0.0006112094270065427, 0.0006558232707902789, 0.0006386812310665846, 0.0006438219570554793, 0.000630584021564573, 0.0006244206451810896, 0.0006255579646676779]}