{"loss": [0.022641319781541824, 0.02448808215558529, 0.03344197943806648, 0.03360709920525551, 0.030005553737282753, 0.02902349829673767, 0.0223489198833704, 0.02233237400650978, 0.020887341350317, 0.02142021805047989, 0.022382531315088272, 0.022712837904691696, 0.02123638428747654, 0.01970292441546917, 0.024188414216041565, 0.022822417318820953, 0.021423308178782463, 0.021200887858867645, 0.020434336736798286, 0.021403871476650238, 0.018742835149168968, 0.01985519379377365, 0.021810496225953102, 0.02164522558450699, 0.01966959610581398, 0.019085396081209183, 0.0205947645008564, 0.020266631618142128, 0.018078722059726715, 0.018207605928182602, 0.019580017775297165, 0.019306911155581474, 0.019181642681360245, 0.019127024337649345, 0.018467828631401062, 0.01920204609632492, 0.019912732765078545, 0.019139878451824188, 0.019703835248947144, 0.019144542515277863, 0.019238028675317764, 0.01823481172323227, 0.023451434448361397, 0.022555014118552208, 0.017583610489964485, 0.019042326137423515, 0.022621529176831245, 0.02248004451394081, 0.020938891917467117, 0.020009325817227364, 0.02381879836320877, 0.022932881489396095, 0.018008839339017868, 0.01855621114373207, 0.01987258531153202, 0.019973361864686012, 0.020558061078190804, 0.02052445337176323, 0.019504081457853317, 0.019048655405640602], "position_loss": [0.009546289220452309, 0.0105612613260746, 0.014867199584841728, 0.014870792627334595, 0.013168683275580406, 0.012735149823129177, 0.009312527254223824, 0.009358230978250504, 0.008596883155405521, 0.008891567587852478, 0.009385249577462673, 0.009558307006955147, 0.008673830889165401, 0.008040925487875938, 0.010116077959537506, 0.009520115330815315, 0.008996376767754555, 0.008894845843315125, 0.008526329882442951, 0.008981946855783463, 0.007645993959158659, 0.008138840086758137, 0.009146877564489841, 0.009072464890778065, 0.008018671534955502, 0.007796205580234528, 0.008554144762456417, 0.00840856321156025, 0.007297668606042862, 0.007353907451033592, 0.008065770380198956, 0.00794280506670475, 0.007893991656601429, 0.00788093265146017, 0.0075701382011175156, 0.00786628108471632, 0.00814526341855526, 0.007810721639543772, 0.008060973137617111, 0.007828319445252419, 0.007810660637915134, 0.007410751655697823, 0.009926789440214634, 0.009538375772535801, 0.007208783179521561, 0.007879277691245079, 0.00953673105686903, 0.009495217353105545, 0.008653413504362106, 0.008280802518129349, 0.010173018090426922, 0.00977296195924282, 0.007331338711082935, 0.007598615251481533, 0.008286762051284313, 0.008309513330459595, 0.008587229996919632, 0.008570305071771145, 0.007983097806572914, 0.007817594334483147], "gru_regularizer_loss": [0.15191003680229187, 0.1448305994272232, 0.1506611704826355, 0.15463072061538696, 0.14922189712524414, 0.1450822651386261, 0.15444570779800415, 0.15137344598770142, 0.15463103353977203, 0.15400320291519165, 0.1514306366443634, 0.15148550271987915, 0.1621021032333374, 0.15157747268676758, 0.1621147245168686, 0.1543935239315033, 0.1484876126050949, 0.1468680202960968, 0.1444729119539261, 0.1479177623987198, 0.1456848680973053, 0.14991015195846558, 0.14893518388271332, 0.14765283465385437, 0.15407902002334595, 0.1493334025144577, 0.14951260387897491, 0.1479688435792923, 0.14977173507213593, 0.14875750243663788, 0.14826896786689758, 0.14694783091545105, 0.1486884504556656, 0.14722371101379395, 0.14214405417442322, 0.14682500064373016, 0.15396854281425476, 0.14954929053783417, 0.15328218042850494, 0.1488947719335556, 0.15486395359039307, 0.14745831489562988, 0.1527661681175232, 0.14827468991279602, 0.14267811179161072, 0.14671951532363892, 0.15250706672668457, 0.15035465359687805, 0.15668655931949615, 0.14929644763469696, 0.14893868565559387, 0.14506714046001434, 0.14479117095470428, 0.14589761197566986, 0.14462324976921082, 0.1461435705423355, 0.14931027591228485, 0.14792531728744507, 0.15155920386314392, 0.14684152603149414], "l2_xdx_activation_loss": [0.0006761838449165225, 0.0006387216271832585, 0.0007332931854762137, 0.0007727063493803144, 0.0007249594782479107, 0.0007004289655014873, 0.000726106227375567, 0.000700362550560385, 0.0007153917104005814, 0.0006986533990129828, 0.0006988788372837007, 0.0006934262346476316, 0.0007555366028100252, 0.0007014022557996213, 0.0007780060404911637, 0.0007457197643816471, 0.0006481957389041781, 0.0006471418309956789, 0.0006452853558585048, 0.0006532366387546062, 0.0006643026135861874, 0.0006924401386640966, 0.000675432151183486, 0.0006742242258042097, 0.0006967906374484301, 0.0006661862717010081, 0.0006634190795011818, 0.000656242249533534, 0.0006615253514610231, 0.0006703746039420366, 0.000654898292850703, 0.0006502436008304358, 0.0006352277123369277, 0.0006306101568043232, 0.0006350058829411864, 0.0006667134584859014, 0.0006938096485100687, 0.0006739495438523591, 0.0006826588069088757, 0.0006659554783254862, 0.0006889917422086, 0.0006458780262619257, 0.0006897003040648997, 0.0006648072157986462, 0.0005793901509605348, 0.0006051606615073979, 0.0006739675882272422, 0.0006616567843593657, 0.0006880346918478608, 0.0006512200925499201, 0.0006607610848732293, 0.0006450646324083209, 0.0006323855486698449, 0.0006329698953777552, 0.000617245037574321, 0.0006306018913164735, 0.0006298020598478615, 0.0006344993598759174, 0.0006737334188073874, 0.0006479858420789242]}