{"loss": [0.02193325385451317, 0.024760175496339798, 0.04294070601463318, 0.03994652256369591, 0.030464602634310722, 0.030862711369991302, 0.02964913286268711, 0.029981758445501328, 0.03132324665784836, 0.029597802087664604, 0.026340559124946594, 0.02615390345454216, 0.024530567228794098, 0.023470988497138023, 0.026172103360295296, 0.026205386966466904, 0.023205827921628952, 0.02235542982816696, 0.022033168002963066, 0.022424472495913506, 0.020355654880404472, 0.020279791206121445, 0.021230407059192657, 0.02084021084010601, 0.020448606461286545, 0.02127045765519142, 0.01827811822295189, 0.019031431525945663, 0.01884373277425766, 0.019697850570082664, 0.018177881836891174, 0.01853308081626892, 0.01665850542485714, 0.017939163371920586, 0.0188802070915699, 0.018144816160202026, 0.019888699054718018, 0.018905289471149445, 0.017738603055477142, 0.017586074769496918, 0.01805828884243965, 0.01830184832215309, 0.017803596332669258, 0.017044849693775177, 0.01752031408250332, 0.017413094639778137, 0.01587502285838127, 0.017292078584432602, 0.017658432945609093, 0.018303122371435165, 0.017175298184156418, 0.017575040459632874, 0.018802935257554054, 0.018584975972771645, 0.016002772375941277, 0.016803881153464317, 0.01951499655842781, 0.018946336582303047, 0.018798356875777245, 0.018140215426683426], "position_loss": [0.00932860467582941, 0.010814125649631023, 0.019555464386940002, 0.018171969801187515, 0.013633860275149345, 0.013847685419023037, 0.01323657762259245, 0.01340227946639061, 0.013703634962439537, 0.01295015960931778, 0.011556313373148441, 0.011460025794804096, 0.010646921582520008, 0.010189174674451351, 0.011566770263016224, 0.011579406447708607, 0.010081462562084198, 0.009706449694931507, 0.009502352215349674, 0.00970371626317501, 0.008594305254518986, 0.008570868521928787, 0.009059656411409378, 0.008866716176271439, 0.008779617957770824, 0.009131703525781631, 0.0076070511713624, 0.007910581305623055, 0.007829805836081505, 0.008194748312234879, 0.007539710029959679, 0.007689387537539005, 0.006871435791254044, 0.007427195552736521, 0.0077012330293655396, 0.007403687573969364, 0.008184256963431835, 0.007773758843541145, 0.0072441380470991135, 0.007194876670837402, 0.0073868948966264725, 0.007479968946427107, 0.0071989502757787704, 0.006905173417180777, 0.007123902905732393, 0.00709558604285121, 0.006487077567726374, 0.007106324192136526, 0.007215133868157864, 0.007512927986681461, 0.007029599975794554, 0.007192039862275124, 0.00780837656930089, 0.007704427000135183, 0.006487009581178427, 0.006830653641372919, 0.008154967799782753, 0.007930892519652843, 0.007743236608803272, 0.007475296501070261], "gru_regularizer_loss": [0.13113291561603546, 0.12581488490104675, 0.14377574622631073, 0.13584548234939575, 0.12963026762008667, 0.1281040459871292, 0.1287866234779358, 0.12846702337265015, 0.1480645388364792, 0.13954631984233856, 0.12715472280979156, 0.127752885222435, 0.13260258734226227, 0.12635786831378937, 0.12948228418827057, 0.12723129987716675, 0.12966419756412506, 0.12517422437667847, 0.12542355060577393, 0.1253432035446167, 0.1297921985387802, 0.127616748213768, 0.12518581748008728, 0.12364690750837326, 0.12118738889694214, 0.12432628124952316, 0.12099578976631165, 0.12458721548318863, 0.12330234050750732, 0.1262473464012146, 0.1254248023033142, 0.12605199217796326, 0.11846473813056946, 0.12368374317884445, 0.13204240798950195, 0.12736347317695618, 0.13545390963554382, 0.1283903270959854, 0.12931928038597107, 0.12707971036434174, 0.1281108558177948, 0.12831227481365204, 0.1336141675710678, 0.12667109072208405, 0.12922486662864685, 0.12729211151599884, 0.12122014909982681, 0.1260339468717575, 0.12930069863796234, 0.12919722497463226, 0.1263645887374878, 0.12707684934139252, 0.12779615819454193, 0.12602658569812775, 0.1219199001789093, 0.12487980723381042, 0.13110892474651337, 0.12663143873214722, 0.13722102344036102, 0.13198642432689667], "l2_xdx_activation_loss": [0.0006545630167238414, 0.000624249572865665, 0.0007969968719407916, 0.0007476998725906014, 0.0006331836339086294, 0.0006284245755523443, 0.0006290277233347297, 0.0006305013666860759, 0.0008114345837384462, 0.0007669979240745306, 0.0006517853471450508, 0.000651764334179461, 0.0006365563604049385, 0.0006093432893976569, 0.0005809038411825895, 0.0005910779582336545, 0.0005817441851831973, 0.000563253415748477, 0.0005910662584938109, 0.000587525952141732, 0.0006226980476640165, 0.0006202862714417279, 0.0006194020970724523, 0.0006230938015505672, 0.0005588221247307956, 0.0005875856149941683, 0.0006176760070957243, 0.0006544559146277606, 0.0006500230520032346, 0.0006816168897785246, 0.0006143944337964058, 0.0006309184245765209, 0.0005766523536294699, 0.0006156350136734545, 0.0007187621667981148, 0.000687591964378953, 0.0007215382647700608, 0.0006909454241394997, 0.0006520341266877949, 0.0006414978997781873, 0.0006674533942714334, 0.0006859191926196218, 0.0006895078113302588, 0.0006555872387252748, 0.0006597432657144964, 0.0006493234541267157, 0.0005625449703074992, 0.0006060199812054634, 0.000644709391053766, 0.0006614219164475799, 0.000617140147369355, 0.0006397201213985682, 0.0006357294041663408, 0.0006382752908393741, 0.0006028410280123353, 0.0006309144082479179, 0.0006309797754511237, 0.0006057353457435966, 0.0006462139426730573, 0.000622908934019506]}