{"loss": [0.022245153784751892, 0.025421496480703354, 0.04221233353018761, 0.04202400892972946, 0.028069257736206055, 0.02672988548874855, 0.03262675926089287, 0.032833121716976166, 0.02648661658167839, 0.026063047349452972, 0.02340702712535858, 0.024120604619383812, 0.023715972900390625, 0.02386607974767685, 0.021304085850715637, 0.02107679285109043, 0.023429498076438904, 0.02332579903304577, 0.023495273664593697, 0.022786322981119156, 0.024141907691955566, 0.0228508859872818, 0.020493783056735992, 0.020949389785528183, 0.020255716517567635, 0.020589740946888924, 0.020438065752387047, 0.020430520176887512, 0.02039596065878868, 0.019726885482668877, 0.020118549466133118, 0.019518474116921425, 0.02057788334786892, 0.020220937207341194, 0.019667694345116615, 0.019055329263210297, 0.01918722130358219, 0.019025955349206924, 0.019091572612524033, 0.01895105093717575, 0.01833171211183071, 0.01808195374906063, 0.017866114154458046, 0.01822301372885704, 0.018051762133836746, 0.018049336969852448, 0.020598098635673523, 0.01896127313375473, 0.01684713549911976, 0.01725918985903263, 0.017826437950134277, 0.01827150024473667, 0.019414344802498817, 0.01839994266629219, 0.020410070195794106, 0.01945272833108902, 0.020086990669369698, 0.0198625847697258, 0.017785735428333282, 0.01792740821838379], "position_loss": [0.009529273957014084, 0.011116455309092999, 0.019369110465049744, 0.019258184358477592, 0.01221982017159462, 0.01163225993514061, 0.01451991219073534, 0.01458453293889761, 0.011386551894247532, 0.011211208999156952, 0.01004344504326582, 0.010412502102553844, 0.010138776153326035, 0.010270850732922554, 0.008727986365556717, 0.008709379471838474, 0.010007061995565891, 0.009987659752368927, 0.009887564927339554, 0.009618468582630157, 0.010130174458026886, 0.009611282497644424, 0.008604642935097218, 0.008825153112411499, 0.008514310233294964, 0.008653138764202595, 0.00847143679857254, 0.008488575927913189, 0.008362364023923874, 0.008095989003777504, 0.0083398949354887, 0.008089113980531693, 0.008642472326755524, 0.00847336184233427, 0.0080925477668643, 0.007847301661968231, 0.00784347765147686, 0.00777299702167511, 0.007798980455845594, 0.007742924615740776, 0.0074778227135539055, 0.0073827048763632774, 0.007187251932919025, 0.007331181783229113, 0.007265148218721151, 0.00727083208039403, 0.008380724117159843, 0.0076920036226511, 0.006762316450476646, 0.006948227062821388, 0.00722347991541028, 0.0074153789319098, 0.007914974354207516, 0.007485797628760338, 0.008455343544483185, 0.008069130592048168, 0.008296561427414417, 0.008222511038184166, 0.007135383319109678, 0.007234168704599142], "gru_regularizer_loss": [0.14756378531455994, 0.14862413704395294, 0.1463044285774231, 0.1498737931251526, 0.15812702476978302, 0.15094700455665588, 0.15151762962341309, 0.15372881293296814, 0.1573854386806488, 0.1552468091249466, 0.1512259840965271, 0.15171079337596893, 0.15623638033866882, 0.1534121036529541, 0.16735658049583435, 0.16116489470005035, 0.15797963738441467, 0.1555756777524948, 0.1639808714389801, 0.1581493765115738, 0.16688776016235352, 0.15805943310260773, 0.15041399002075195, 0.1516258716583252, 0.1503031849861145, 0.15197844803333282, 0.15715628862380981, 0.15547306835651398, 0.16176755726337433, 0.1567414104938507, 0.15744361281394958, 0.15290425717830658, 0.15222905576229095, 0.15097399055957794, 0.15696227550506592, 0.1522461175918579, 0.155440554022789, 0.15409766137599945, 0.15513208508491516, 0.1537172943353653, 0.15405428409576416, 0.1522546112537384, 0.1533661037683487, 0.15525954961776733, 0.1562272161245346, 0.15484784543514252, 0.16731196641921997, 0.15650048851966858, 0.15069732069969177, 0.1523706614971161, 0.15141338109970093, 0.15322335064411163, 0.16130687296390533, 0.15382680296897888, 0.1617046743631363, 0.15391594171524048, 0.1583457738161087, 0.15600010752677917, 0.15796488523483276, 0.15584217011928558], "l2_xdx_activation_loss": [0.0005699844332411885, 0.000567109789699316, 0.0006700173835270107, 0.0006692948518320918, 0.0006824439042247832, 0.0006516267312690616, 0.0006902482127770782, 0.0007085842662490904, 0.0007128799334168434, 0.000695714436005801, 0.0006022868328727782, 0.0005924919969402254, 0.0006250127917155623, 0.0005964133888483047, 0.0007245102315209806, 0.000681790173985064, 0.0006115201977081597, 0.0005979019915685058, 0.0006931059760972857, 0.0006556247244589031, 0.0007372212130576372, 0.0006822359864600003, 0.0005931137129664421, 0.0005939365946687758, 0.000574349018279463, 0.000587553542573005, 0.0006408701301552355, 0.0006325396825559437, 0.00068417948205024, 0.0006554915453307331, 0.0006211014115251601, 0.0006033953395672143, 0.0005898765521124005, 0.0005878183292225003, 0.0006373187643475831, 0.0006124154315330088, 0.0006482806638814509, 0.0006459885044023395, 0.0006470900843851268, 0.0006423357408493757, 0.0006115016294643283, 0.0005976594402454793, 0.0006523102638311684, 0.0006690125446766615, 0.0006527252262458205, 0.0006527251098304987, 0.0007208367460407317, 0.0006704137194901705, 0.0006048364448361099, 0.0006126699154265225, 0.0006214411114342511, 0.0006358294049277902, 0.0006567689124494791, 0.0006296859937720001, 0.0006271053571254015, 0.0005914290668442845, 0.0006364635191857815, 0.0006188474362716079, 0.0006447662599384785, 0.0006332092452794313]}