{"loss": [0.019602077081799507, 0.021064814180135727, 0.0350373312830925, 0.03520304709672928, 0.024235941469669342, 0.024221615865826607, 0.02683132514357567, 0.027090424671769142, 0.02583431825041771, 0.024737589061260223, 0.020120536908507347, 0.02070731110870838, 0.025232236832380295, 0.024279095232486725, 0.020320158451795578, 0.020461788401007652, 0.019122762605547905, 0.020012840628623962, 0.019254853948950768, 0.020022734999656677, 0.01793966069817543, 0.018307406455278397, 0.019639477133750916, 0.018958577886223793, 0.01673271879553795, 0.01710682548582554, 0.018969988450407982, 0.018671566620469093, 0.017754556611180305, 0.01729324646294117, 0.017280708998441696, 0.017236821353435516, 0.016148647293448448, 0.01659708470106125, 0.018866941332817078, 0.018053390085697174, 0.018240122124552727, 0.016884032636880875, 0.01623358577489853, 0.01701773889362812, 0.018251651898026466, 0.018441013991832733, 0.01772778294980526, 0.018218673765659332, 0.016316162422299385, 0.016912175342440605, 0.020105432718992233, 0.0187265332788229, 0.02021760120987892, 0.020403048023581505, 0.01924292743206024, 0.01826908439397812, 0.02041303925216198, 0.020790062844753265, 0.018033791333436966, 0.017644163221120834, 0.018118461593985558, 0.01808999292552471, 0.018917493522167206, 0.01822245866060257, 0.018299460411071777, 0.01797463186085224, 0.01795700564980507, 0.01784733310341835, 0.014374523423612118, 0.016169650480151176, 0.01683286391198635, 0.016638383269309998, 0.017133500427007675, 0.015839630737900734, 0.016306383535265923, 0.016950096935033798, 0.017824599519371986, 0.017794614657759666, 0.016632897779345512, 0.01628183200955391, 0.016679737716913223, 0.017825674265623093, 0.017560642212629318, 0.01772173121571541, 0.01777658239006996, 0.01816360466182232, 0.019297895953059196, 0.019699594005942345, 0.017694512382149696, 0.017409689724445343, 0.018889116123318672, 0.018244361504912376, 0.01800922304391861, 0.018004320561885834, 0.017097322270274162, 0.01692136377096176, 0.01623246818780899, 0.016520075500011444, 0.015526298433542252, 0.016343336552381516, 0.016578197479248047, 0.016092507168650627, 0.01613902859389782, 0.016727399080991745], "position_loss": [0.008228255435824394, 0.009026513434946537, 0.01601232960820198, 0.016054494306445122, 0.0105228116735816, 0.010543085634708405, 0.011565805412828922, 0.011707782745361328, 0.011027488857507706, 0.010554851964116096, 0.008515700697898865, 0.008804426528513432, 0.011052154004573822, 0.01063938345760107, 0.008648608811199665, 0.008683783933520317, 0.00810275599360466, 0.008463840000331402, 0.008159891702234745, 0.00842997245490551, 0.007420677691698074, 0.00755968876183033, 0.008237623609602451, 0.007949773222208023, 0.0069205909967422485, 0.007082534953951836, 0.007970600388944149, 0.007836210541427135, 0.0074112857691943645, 0.007206882815808058, 0.007182334549725056, 0.007162948604673147, 0.006611000280827284, 0.006790637969970703, 0.007876753807067871, 0.007509852293878794, 0.007516645360738039, 0.006950716953724623, 0.006685321219265461, 0.007011188194155693, 0.007692937273532152, 0.007751355413347483, 0.0074840416200459, 0.007698131259530783, 0.006682917941361666, 0.006961554288864136, 0.008483619429171085, 0.007907545194029808, 0.008677656762301922, 0.008760582655668259, 0.008065237663686275, 0.0076411389745771885, 0.008628885261714458, 0.008805176243185997, 0.007463708054274321, 0.007309297099709511, 0.007643697317689657, 0.007640121504664421, 0.007979224435985088, 0.007667871192097664, 0.0076094986870884895, 0.0074828811921179295, 0.007544870488345623, 0.00747601268813014, 0.0058842315338552, 0.006662840023636818, 0.006982049904763699, 0.006892274599522352, 0.00699350843206048, 0.00645129568874836, 0.006724827457219362, 0.006971015594899654, 0.007425808813422918, 0.007412093225866556, 0.006778328213840723, 0.006629160605370998, 0.006980446167290211, 0.00744906160980463, 0.0073334090411663055, 0.0074067497625947, 0.007522394880652428, 0.00767897255718708, 0.00819214154034853, 0.008387829177081585, 0.007341345772147179, 0.007214474957436323, 0.007953674532473087, 0.007654317654669285, 0.007493309210985899, 0.007496511097997427, 0.007068115286529064, 0.006971580907702446, 0.00667183892801404, 0.0067872414365410805, 0.0063561247661709785, 0.006714795250445604, 0.006803048774600029, 0.006615478079766035, 0.006696505472064018, 0.006924687419086695], "gru_regularizer_loss": [0.1271580457687378, 0.12236358225345612, 0.11867281794548035, 0.1199055090546608, 0.12509945034980774, 0.12232543528079987, 0.13160638511180878, 0.1292082518339157, 0.13568735122680664, 0.130493625998497, 0.12125182151794434, 0.12086299806833267, 0.1242598444223404, 0.12006648629903793, 0.12100905925035477, 0.12120842933654785, 0.11574061214923859, 0.1186477467417717, 0.1171262115240097, 0.12025655806064606, 0.12215952575206757, 0.12223149836063385, 0.12404195964336395, 0.11984433233737946, 0.11936771124601364, 0.11927950382232666, 0.12251127511262894, 0.12014664709568024, 0.11993628740310669, 0.11626173555850983, 0.1168055310845375, 0.11518543213605881, 0.11673712730407715, 0.11715180426836014, 0.12145295739173889, 0.11776813119649887, 0.12884575128555298, 0.12042418122291565, 0.11643670499324799, 0.11859243363142014, 0.11684967577457428, 0.11702506989240646, 0.1167297214269638, 0.11697142571210861, 0.12283800542354584, 0.12237785756587982, 0.12657585740089417, 0.11837831884622574, 0.1172744408249855, 0.11577257513999939, 0.12464255094528198, 0.11874767392873764, 0.11935725808143616, 0.1193293035030365, 0.12349431216716766, 0.11935516446828842, 0.11840280890464783, 0.11663500219583511, 0.12212659418582916, 0.11826363205909729, 0.12440281361341476, 0.12031427025794983, 0.12119618058204651, 0.11937672644853592, 0.11231353133916855, 0.11826393008232117, 0.11975032091140747, 0.11778387427330017, 0.12811574339866638, 0.11984115093946457, 0.11782071739435196, 0.12001636624336243, 0.1205206960439682, 0.11877518147230148, 0.12342476099729538, 0.1194087564945221, 0.11490660905838013, 0.11905936151742935, 0.11984966695308685, 0.11804097145795822, 0.11967499554157257, 0.11943040788173676, 0.12248970568180084, 0.12157806754112244, 0.12474287301301956, 0.12066500633955002, 0.1218395084142685, 0.11810004711151123, 0.12267608195543289, 0.12036506086587906, 0.12190908193588257, 0.12018617242574692, 0.11588200181722641, 0.1163388192653656, 0.11773593723773956, 0.11971864104270935, 0.12446852028369904, 0.12016645818948746, 0.11625441908836365, 0.11837439984083176],