{"loss": [0.019985860213637352, 0.021763278171420097, 0.03388921543955803, 0.03313698619604111, 0.02495584264397621, 0.024752898141741753, 0.024157689884305, 0.024242961779236794, 0.024080375209450722, 0.024043934419751167, 0.02174466848373413, 0.021203769370913506, 0.024740634486079216, 0.023844487965106964, 0.021511564031243324, 0.0211715679615736, 0.019879231229424477, 0.019147969782352448, 0.018056824803352356, 0.018108224496245384, 0.018794596195220947, 0.018104461953043938, 0.01899704523384571, 0.01843464933335781, 0.016709620133042336, 0.017553122714161873, 0.016189247369766235, 0.01686626486480236, 0.017909277230501175, 0.018254857510328293, 0.018758215010166168, 0.018282651901245117, 0.016705486923456192, 0.016813158988952637, 0.01892784982919693, 0.0178510844707489, 0.018692132085561752, 0.017456941306591034, 0.01688855141401291, 0.01711406745016575, 0.016923032701015472, 0.017295319586992264, 0.01661578379571438, 0.01710336282849312, 0.016727736219763756, 0.016593407839536667, 0.017018485814332962, 0.017299368977546692, 0.015512085519731045, 0.01691557839512825, 0.016884950920939445, 0.01607728749513626, 0.01741987094283104, 0.016820339486002922, 0.017391588538885117, 0.0167242418974638, 0.0164585430175066, 0.015601924620568752, 0.01684272289276123, 0.016390474513173103, 0.016165688633918762, 0.016948269680142403, 0.017233053222298622, 0.017422586679458618, 0.01541137509047985, 0.015555623918771744, 0.01624985598027706, 0.016645485535264015, 0.01554928719997406, 0.01622718945145607, 0.015721503645181656, 0.015708856284618378, 0.01601845771074295, 0.015568980015814304, 0.01792413741350174, 0.017495082691311836, 0.01648106798529625, 0.0156409814953804, 0.0164653193205595, 0.016769569367170334, 0.01632847636938095, 0.015791336074471474, 0.01674264296889305, 0.016359811648726463, 0.017120683565735817, 0.016853071749210358, 0.016752732917666435, 0.015783505514264107, 0.017308982089161873, 0.017012067139148712, 0.01637868769466877, 0.01645808294415474, 0.016828389838337898, 0.01682351343333721, 0.01618131995201111, 0.01619078405201435, 0.01708216965198517, 0.017337609082460403, 0.015558192506432533, 0.015951858833432198], "position_loss": [0.008506525307893753, 0.009450150653719902, 0.015370802022516727, 0.014998804777860641, 0.010820641182363033, 0.010766484774649143, 0.010261383838951588, 0.010339798405766487, 0.010263562202453613, 0.010258067399263382, 0.009209126234054565, 0.008982148952782154, 0.01085029635578394, 0.010409871116280556, 0.00930489506572485, 0.009144908748567104, 0.008289242163300514, 0.00801157671958208, 0.007506531663239002, 0.007544213905930519, 0.007944919168949127, 0.007646460551768541, 0.008089412935078144, 0.007843704894185066, 0.007037514820694923, 0.007372409105300903, 0.006780068855732679, 0.007052940782159567, 0.007543022744357586, 0.007679176051169634, 0.007901298813521862, 0.007698651868849993, 0.006914878264069557, 0.006946568842977285, 0.007968400605022907, 0.007503570057451725, 0.007801199331879616, 0.007292827591300011, 0.007033484522253275, 0.007116528693586588, 0.007134813815355301, 0.007252373732626438, 0.006933132186532021, 0.0071420553140342236, 0.006872508674860001, 0.006817961111664772, 0.007143404334783554, 0.00725184939801693, 0.006495025008916855, 0.007072356063872576, 0.006978324614465237, 0.00665441807359457, 0.007340228650718927, 0.007064503151923418, 0.007283521816134453, 0.006997325457632542, 0.006822776049375534, 0.006472870707511902, 0.007033222820609808, 0.006833134219050407, 0.0067725516855716705, 0.007083015516400337, 0.007306037936359644, 0.007380354683846235, 0.006408331915736198, 0.006469061132520437, 0.006820870563387871, 0.006979566533118486, 0.006434150971472263, 0.006704064551740885, 0.006553940009325743, 0.006536782719194889, 0.00659770704805851, 0.006405011285096407, 0.00747456680983305, 0.007294133305549622, 0.006842366419732571, 0.006503465585410595, 0.006900538690388203, 0.007006687577813864, 0.0067367590963840485, 0.0065140449441969395, 0.006958490703254938, 0.006797043140977621, 0.007238349877297878, 0.007098169066011906, 0.006878023035824299, 0.006477004382759333, 0.007222026586532593, 0.00709746265783906, 0.006769999396055937, 0.006789982784539461, 0.007067139260470867, 0.007066997233778238, 0.006681734696030617, 0.006691941991448402, 0.007223979104310274, 0.007311171852052212, 0.00640789745375514, 0.0065777194686234], "gru_regularizer_loss": [0.10729887336492538, 0.1033824160695076, 0.10516603291034698, 0.10376890748739243, 0.11236711591482162, 0.10996536165475845, 0.1145060807466507, 0.11204078793525696, 0.11227374523878098, 0.11209249496459961, 0.11098605394363403, 0.1073448657989502, 0.10753965377807617, 0.10433514416217804, 0.10315917432308197, 0.10185310989618301, 0.11255425959825516, 0.10623452812433243, 0.10691628605127335, 0.1051759421825409, 0.10548248142004013, 0.10187670588493347, 0.10282620042562485, 0.09954384714365005, 0.09601569175720215, 0.09955175966024399, 0.09640247374773026, 0.09965917468070984, 0.10283666849136353, 0.10351451486349106, 0.10816981643438339, 0.10437481105327606, 0.10248211026191711, 0.10165821760892868, 0.1063356027007103, 0.10077207535505295, 0.10926180332899094, 0.10146322846412659, 0.10183790326118469, 0.10256385803222656, 0.09777967631816864, 0.09943331778049469, 0.09986007213592529, 0.10093028098344803, 0.10475346446037292, 0.10326726734638214, 0.10044865310192108, 0.10133972018957138, 0.09582725912332535, 0.10137777030467987, 0.1076783686876297, 0.10180555284023285, 0.10283031314611435, 0.09968385845422745, 0.10248785465955734, 0.09910894930362701, 0.10724812746047974, 0.10132947564125061, 0.10521364212036133, 0.10169851779937744, 0.09714721143245697, 0.10051240026950836, 0.10049815475940704, 0.09955879300832748, 0.10128853470087051, 0.10015857219696045, 0.09988148510456085, 0.10075423121452332, 0.09903683513402939, 0.10208496451377869, 0.10041340440511703, 0.09943687915802002, 0.10513275861740112, 0.10170222073793411, 0.10656002908945084, 0.10299453139305115, 0.10698653757572174, 0.10109750181436539, 0.100425124168396, 0.10140761733055115, 0.10558338463306427, 0.10199287533760071, 0.10427332669496536, 0.10092142224311829, 0.10166286677122116, 0.1006152331829071, 0.10910247266292572, 0.10308811068534851, 0.10560906678438187, 0.10377205908298492, 0.10268984735012054, 0.1016269251704216, 0.10071378946304321, 0.0995149314403534, 0.10457350313663483, 0.1029883623123169, 0.10023117065429688, 0.10113055258989334, 0.10168950259685516, 0.10240807384252548],