{"loss": [0.019742466509342194, 0.021845825016498566, 0.03790109232068062, 0.036601707339286804, 0.031594168394804, 0.03232826292514801, 0.033891864120960236, 0.03282542526721954, 0.02885717712342739, 0.029921088367700577, 0.029278947040438652, 0.029263172298669815, 0.02239704504609108, 0.021976953372359276, 0.027966413646936417, 0.026541270315647125, 0.02759401686489582, 0.025551946833729744, 0.022532857954502106, 0.02226107567548752, 0.02079297974705696, 0.02073643170297146, 0.02217605523765087, 0.021450303494930267, 0.02019662968814373, 0.02092776447534561, 0.020170781761407852, 0.020247898995876312, 0.019235096871852875, 0.019052796065807343, 0.016448097303509712, 0.018057651817798615, 0.019519394263625145, 0.01944754272699356, 0.019258594140410423, 0.019250376150012016, 0.017615443095564842, 0.017871230840682983, 0.01840757019817829, 0.018571866676211357, 0.017145542427897453, 0.017100740224123, 0.017083149403333664, 0.017455123364925385, 0.01741652563214302, 0.016784174367785454, 0.017712712287902832, 0.01826135255396366, 0.015512828715145588, 0.016911335289478302, 0.016800319775938988, 0.01625172235071659, 0.01742509752511978, 0.01670900732278824, 0.018147224560379982, 0.017131080850958824, 0.016397986561059952, 0.01633136346936226, 0.01693357154726982, 0.01600266434252262, 0.017362304031848907, 0.017179224640130997, 0.016323016956448555, 0.016884135082364082, 0.016416633501648903, 0.01596403494477272, 0.018664194270968437, 0.018883584067225456, 0.015984108671545982, 0.016949491575360298, 0.016327643766999245, 0.01686009205877781, 0.015668021515011787, 0.015407059341669083, 0.017010042443871498, 0.01774030178785324, 0.017061080783605576, 0.016912557184696198, 0.01690780185163021, 0.016697926446795464, 0.017342085018754005, 0.018201753497123718, 0.016298674046993256, 0.01729540526866913, 0.017777102068066597, 0.017626022920012474, 0.017769576981663704, 0.017924265936017036, 0.01851741224527359, 0.017886104062199593, 0.017162136733531952, 0.01717931404709816, 0.015531148761510849, 0.016065197065472603, 0.01691674068570137, 0.01592167280614376, 0.018092283979058266, 0.018367784097790718, 0.015496131032705307, 0.016151322051882744], "position_loss": [0.008380929008126259, 0.009430934675037861, 0.017265670001506805, 0.016668569296598434, 0.01387026160955429, 0.014265436679124832, 0.015165142714977264, 0.01472073420882225, 0.01281033270061016, 0.013336381874978542, 0.013092629611492157, 0.01307592075318098, 0.00956625584512949, 0.00942311529070139, 0.012251095846295357, 0.011643949896097183, 0.01214287057518959, 0.011252216063439846, 0.009748474694788456, 0.009638275019824505, 0.0089721092954278, 0.00893730204552412, 0.009599067270755768, 0.009265143424272537, 0.008716230280697346, 0.009019415825605392, 0.008601726032793522, 0.00864105299115181, 0.008147525601089, 0.008062977343797684, 0.0069631109945476055, 0.007624858058989048, 0.008379594422876835, 0.008329194039106369, 0.008156975731253624, 0.008159185759723186, 0.007356539368629456, 0.0074463654309511185, 0.007753751706331968, 0.00780030433088541, 0.007074971683323383, 0.007078599650412798, 0.0070829568430781364, 0.00722131971269846, 0.007119715679436922, 0.006853233557194471, 0.007302766665816307, 0.007512535434216261, 0.0063412911258637905, 0.006922781467437744, 0.006885181646794081, 0.006664746440947056, 0.007141867186874151, 0.006836168933659792, 0.00752276973798871, 0.00708358408883214, 0.006694196257740259, 0.0066801453940570354, 0.006899540312588215, 0.006515714805573225, 0.007107552140951157, 0.0070452275685966015, 0.006717315874993801, 0.006964344065636396, 0.006695817690342665, 0.006523031275719404, 0.0077706254087388515, 0.007876822724938393, 0.006547505967319012, 0.006956926546990871, 0.0066875191405415535, 0.006929370574653149, 0.0062888250686228275, 0.006199638359248638, 0.007036413066089153, 0.007343130651861429, 0.007062582764774561, 0.007016825024038553, 0.006994869560003281, 0.006902085617184639, 0.007256212178617716, 0.007630137726664543, 0.006706297863274813, 0.007141503971070051, 0.0073909335769712925, 0.0073244464583694935, 0.0074250041507184505, 0.007479473948478699, 0.0077027552761137486, 0.007425026036798954, 0.0070401765406131744, 0.0070714196190238, 0.0062492829747498035, 0.006498022936284542, 0.0068750400096178055, 0.006468771491199732, 0.007577772252261639, 0.007721097208559513, 0.006328757852315903, 0.006630248390138149], "gru_regularizer_loss": [0.10877510905265808, 0.10956668853759766, 0.12061967700719833, 0.11670311540365219, 0.1209239810705185, 0.1204310804605484, 0.12044191360473633, 0.1160835400223732, 0.11301667243242264, 0.11364930123090744, 0.11215914785861969, 0.11303383857011795, 0.1185583770275116, 0.11433921754360199, 0.1225324273109436, 0.1160249412059784, 0.12116074562072754, 0.1127905547618866, 0.11259769648313522, 0.11107584834098816, 0.10983218997716904, 0.10883203893899918, 0.11197163909673691, 0.10908304899930954, 0.10608462989330292, 0.10978731513023376, 0.11304289847612381, 0.11192671209573746, 0.11040008068084717, 0.10954228043556213, 0.09990675002336502, 0.1080668717622757, 0.10803945362567902, 0.10737694054841995, 0.10963206738233566, 0.10858576744794846, 0.10876984894275665, 0.10992641001939774, 0.10869555175304413, 0.10988934338092804, 0.11135943233966827, 0.10974964499473572, 0.10898721218109131, 0.11027883738279343, 0.11608974635601044, 0.112447090446949, 0.11016940325498581, 0.11344461888074875, 0.10428135097026825, 0.11034901440143585, 0.11409170180559158, 0.1104707419872284, 0.11500990390777588, 0.1115901842713356, 0.11574354767799377, 0.11030253767967224, 0.11188261210918427, 0.110391765832901, 0.11771731823682785, 0.11187378317117691, 0.11463902145624161, 0.11285202950239182, 0.1100948303937912, 0.11102306842803955, 0.11378373950719833, 0.11020908504724503, 0.11322551220655441, 0.11363216489553452, 0.10771480947732925, 0.11114101856946945, 0.10948335379362106, 0.11028649657964706, 0.11453931033611298, 0.11122269183397293, 0.1073889285326004, 0.11049490422010422, 0.11098036170005798, 0.1095154881477356, 0.11128291487693787, 0.1099243015050888, 0.10618392378091812, 0.10925020277500153, 0.1081869900226593, 0.11129023134708405, 0.11156612634658813, 0.11038006097078323, 0.10973533987998962, 0.10920839756727219, 0.11359603703022003, 0.11045798659324646, 0.11377044022083282, 0.11204797774553299, 0.11098646372556686, 0.11188091337680817, 0.11918536573648453, 0.11298668384552002, 0.11054838448762894, 0.11080016195774078, 0.10801950842142105, 0.10912963002920151],