{"loss": [0.01935257762670517, 0.02276795543730259, 0.041449930518865585, 0.03948092833161354, 0.024537868797779083, 0.02562521956861019, 0.03491751104593277, 0.03369610756635666, 0.028024857863783836, 0.02787095308303833, 0.025355763733386993, 0.026088057085871696, 0.01966015249490738, 0.020980902016162872, 0.024581683799624443, 0.024280047044157982, 0.022931557148694992, 0.021579232066869736, 0.022293558344244957, 0.021487971767783165, 0.02082037180662155, 0.01973581314086914, 0.02025827020406723, 0.01944870688021183, 0.01827162876725197, 0.01865566521883011, 0.01815173029899597, 0.018071448430418968, 0.018892675638198853, 0.01864907518029213, 0.017758844420313835, 0.017648549750447273, 0.016931774094700813, 0.01729859597980976, 0.016636589542031288, 0.017061643302440643, 0.016704652458429337, 0.016734279692173004, 0.016134656965732574, 0.016947679221630096, 0.01644738018512726, 0.017466172575950623, 0.016596319153904915, 0.017112111672759056, 0.017420997843146324, 0.017332518473267555, 0.017082175239920616, 0.017022371292114258, 0.016655350103974342, 0.016589520499110222, 0.016590094193816185, 0.016025302931666374, 0.016981137916445732, 0.016824521124362946, 0.015362946316599846, 0.01564032770693302, 0.016057824715971947, 0.015990473330020905, 0.017342720180749893, 0.016744013875722885, 0.014895528554916382, 0.016079388558864594, 0.01665583625435829, 0.017405815422534943, 0.016486186534166336, 0.01737433671951294, 0.01763506606221199, 0.016693376004695892, 0.017371680587530136, 0.01715373992919922, 0.018223686143755913, 0.017661206424236298, 0.016336601227521896, 0.016278713941574097, 0.016460971906781197, 0.016878804191946983, 0.01560882292687893, 0.01593393087387085, 0.01613829843699932, 0.016472281888127327, 0.015742532908916473, 0.016224103048443794, 0.01674148067831993, 0.01629350706934929, 0.016749849542975426, 0.016246018931269646, 0.017719978466629982, 0.017056869342923164, 0.01724134385585785, 0.01683851145207882, 0.017905693501234055, 0.017022252082824707, 0.019215518608689308, 0.01825084164738655, 0.01666763797402382, 0.016011251136660576, 0.018279630690813065, 0.018024146556854248, 0.016942381858825684, 0.0173431895673275], "position_loss": [0.008119859732687473, 0.00982370600104332, 0.018674682825803757, 0.01782393641769886, 0.010550431907176971, 0.011038433760404587, 0.015640471130609512, 0.01510070450603962, 0.012370860204100609, 0.012305906042456627, 0.010950524359941483, 0.01131482608616352, 0.007989541627466679, 0.008633431978523731, 0.010458836331963539, 0.010332945734262466, 0.009719486348330975, 0.009129366837441921, 0.009410850703716278, 0.009064245037734509, 0.008733505383133888, 0.008250119164586067, 0.008442285470664501, 0.008098054677248001, 0.007515368051826954, 0.00766158290207386, 0.007432944606989622, 0.007382845506072044, 0.007827055640518665, 0.0076934960670769215, 0.007288604974746704, 0.007212314289063215, 0.00694833230227232, 0.007081291638314724, 0.006813504733145237, 0.006987476721405983, 0.00675703352317214, 0.006745277438312769, 0.006575570907443762, 0.006906354334205389, 0.006728404201567173, 0.007177958730608225, 0.006669678725302219, 0.006899276748299599, 0.007142292335629463, 0.007093178573995829, 0.006935817189514637, 0.006892157718539238, 0.006746189668774605, 0.006708154920488596, 0.006648431532084942, 0.00640547089278698, 0.006898002699017525, 0.0068072108551859856, 0.006082301028072834, 0.006195609457790852, 0.00645029079169035, 0.006410976406186819, 0.00696696387603879, 0.006722604855895042, 0.005997291300445795, 0.006475369445979595, 0.006776183843612671, 0.007107148412615061, 0.00675957091152668, 0.007099838927388191, 0.00713557843118906, 0.006739156320691109, 0.00707282917574048, 0.006955168209969997, 0.007501923944801092, 0.007262008730322123, 0.0065696872770786285, 0.006545199081301689, 0.00669275876134634, 0.006871179677546024, 0.006340125110000372, 0.006487701088190079, 0.006489399820566177, 0.006625163834542036, 0.006299159489572048, 0.006480608135461807, 0.0067610954865813255, 0.006546126678586006, 0.006762614473700523, 0.006554042920470238, 0.007241640705615282, 0.0069627100601792336, 0.007075939327478409, 0.006903658155351877, 0.007381047122180462, 0.007018396630883217, 0.00790311023592949, 0.007517315447330475, 0.00669980701059103, 0.006434697192162275, 0.007551976013928652, 0.007406292483210564, 0.0069189793430268764, 0.00708675617352128], "gru_regularizer_loss": [0.13190217316150665, 0.13295787572860718, 0.1582178920507431, 0.1498357206583023, 0.1368418037891388, 0.13876384496688843, 0.14042964577674866, 0.13499635457992554, 0.13512562215328217, 0.1339929699897766, 0.13925053179264069, 0.1407707929611206, 0.14510656893253326, 0.14647233486175537, 0.146696537733078, 0.14421847462654114, 0.14354516565799713, 0.13717325031757355, 0.1405065804719925, 0.13661393523216248, 0.13927721977233887, 0.13381052017211914, 0.13906994462013245, 0.13374026119709015, 0.13196957111358643, 0.1341429203748703, 0.1344456672668457, 0.13406901061534882, 0.13422590494155884, 0.1338181346654892, 0.1323969066143036, 0.13219790160655975, 0.13163191080093384, 0.13338682055473328, 0.13097354769706726, 0.13238517940044403, 0.13469287753105164, 0.13424859941005707, 0.12914922833442688, 0.13315828144550323, 0.1296248584985733, 0.1330471634864807, 0.13472676277160645, 0.13574939966201782, 0.1334378868341446, 0.1327824890613556, 0.13487845659255981, 0.13437965512275696, 0.13409605622291565, 0.13337284326553345, 0.1380401998758316, 0.13444191217422485, 0.1346501111984253, 0.13378065824508667, 0.13335447013378143, 0.1347552090883255, 0.1343715488910675, 0.13345272839069366, 0.13963600993156433, 0.13593807816505432, 0.1267097145318985, 0.1330299824476242, 0.13195057213306427, 0.1351473033428192, 0.12774217128753662, 0.1325255036354065, 0.1387624442577362, 0.13323073089122772, 0.13446062803268433, 0.13401219248771667, 0.13631439208984375, 0.13267315924167633, 0.1364271640777588, 0.1348942667245865, 0.1302136331796646, 0.13153867423534393, 0.12869656085968018, 0.12968765199184418, 0.13335347175598145, 0.13446976244449615, 0.13270235061645508, 0.13471662998199463, 0.13512860238552094, 0.13251370191574097, 0.13640031218528748, 0.13274358212947845, 0.1383080780506134, 0.13425248861312866, 0.135188490152359, 0.13184767961502075, 0.13655632734298706, 0.13062071800231934, 0.1407385766506195, 0.13436612486839294, 0.13895484805107117, 0.13305290043354034, 0.13262201845645905, 0.13205868005752563, 0.13089656829833984, 0.13243117928504944],