{"loss": [0.02030341513454914, 0.022902105003595352, 0.03972398862242699, 0.039540160447359085, 0.025227095931768417, 0.025752654299139977, 0.028602004051208496, 0.028404146432876587, 0.02100820280611515, 0.021365610882639885, 0.02454145811498165, 0.02585749886929989, 0.022781701758503914, 0.02172105759382248, 0.024355484172701836, 0.023277662694454193, 0.025038190186023712, 0.024552013725042343, 0.021200915798544884, 0.021626971662044525, 0.020424192771315575, 0.020611295476555824, 0.0190053042024374, 0.019005032256245613, 0.020085329189896584, 0.01979474164545536, 0.018602492287755013, 0.017771605402231216, 0.017195314168930054, 0.01818043552339077, 0.017592914402484894, 0.017121698707342148, 0.017806338146328926, 0.01758784055709839, 0.01734989508986473, 0.01737198792397976, 0.01847175508737564, 0.01784738153219223, 0.01772158220410347, 0.017207207158207893, 0.017147647216916084, 0.01707678847014904, 0.016331616789102554, 0.01627732627093792, 0.017734600231051445, 0.01714683324098587, 0.0163286030292511, 0.015739358961582184, 0.01573457196354866, 0.016010114923119545, 0.014741374179720879, 0.0156002938747406, 0.014096872881054878, 0.015397816896438599, 0.01660018227994442, 0.016184905543923378, 0.016617493703961372, 0.01605428010225296, 0.017590807750821114, 0.016517309471964836, 0.01522061973810196, 0.01601741835474968, 0.01691039651632309, 0.016534004360437393, 0.01604131981730461, 0.015569646842777729, 0.016198107972741127, 0.016172392293810844, 0.017657482996582985, 0.017558403313159943, 0.017616812139749527, 0.01741912215948105, 0.015501905232667923, 0.01561067532747984, 0.016216687858104706, 0.016345379874110222, 0.01562293991446495, 0.015574152581393719, 0.01617804728448391, 0.015770427882671356, 0.015236672013998032, 0.01689065247774124, 0.01561671681702137, 0.015915008261799812, 0.016012052074074745, 0.015446384437382221, 0.01631208509206772, 0.016296006739139557, 0.015977146103978157, 0.015595881268382072, 0.017521865665912628, 0.017513323575258255, 0.014772197231650352, 0.015407238155603409, 0.015506403520703316, 0.015542515553534031, 0.015537634491920471, 0.01575274020433426, 0.016839012503623962, 0.015917304903268814], "position_loss": [0.008846495300531387, 0.010101431049406528, 0.018162701278924942, 0.018050266429781914, 0.011078293435275555, 0.01118008978664875, 0.012655219994485378, 0.012500246055424213, 0.008823530748486519, 0.009043978527188301, 0.010584849864244461, 0.011260113678872585, 0.009604542516171932, 0.009189991280436516, 0.010652155615389347, 0.010189399123191833, 0.011194894090294838, 0.010928117670118809, 0.009281767532229424, 0.009448807686567307, 0.008818048052489758, 0.008932467550039291, 0.008045803755521774, 0.008046122267842293, 0.008644628338515759, 0.008485431782901287, 0.007852188311517239, 0.00751588074490428, 0.007228504866361618, 0.007663089316338301, 0.007330125197768211, 0.00713747926056385, 0.007545914500951767, 0.0074118440970778465, 0.007243388798087835, 0.0072426446713507175, 0.00778938690200448, 0.007486651185899973, 0.0073145367205142975, 0.007120176218450069, 0.007087781559675932, 0.007043709512799978, 0.006670242175459862, 0.0066504343412816525, 0.007301914505660534, 0.007061438634991646, 0.0066800834611058235, 0.00644133472815156, 0.006435360759496689, 0.006555100902915001, 0.005998990964144468, 0.006340629421174526, 0.005695837549865246, 0.006249378435313702, 0.0068237972445786, 0.0066661108285188675, 0.006858253385871649, 0.006615980062633753, 0.007294855080544949, 0.006842443253844976, 0.006285599432885647, 0.006585207302123308, 0.007022072561085224, 0.006857223343104124, 0.006561617832630873, 0.0063650645315647125, 0.006644697859883308, 0.006634702440351248, 0.007465581875294447, 0.007398940622806549, 0.007445167284458876, 0.007335131987929344, 0.006338244304060936, 0.006407069507986307, 0.006772600580006838, 0.0068106381222605705, 0.0064100162126123905, 0.006383164785802364, 0.0067113726399838924, 0.006538030691444874, 0.0063855331391096115, 0.0070633538998663425, 0.0064392779022455215, 0.0065881493501365185, 0.006610375829041004, 0.00636785663664341, 0.006742910947650671, 0.006734401918947697, 0.006562334485352039, 0.006408726796507835, 0.007317583542317152, 0.007289445027709007, 0.005935956258326769, 0.006204809527844191, 0.006322688888758421, 0.006326615810394287, 0.006382878869771957, 0.006450212560594082, 0.006868426688015461, 0.006495502777397633], "gru_regularizer_loss": [0.1016818955540657, 0.10505237430334091, 0.10929960012435913, 0.11205768585205078, 0.10684852302074432, 0.11088260263204575, 0.1095380038022995, 0.11170578002929688, 0.11743608862161636, 0.11506626009941101, 0.11404110491275787, 0.11534404754638672, 0.1251811683177948, 0.11797385662794113, 0.11632295697927475, 0.11056964099407196, 0.10691331326961517, 0.10619866102933884, 0.1032002717256546, 0.10465890914201736, 0.10648851841688156, 0.10528752952814102, 0.10963404178619385, 0.1086050420999527, 0.10746048390865326, 0.10679549723863602, 0.11132648587226868, 0.10579066723585129, 0.10361449420452118, 0.10688579827547073, 0.11025626212358475, 0.10704609006643295, 0.10560312122106552, 0.10521805286407471, 0.10733914375305176, 0.10666631907224655, 0.11009946465492249, 0.10719165205955505, 0.11126141995191574, 0.10781485587358475, 0.11052629351615906, 0.10944142937660217, 0.1103699579834938, 0.10904428362846375, 0.11459080129861832, 0.11082965135574341, 0.11079522967338562, 0.10732416063547134, 0.10780726373195648, 0.10861968249082565, 0.10395057499408722, 0.10756364464759827, 0.10507252812385559, 0.11030951142311096, 0.11256896704435349, 0.10904988646507263, 0.11006113886833191, 0.10686281323432922, 0.11316901445388794, 0.10754768550395966, 0.1040685772895813, 0.10800381749868393, 0.11026419699192047, 0.10719658434391022, 0.11073029041290283, 0.10751020908355713, 0.10707716643810272, 0.10616343468427658, 0.10611441731452942, 0.10558419674634933, 0.10731470584869385, 0.10651086270809174, 0.10994608700275421, 0.10851564258337021, 0.1057763546705246, 0.10686426609754562, 0.10945883393287659, 0.10816329717636108, 0.10819792002439499, 0.10504967719316483, 0.0985504686832428, 0.10643594712018967, 0.1079973578453064, 0.10670968890190125, 0.10990941524505615, 0.10659059137105942, 0.10696133971214294, 0.1060178130865097, 0.10974116623401642, 0.1064620316028595, 0.10847914963960648, 0.10769736766815186, 0.10503046959638596, 0.10652170330286026, 0.10848720371723175, 0.10743588954210281, 0.10502877831459045, 0.1061990037560463, 0.1151900365948677, 0.10920184850692749],