{"loss": [0.02242446504533291, 0.0233965665102005, 0.024602625519037247, 0.02435493655502796, 0.026668310165405273, 0.02740856260061264, 0.02368573285639286, 0.024575121700763702, 0.019329490140080452, 0.01991823874413967, 0.02495908923447132, 0.024980343878269196, 0.02408994361758232, 0.02370176464319229, 0.01943768747150898, 0.01989750750362873, 0.020464949309825897, 0.020601775497198105, 0.02106909081339836, 0.019347095862030983, 0.02028699778020382, 0.02012874372303486, 0.01884579285979271, 0.019145607948303223, 0.016811607405543327, 0.017881186679005623, 0.01744125783443451, 0.017784081399440765, 0.017573345452547073, 0.017897706478834152, 0.018054615706205368, 0.017508184537291527, 0.01712971180677414, 0.01723235473036766, 0.017455078661441803, 0.01852850615978241, 0.017050225287675858, 0.016867008060216904, 0.018482346087694168, 0.0178539901971817, 0.017702432349324226, 0.017872627824544907, 0.016156800091266632, 0.016667522490024567, 0.015806255862116814, 0.017052043229341507, 0.016007211059331894, 0.016917182132601738, 0.017569590359926224, 0.01751171238720417, 0.01616157591342926, 0.017049895599484444, 0.016291813924908638, 0.016691196709871292, 0.018091408535838127, 0.016814520582556725, 0.01602562516927719, 0.016789214685559273, 0.017429864034056664, 0.018076200038194656, 0.01696125417947769, 0.017842037603259087, 0.017161164432764053, 0.0173993781208992, 0.019558845087885857, 0.01898062974214554, 0.015535379759967327, 0.016108350828289986, 0.018277384340763092, 0.017391137778759003, 0.017506634816527367, 0.01651899702847004, 0.01772230677306652, 0.017642978578805923, 0.018473025411367416, 0.016770098358392715, 0.01636671833693981, 0.016032492741942406, 0.017864717170596123, 0.016927603632211685, 0.014813524670898914, 0.01599249243736267, 0.015670856460928917, 0.01698913425207138, 0.019087517634034157, 0.018219279125332832, 0.017831791192293167, 0.018182532861828804, 0.015855668112635612, 0.016354506835341454, 0.016839612275362015, 0.01725982129573822, 0.01589009165763855, 0.016426311805844307, 0.017910068854689598, 0.017730126157402992, 0.015721237286925316, 0.01647523231804371, 0.017771823331713676, 0.01764773204922676], "position_loss": [0.00961308553814888, 0.01017988845705986, 0.010608691722154617, 0.010512368753552437, 0.011677896603941917, 0.011940623633563519, 0.01024402491748333, 0.010627087205648422, 0.00788173545151949, 0.008150622248649597, 0.010943655855953693, 0.01090359315276146, 0.010361101478338242, 0.010192430578172207, 0.008158397860825062, 0.00836132187396288, 0.008774158544838428, 0.008842813782393932, 0.008993139490485191, 0.008239599876105785, 0.008588528260588646, 0.008539828471839428, 0.007941903546452522, 0.008046303875744343, 0.007031798362731934, 0.007477683946490288, 0.00727000692859292, 0.007405443117022514, 0.0072887493297457695, 0.007410897873342037, 0.007417269982397556, 0.007190066855400801, 0.006958176381886005, 0.006986310705542564, 0.007323350291699171, 0.0077499630860984325, 0.0068626864813268185, 0.006811653729528189, 0.007655239198356867, 0.007381718140095472, 0.007329446263611317, 0.007402707356959581, 0.006573357619345188, 0.006795321591198444, 0.006429919973015785, 0.00694989413022995, 0.0065992106683552265, 0.00697266636416316, 0.007242347579449415, 0.007206158712506294, 0.006663714535534382, 0.007013089023530483, 0.006653097458183765, 0.0068160067312419415, 0.007494342513382435, 0.006962221581488848, 0.006639593746513128, 0.0069402121007442474, 0.007269803434610367, 0.007531995419412851, 0.007020273245871067, 0.007396196946501732, 0.007006421219557524, 0.007152790669351816, 0.008127388544380665, 0.007891387678682804, 0.006299923174083233, 0.006544241216033697, 0.007616428192704916, 0.007234799209982157, 0.007262394297868013, 0.0068392399698495865, 0.007345604710280895, 0.007323122583329678, 0.007601292338222265, 0.006903494242578745, 0.006643563508987427, 0.006511552259325981, 0.007427762728184462, 0.007021848578006029, 0.005999024957418442, 0.0064813559874892235, 0.006520907860249281, 0.007087686099112034, 0.007934191264212132, 0.00758437579497695, 0.007419622503221035, 0.007565898820757866, 0.0064771743491292, 0.006690219044685364, 0.007041733246296644, 0.007199982646852732, 0.006489278748631477, 0.006719997152686119, 0.007483218796551228, 0.007391398306936026, 0.0064432681538164616, 0.006782280746847391, 0.007412903476506472, 0.00734683545306325], "gru_regularizer_loss": [0.132529616355896, 0.12619410455226898, 0.133375883102417, 0.13154619932174683, 0.12713268399238586, 0.1315961629152298, 0.12442268431186676, 0.12836463749408722, 0.13459941744804382, 0.13534706830978394, 0.12590347230434418, 0.12750202417373657, 0.13294921815395355, 0.13079872727394104, 0.12783022224903107, 0.12852945923805237, 0.1228153258562088, 0.12189117819070816, 0.1301584243774414, 0.12168802320957184, 0.12618006765842438, 0.12439066916704178, 0.12320384383201599, 0.12421495467424393, 0.11825990676879883, 0.12213114649057388, 0.12234073877334595, 0.12347675859928131, 0.12314258515834808, 0.1245361864566803, 0.12791623175144196, 0.12422927469015121, 0.12560240924358368, 0.12666809558868408, 0.11864966154098511, 0.12471869587898254, 0.13180479407310486, 0.1275288462638855, 0.1260453760623932, 0.12243252247571945, 0.12433585524559021, 0.12507791817188263, 0.12223263829946518, 0.12341390550136566, 0.11861234903335571, 0.12450248748064041, 0.11910712718963623, 0.12284000962972641, 0.12560489773750305, 0.12435468286275864, 0.11907784640789032, 0.1230313777923584, 0.12359463423490524, 0.12459620088338852, 0.1303570419549942, 0.12184994667768478, 0.11721302568912506, 0.1211514100432396, 0.12169186025857925, 0.1230725422501564, 0.11839917302131653, 0.12186212092638016, 0.12651711702346802, 0.12440208345651627, 0.13060076534748077, 0.12621863186359406, 0.12302723526954651, 0.12395073473453522, 0.1267285943031311, 0.12084218859672546, 0.1264180839061737, 0.12043604254722595, 0.12476983666419983, 0.12313001602888107, 0.1354990154504776, 0.12419840693473816, 0.12571418285369873, 0.12212330847978592, 0.12608695030212402, 0.12039332836866379, 0.11688181012868881, 0.12278962135314941, 0.11460426449775696, 0.1203036829829216, 0.13082213699817657, 0.12435676157474518, 0.12223944067955017, 0.12316618859767914, 0.1200493574142456, 0.12141556292772293, 0.11801479756832123, 0.11949580162763596, 0.11892001330852509, 0.12022357434034348, 0.12419907003641129, 0.12265154719352722, 0.12071788311004639, 0.12173651158809662, 0.12277618795633316, 0.12141487002372742],