{"loss": [0.02517741359770298, 0.024861350655555725, 0.03548692539334297, 0.03420327603816986, 0.02174360491335392, 0.022240811958909035, 0.02945053204894066, 0.0289680827409029, 0.021112924441695213, 0.020903902128338814, 0.024979468435049057, 0.024639097973704338, 0.02615058794617653, 0.024712584912776947, 0.02253846824169159, 0.02159796468913555, 0.017536217346787453, 0.018900074064731598, 0.01809355430305004, 0.01880764588713646, 0.022611835971474648, 0.021124130114912987, 0.020894337445497513, 0.020974043756723404, 0.021261276677250862, 0.021070152521133423, 0.018887342885136604, 0.018831385299563408, 0.02171919122338295, 0.02096736803650856, 0.02019612491130829, 0.02040586620569229, 0.019547155126929283, 0.01982201263308525, 0.02094377391040325, 0.020817384123802185, 0.02085193619132042, 0.020137907937169075, 0.018101364374160767, 0.018802758306264877, 0.018940085545182228, 0.019088923931121826, 0.01851753145456314, 0.01848575472831726, 0.017581040039658546, 0.018204854801297188, 0.016937997192144394, 0.018038954585790634, 0.019639331847429276, 0.01849398761987686, 0.018154945224523544, 0.01847812719643116, 0.017836619168519974, 0.018268775194883347, 0.018275834619998932, 0.017355507239699364, 0.01574716717004776, 0.015716075897216797, 0.016008373349905014, 0.016775188967585564, 0.01789732277393341, 0.017867080867290497, 0.0161504615098238, 0.01679728366434574, 0.016711123287677765, 0.017442598938941956, 0.01582597941160202, 0.01588299497961998, 0.01620865985751152, 0.016222430393099785, 0.01564214378595352, 0.016500473022460938, 0.01574370265007019, 0.015690136700868607, 0.018225153908133507, 0.01775575615465641, 0.016719825565814972, 0.016558993607759476, 0.01728401891887188, 0.016762875020503998, 0.01697731763124466, 0.01700744591653347, 0.01697184517979622, 0.017231689766049385, 0.016596060246229172, 0.0166198518127203, 0.01670577935874462, 0.016222061589360237, 0.0165886040776968, 0.01688537187874317, 0.015802105888724327, 0.01624038815498352, 0.016397256404161453, 0.016381757333874702, 0.017210694029927254, 0.01666688546538353, 0.015341791324317455, 0.016084497794508934, 0.0164031945168972, 0.01682383008301258], "position_loss": [0.010961382649838924, 0.01088773924857378, 0.016365671530365944, 0.015709638595581055, 0.00943364854902029, 0.009740685112774372, 0.013114672154188156, 0.01295403577387333, 0.00898311659693718, 0.008911898359656334, 0.011123350821435452, 0.010956715792417526, 0.011681969277560711, 0.011034984141588211, 0.009892541915178299, 0.009475360624492168, 0.007410322315990925, 0.008071326650679111, 0.0077414559200406075, 0.008062743581831455, 0.00991216953843832, 0.009263402782380581, 0.00918797217309475, 0.009228219278156757, 0.009320694021880627, 0.009247495792806149, 0.008040380664169788, 0.008033445104956627, 0.009354252368211746, 0.009041590616106987, 0.008780182339251041, 0.008855685591697693, 0.008363300934433937, 0.008518572896718979, 0.009012147784233093, 0.008966896682977676, 0.008971151895821095, 0.008643192239105701, 0.0075578149408102036, 0.007879377342760563, 0.008001714013516903, 0.008047040551900864, 0.007779064122587442, 0.007782433647662401, 0.007435287348926067, 0.007693073712289333, 0.00706731341779232, 0.007551113143563271, 0.008264714851975441, 0.007782896514981985, 0.0076304893009364605, 0.007787661626935005, 0.007525717839598656, 0.007682302035391331, 0.007620235905051231, 0.007251055911183357, 0.006502596195787191, 0.006489919498562813, 0.00663658045232296, 0.00697299325838685, 0.007544264197349548, 0.007538545411080122, 0.006765998434275389, 0.007046032231301069, 0.00697800237685442, 0.007295858580619097, 0.006511394865810871, 0.006545436102896929, 0.006740327924489975, 0.006752675399184227, 0.006464728154242039, 0.006842377129942179, 0.006452958565205336, 0.006422070786356926, 0.007723550777882338, 0.007524496875703335, 0.00699614267796278, 0.006923040375113487, 0.0072138202376663685, 0.0069858902134001255, 0.007089005783200264, 0.007123545743525028, 0.007108367048203945, 0.00722670229151845, 0.006856636609882116, 0.0068773082457482815, 0.006905788090080023, 0.006690189242362976, 0.006954459007829428, 0.007074733730405569, 0.006516956724226475, 0.006715880241245031, 0.0068022566847503185, 0.006784897763282061, 0.007168223150074482, 0.006940910592675209, 0.00640441756695509, 0.006709319539368153, 0.006887982599437237, 0.007063598372042179], "gru_regularizer_loss": [0.10933499783277512, 0.10393963009119034, 0.09751230478286743, 0.09649535268545151, 0.1030665785074234, 0.099650539457798, 0.10844644159078598, 0.10407303273677826, 0.10758864879608154, 0.10491662472486496, 0.10110370814800262, 0.09956657141447067, 0.10418669134378433, 0.0993836522102356, 0.102983757853508, 0.09959888458251953, 0.10003125667572021, 0.10092716664075851, 0.09605474770069122, 0.09752579778432846, 0.10344056785106659, 0.09707572311162949, 0.09669546782970428, 0.0955004170536995, 0.09837540239095688, 0.09687120467424393, 0.101318359375, 0.09942246228456497, 0.1072923094034195, 0.10220249742269516, 0.09875275939702988, 0.09889456629753113, 0.10008032619953156, 0.09837640821933746, 0.10251763463020325, 0.10060940682888031, 0.10343480855226517, 0.10027983784675598, 0.10026849806308746, 0.10043937712907791, 0.10027272254228592, 0.10051903873682022, 0.10092508792877197, 0.0993611216545105, 0.09598419070243835, 0.09786919504404068, 0.09752027690410614, 0.09941297024488449, 0.10856682807207108, 0.10306502878665924, 0.10080402344465256, 0.10069478303194046, 0.09747710824012756, 0.09955153614282608, 0.1059020459651947, 0.10084797441959381, 0.0976889356970787, 0.09652596712112427, 0.09678103774785995, 0.09856022894382477, 0.10148997604846954, 0.09988871961832047, 0.09673397243022919, 0.09843219816684723, 0.09842952340841293, 0.09999479353427887, 0.10143309086561203, 0.0998382493853569, 0.10031358897686005, 0.09877170622348785, 0.09869445860385895, 0.10030389577150345, 0.09979505836963654, 0.09851037710905075, 0.10188253223896027, 0.09873281419277191, 0.1002277135848999, 0.09870262444019318, 0.10494741797447205, 0.10151170939207077, 0.10154815018177032, 0.09967505186796188, 0.09999483078718185, 0.099722720682621, 0.10264332592487335, 0.10090602934360504, 0.10297591984272003, 0.09981712698936462, 0.09854383766651154, 0.09885241836309433, 0.09955460578203201, 0.09964805096387863, 0.09855484962463379, 0.09728939831256866, 0.10358545929193497, 0.10022350400686264, 0.09505002200603485, 0.09701523184776306, 0.09880213439464569, 0.09878338128328323],