{"loss": [0.021136142313480377, 0.02232176437973976, 0.03170677646994591, 0.030683832243084908, 0.03109215386211872, 0.030436046421527863, 0.024064311757683754, 0.02344229444861412, 0.023627080023288727, 0.023097841069102287, 0.023561134934425354, 0.023253845050930977, 0.02088233456015587, 0.02207702398300171, 0.020765122026205063, 0.020192857831716537, 0.020966287702322006, 0.020456606522202492, 0.01985272578895092, 0.020028192549943924, 0.02086777053773403, 0.019529281184077263, 0.018352694809436798, 0.018743891268968582, 0.019368048757314682, 0.01872703991830349, 0.01969502680003643, 0.019140128046274185, 0.018799854442477226, 0.01821906678378582, 0.018739327788352966, 0.018073424696922302, 0.017742428928613663, 0.017245084047317505, 0.017025986686348915, 0.01685512065887451, 0.018269259482622147, 0.017239781096577644, 0.01833883859217167, 0.017303476110100746, 0.016454210504889488, 0.016454335302114487, 0.01771768182516098, 0.017054783180356026, 0.0158444344997406, 0.01676681824028492, 0.01706843264400959, 0.01651550456881523, 0.01579025760293007, 0.01694025844335556, 0.018107684329152107, 0.018445346504449844, 0.017859360203146935, 0.017100198194384575, 0.01794903725385666, 0.0173569917678833, 0.016470978036522865, 0.017211144790053368, 0.017532283440232277, 0.018740594387054443, 0.018627474084496498, 0.01817336678504944, 0.02202170342206955, 0.020295558497309685, 0.017765002325177193, 0.018359655514359474, 0.0181350726634264, 0.01828194595873356, 0.017290597781538963, 0.017644260078668594, 0.01898902654647827, 0.01843268796801567, 0.017551956698298454, 0.01803194358944893, 0.017802823334932327, 0.018551142886281013, 0.01825043559074402, 0.017357490956783295, 0.01634366437792778, 0.0170094296336174, 0.0186934694647789, 0.018253542482852936, 0.019182365387678146, 0.018426477909088135, 0.01592545211315155, 0.017354121431708336, 0.01676766201853752, 0.017394164577126503, 0.017234882339835167, 0.01715894229710102, 0.01915661059319973, 0.01857372373342514, 0.018914440646767616, 0.018542258068919182, 0.016754990443587303, 0.01651453599333763, 0.017662879079580307, 0.01692829467356205, 0.016258830204606056, 0.01672917790710926], "position_loss": [0.009006887674331665, 0.00961359217762947, 0.014210151508450508, 0.013740952126681805, 0.013615088537335396, 0.0133970370516181, 0.010106652043759823, 0.009860426187515259, 0.010085747577250004, 0.009863132610917091, 0.01016377005726099, 0.01001721527427435, 0.008894958533346653, 0.009420974180102348, 0.008725650608539581, 0.008501051925122738, 0.008959462866187096, 0.00876026414334774, 0.008502304553985596, 0.008596767671406269, 0.008806643076241016, 0.008244063705205917, 0.0077069909311831, 0.007869244553148746, 0.008197353221476078, 0.007913855835795403, 0.008377861231565475, 0.008139271289110184, 0.007878872565925121, 0.007635345216840506, 0.007821124978363514, 0.007544992491602898, 0.007344407960772514, 0.007144386414438486, 0.007071106228977442, 0.006979524157941341, 0.007560926489531994, 0.007119179703295231, 0.007545772939920425, 0.007119139190763235, 0.006639872211962938, 0.006653346586972475, 0.007191157899796963, 0.006922620348632336, 0.006402993109077215, 0.006764807738363743, 0.006863380782306194, 0.006659242324531078, 0.006416223011910915, 0.006879235152155161, 0.007445427123457193, 0.007596164010465145, 0.007378391455858946, 0.007074933033436537, 0.007431992329657078, 0.00719374418258667, 0.0068769799545407295, 0.007169807329773903, 0.007378202863037586, 0.007852358743548393, 0.007798162754625082, 0.007595151662826538, 0.009340840391814709, 0.008603403344750404, 0.0073335557244718075, 0.007607407867908478, 0.007510734722018242, 0.0075863078236579895, 0.007127815391868353, 0.007253267802298069, 0.00791433546692133, 0.0076746344566345215, 0.007282445207238197, 0.007482906803488731, 0.007470967713743448, 0.0077709779143333435, 0.007511715870350599, 0.007160345558077097, 0.006696902681142092, 0.006973763462156057, 0.007802880834788084, 0.007619655691087246, 0.008137200027704239, 0.007782999891787767, 0.006566060706973076, 0.007182104513049126, 0.006843332201242447, 0.0071418434381484985, 0.0071554360911250114, 0.007133969105780125, 0.008059557527303696, 0.007806085050106049, 0.007968733087182045, 0.0077859703451395035, 0.006754386238753796, 0.006697842851281166, 0.007263591513037682, 0.00695464201271534, 0.006657210644334555, 0.006854106206446886], "gru_regularizer_loss": [0.13201674818992615, 0.1285879909992218, 0.13272446393966675, 0.1306607723236084, 0.1490067094564438, 0.14293505251407623, 0.1463048905134201, 0.14293979108333588, 0.13457879424095154, 0.13095897436141968, 0.1287350356578827, 0.12781712412834167, 0.12363944947719574, 0.12785381078720093, 0.13443224132061005, 0.13011454045772552, 0.13270160555839539, 0.12838055193424225, 0.12659774720668793, 0.12680058181285858, 0.1386871039867401, 0.13142947852611542, 0.12524102628231049, 0.12645244598388672, 0.12892389297485352, 0.12527015805244446, 0.1274031400680542, 0.12391861528158188, 0.13183490931987762, 0.12783163785934448, 0.13129331171512604, 0.12715905904769897, 0.1313503384590149, 0.12721040844917297, 0.12610089778900146, 0.125162273645401, 0.12891383469104767, 0.12316174060106277, 0.1335851401090622, 0.12713399529457092, 0.13019895553588867, 0.12860435247421265, 0.13485342264175415, 0.13044585287570953, 0.12523621320724487, 0.12932759523391724, 0.13430733978748322, 0.1297408491373062, 0.12250803411006927, 0.12875604629516602, 0.13296203315258026, 0.13335780799388885, 0.13411805033683777, 0.12772445380687714, 0.13203077018260956, 0.12783929705619812, 0.12275828421115875, 0.12631283700466156, 0.12092801928520203, 0.12572349607944489, 0.12961126863956451, 0.1261853575706482, 0.1377754509449005, 0.12865541875362396, 0.1297043263912201, 0.13016904890537262, 0.130899116396904, 0.12937065958976746, 0.12769359350204468, 0.12894150614738464, 0.13146460056304932, 0.12757545709609985, 0.1266414225101471, 0.12765151262283325, 0.12201997637748718, 0.1255372166633606, 0.13716548681259155, 0.13014882802963257, 0.12565651535987854, 0.12857294082641602, 0.1323634386062622, 0.1283024549484253, 0.128210186958313, 0.12474504113197327, 0.12020905315876007, 0.12608960270881653, 0.1288139820098877, 0.12931616604328156, 0.1259722262620926, 0.12448583543300629, 0.1308586597442627, 0.12695270776748657, 0.1259799599647522, 0.12473739683628082, 0.1345776617527008, 0.12984022498130798, 0.1331038475036621, 0.12867945432662964, 0.12644445896148682, 0.12732642889022827],