{"loss": [0.023278791457414627, 0.02465297281742096, 0.034997109323740005, 0.0342688113451004, 0.02720457687973976, 0.026889294385910034, 0.029311662539839745, 0.02911505475640297, 0.024813154712319374, 0.023032061755657196, 0.027112362906336784, 0.026520775631070137, 0.025887614116072655, 0.02549629658460617, 0.02469469979405403, 0.023263392969965935, 0.02694818750023842, 0.026993434876203537, 0.021512068808078766, 0.022459689527750015, 0.021075069904327393, 0.02150929719209671, 0.02401999570429325, 0.024230975657701492, 0.02073223888874054, 0.021598879247903824, 0.0204832274466753, 0.02085665613412857, 0.02138151414692402, 0.020479293540120125, 0.020225457847118378, 0.02042704075574875, 0.020431889221072197, 0.020695704966783524, 0.01911785453557968, 0.019324641674757004, 0.018874334171414375, 0.01878165453672409, 0.020045442506670952, 0.019060656428337097, 0.018022047355771065, 0.01805732399225235, 0.017721645534038544, 0.01842295378446579, 0.018877914175391197, 0.01938283070921898, 0.018266985192894936, 0.017887456342577934, 0.017364509403705597, 0.018652498722076416, 0.019028298556804657, 0.018854506313800812, 0.0195700004696846, 0.019489746540784836, 0.020201915875077248, 0.019653581082820892, 0.02112487517297268, 0.020554199814796448, 0.01787148043513298, 0.018424928188323975], "position_loss": [0.009820829145610332, 0.01057855412364006, 0.015764834359288216, 0.015376870520412922, 0.011580598540604115, 0.011532643809914589, 0.012354832142591476, 0.012352082878351212, 0.010362662374973297, 0.009619340300559998, 0.01180935837328434, 0.011565376073122025, 0.011153006926178932, 0.010999158956110477, 0.010495982132852077, 0.009897586889564991, 0.011653845198452473, 0.011680854484438896, 0.009088309481739998, 0.009519527666270733, 0.00880089309066534, 0.009038886986672878, 0.010433378629386425, 0.010532553307712078, 0.008749132975935936, 0.009116185829043388, 0.008542987518012524, 0.008686531335115433, 0.008922451175749302, 0.008550993166863918, 0.00855161901563406, 0.008620128966867924, 0.008559235371649265, 0.008658399805426598, 0.007901991717517376, 0.007988994009792805, 0.007703227922320366, 0.0076837860979139805, 0.008144705556333065, 0.007736023049801588, 0.007295509800314903, 0.007331634406000376, 0.007179956883192062, 0.007474940735846758, 0.007655882276594639, 0.007894149981439114, 0.00735207786783576, 0.0072090825997292995, 0.007149543147534132, 0.007700543384999037, 0.007740198168903589, 0.007686335127800703, 0.007936883717775345, 0.00791880115866661, 0.008326814509928226, 0.008107836358249187, 0.008883806876838207, 0.008641690947115421, 0.007198842708021402, 0.0074685364961624146], "gru_regularizer_loss": [0.16802039742469788, 0.16295534372329712, 0.16031019389629364, 0.159446120262146, 0.1763446033000946, 0.16936668753623962, 0.18990808725357056, 0.18423599004745483, 0.18370607495307922, 0.1716393083333969, 0.1639624834060669, 0.15919999778270721, 0.16676846146583557, 0.16385234892368317, 0.17116521298885345, 0.16085107624530792, 0.16346512734889984, 0.16187763214111328, 0.15822048485279083, 0.16138651967048645, 0.16605262458324432, 0.16527850925922394, 0.15656313300132751, 0.15729543566703796, 0.15904976427555084, 0.16251632571220398, 0.1611255705356598, 0.16236083209514618, 0.17034302651882172, 0.16260044276714325, 0.15606434643268585, 0.15745705366134644, 0.1585775911808014, 0.16002342104911804, 0.15782535076141357, 0.15888173878192902, 0.16638246178627014, 0.16385264694690704, 0.17480996251106262, 0.1666656881570816, 0.16374655067920685, 0.1615665704011917, 0.16038796305656433, 0.16386328637599945, 0.1657392978668213, 0.16599953174591064, 0.17028158903121948, 0.16498838365077972, 0.15165086090564728, 0.15829357504844666, 0.17081639170646667, 0.16571705043315887, 0.17194178700447083, 0.16896182298660278, 0.1697886735200882, 0.16452465951442719, 0.16439548134803772, 0.15946713089942932, 0.16802041232585907, 0.16737258434295654], "l2_xdx_activation_loss": [0.0006519720773212612, 0.0006217658519744873, 0.0006211093859747052, 0.0006398647092282772, 0.0007596398936584592, 0.0007097752531990409, 0.0009006341570056975, 0.0008558373083360493, 0.0007499183993786573, 0.000691991881467402, 0.0006176685565151274, 0.0005990021745674312, 0.0006376339006237686, 0.0006194801535457373, 0.0006633565062656999, 0.0006195647874847054, 0.0006682766834273934, 0.000670644105412066, 0.0005840762169100344, 0.0006019177963025868, 0.0006039142608642578, 0.0005925747100263834, 0.0005288636893965304, 0.0005306326202116907, 0.0005474865320138633, 0.0005801093066111207, 0.0005949941114522517, 0.0006196567555889487, 0.000610722228884697, 0.0005834292969666421, 0.0005201866151764989, 0.0005370652070268989, 0.0005755418678745627, 0.0005925509613007307, 0.0005782005609944463, 0.0005856064963154495, 0.0006010120268911123, 0.0005915126530453563, 0.0006689714500680566, 0.0006403116858564317, 0.0005975147360004485, 0.00059245724696666, 0.000585612200666219, 0.0006111413822509348, 0.0006359126418828964, 0.0006445057806558907, 0.000619665312115103, 0.0006061303429305553, 0.0005159658030606806, 0.000555819773580879, 0.000612907053437084, 0.0006078825681470335, 0.000658599310554564, 0.0006538365851156414, 0.0006164602818898857, 0.0005972145590931177, 0.000570762378629297, 0.000558375904802233, 0.0005975239328108728, 0.0006043703760951757]}