{"loss": [0.02250109799206257, 0.02573193795979023, 0.04966349899768829, 0.048658475279808044, 0.034021563827991486, 0.0325869545340538, 0.03401145711541176, 0.0338507816195488, 0.03572019562125206, 0.035769857466220856, 0.026720406487584114, 0.02743000164628029, 0.029603388160467148, 0.028896672651171684, 0.032707832753658295, 0.03119068033993244, 0.031880706548690796, 0.03169712796807289, 0.029397791251540184, 0.02861143834888935, 0.022499781101942062, 0.023280097171664238, 0.02393958903849125, 0.02384779043495655, 0.023550448939204216, 0.02289038524031639, 0.023918867111206055, 0.022816644981503487, 0.022121867164969444, 0.022610798478126526, 0.024161389097571373, 0.022641034796833992, 0.022260844707489014, 0.0217558853328228, 0.021428238600492477, 0.021356552839279175, 0.020821483805775642, 0.020518073812127113, 0.021265115588903427, 0.02072986029088497, 0.019957853481173515, 0.020461522042751312, 0.021450361236929893, 0.02072669193148613, 0.02052129991352558, 0.020381636917591095, 0.02042679861187935, 0.02028568461537361, 0.02004389278590679, 0.01979932002723217, 0.019090255722403526, 0.018553880974650383, 0.01836361363530159, 0.019284112378954887, 0.018020467832684517, 0.018091876059770584, 0.018351368606090546, 0.018358876928687096, 0.018921105191111565, 0.018696770071983337], "position_loss": [0.009560655802488327, 0.011137975379824638, 0.0227767713367939, 0.022323114797472954, 0.015167863108217716, 0.014501147903501987, 0.015225537121295929, 0.015179648995399475, 0.015913333743810654, 0.015989385545253754, 0.011354858987033367, 0.011688378639519215, 0.012945642694830894, 0.012611685320734978, 0.014640630222856998, 0.013901644386351109, 0.014388813637197018, 0.01429112907499075, 0.013105319812893867, 0.012733835726976395, 0.009619878605008125, 0.010009066201746464, 0.01027220394462347, 0.010251658968627453, 0.010096319019794464, 0.009816412813961506, 0.010245352052152157, 0.009769923985004425, 0.009385696612298489, 0.009642831049859524, 0.010241147130727768, 0.009607670828700066, 0.009423023089766502, 0.009228364564478397, 0.00906025618314743, 0.009046333841979504, 0.008671428076922894, 0.008557181805372238, 0.008818968199193478, 0.008600613102316856, 0.008357219398021698, 0.008573832921683788, 0.00892860908061266, 0.008620580658316612, 0.008539164438843727, 0.008477242663502693, 0.008489459753036499, 0.008420123718678951, 0.008326506242156029, 0.008203672245144844, 0.00775496382266283, 0.007523755077272654, 0.0075348312966525555, 0.007914453744888306, 0.007306544575840235, 0.007369999308139086, 0.007402749266475439, 0.007420494221150875, 0.007769439369440079, 0.0076743680983781815], "gru_regularizer_loss": [0.15666773915290833, 0.1609712690114975, 0.1670089215040207, 0.1651344895362854, 0.1660827398300171, 0.16209302842617035, 0.16673828661441803, 0.1649080216884613, 0.17270725965499878, 0.17003712058067322, 0.1698712408542633, 0.17122747004032135, 0.1665755808353424, 0.16314105689525604, 0.16154780983924866, 0.15837784111499786, 0.1571395844221115, 0.1566765159368515, 0.1595076620578766, 0.15819469094276428, 0.1584426462650299, 0.15960793197155, 0.16375789046287537, 0.16212128102779388, 0.16376879811286926, 0.1595681607723236, 0.1658988744020462, 0.15875577926635742, 0.15698111057281494, 0.15791387856006622, 0.17039315402507782, 0.16011327505111694, 0.16281451284885406, 0.15855146944522858, 0.16101838648319244, 0.15943746268749237, 0.16225305199623108, 0.16042357683181763, 0.16573290526866913, 0.16133864223957062, 0.15433521568775177, 0.156541645526886, 0.164876788854599, 0.16060523688793182, 0.16005709767341614, 0.15926700830459595, 0.16144993901252747, 0.16086986660957336, 0.1606377363204956, 0.159915030002594, 0.1650545299053192, 0.16130514442920685, 0.15503183007240295, 0.1600523591041565, 0.16133707761764526, 0.15974372625350952, 0.16377338767051697, 0.1621926873922348, 0.15984594821929932, 0.15858295559883118], "l2_xdx_activation_loss": [0.0006039769505150616, 0.0006150315166451037, 0.0008128967019729316, 0.0007865740335546434, 0.000674610142596066, 0.0006541826296597719, 0.0006306067225523293, 0.0006137406453490257, 0.0007217584643512964, 0.0006965119391679764, 0.0007702657021582127, 0.0007799300365149975, 0.0006817221874371171, 0.0006802365533076227, 0.0006033052923157811, 0.0006008120253682137, 0.0005101682618260384, 0.0005156419356353581, 0.0005302979261614382, 0.0005202128668315709, 0.0005581388249993324, 0.0005549017805606127, 0.0005854742485098541, 0.0005740272463299334, 0.0005729806143790483, 0.0005535652744583786, 0.0005893309717066586, 0.0005626862985081971, 0.0005931605701334774, 0.0005816055927425623, 0.0006579945329576731, 0.0006077931029722095, 0.0005951575585640967, 0.0005708207027055323, 0.0005654540145769715, 0.0005561104044318199, 0.0006183056975714862, 0.0005994318053126335, 0.0006562220514751971, 0.0006380212143994868, 0.000566293194424361, 0.0005824184627272189, 0.0006477306596934795, 0.0006260978989303112, 0.0006137390155345201, 0.0006110996473580599, 0.0006107319495640695, 0.0006118511664681137, 0.0005944404983893037, 0.000597215024754405, 0.0006428665947169065, 0.0006307116709649563, 0.0005808169953525066, 0.000617833633441478, 0.0005976082175038755, 0.0005844189436174929, 0.000635650590993464, 0.0006315920618362725, 0.0005941944546066225, 0.0005870072636753321]}