{"loss": [0.022689078003168106, 0.024576811119914055, 0.037058327347040176, 0.03435024991631508, 0.021798787638545036, 0.022143708541989326, 0.027279173955321312, 0.025909271091222763, 0.0188753642141819, 0.019027002155780792, 0.023924538865685463, 0.022885816171765327, 0.021234504878520966, 0.02114916779100895, 0.02159067429602146, 0.020892836153507233, 0.01981903426349163, 0.01919257640838623, 0.018289925530552864, 0.019049087539315224, 0.018859166651964188, 0.018525976687669754, 0.01756926067173481, 0.017226677387952805, 0.02044164016842842, 0.019635004922747612, 0.01854853704571724, 0.018836336210370064, 0.018495069816708565, 0.018718071281909943, 0.01798946224153042, 0.018031425774097443, 0.018254989758133888, 0.017687803134322166, 0.017720136791467667, 0.017617903649806976, 0.01784033142030239, 0.016876237466931343, 0.016028879210352898, 0.017211994156241417, 0.01676088012754917, 0.016790231689810753, 0.01705237105488777, 0.016906045377254486, 0.01613791286945343, 0.016375074163079262, 0.01624247059226036, 0.016629187390208244, 0.016711145639419556, 0.01675959676504135, 0.01601012982428074, 0.01600583642721176, 0.016410084441304207, 0.016354113817214966, 0.017623599618673325, 0.017515186220407486, 0.01906181126832962, 0.01944609545171261, 0.01612948067486286, 0.016970954835414886, 0.019848281517624855, 0.018961794674396515, 0.018933672457933426, 0.017743820324540138, 0.01665927655994892, 0.017737779766321182, 0.01747068576514721, 0.018153609707951546, 0.016591371968388557, 0.016208317130804062, 0.017498977482318878, 0.01658444106578827, 0.01699671894311905, 0.01686740852892399, 0.016056252643465996, 0.01579185575246811, 0.0171735230833292, 0.01778421737253666, 0.018272029235959053, 0.017947707325220108, 0.015379349701106548, 0.01622771844267845, 0.01809614896774292, 0.01774284802377224, 0.018618445843458176, 0.01810227334499359, 0.016303803771734238, 0.015880359336733818, 0.01635906472802162, 0.016958318650722504, 0.016950266435742378, 0.016828523948788643, 0.015773965045809746, 0.015707748010754585, 0.01605517603456974, 0.016255177557468414, 0.01647607982158661, 0.016332872211933136, 0.017432641237974167, 0.017350615933537483], "position_loss": [0.00996712688356638, 0.010897619649767876, 0.016753267496824265, 0.015531133860349655, 0.009401492774486542, 0.009553719311952591, 0.012141845189034939, 0.011548291891813278, 0.008071214891970158, 0.008169209584593773, 0.010478787124156952, 0.010048845782876015, 0.009329574182629585, 0.009279785677790642, 0.00943591259419918, 0.00912733469158411, 0.008513472974300385, 0.008259570226073265, 0.007844415493309498, 0.00822008028626442, 0.008122320286929607, 0.007981723174452782, 0.007457987871021032, 0.0073087685741484165, 0.008838282898068428, 0.008453640155494213, 0.007992847822606564, 0.008089818991720676, 0.00795965176075697, 0.008045028895139694, 0.00767452223226428, 0.007686407305300236, 0.007760161068290472, 0.007509187795221806, 0.007530773989856243, 0.007480068132281303, 0.0075713819824159145, 0.007151947356760502, 0.0068056620657444, 0.007302539423108101, 0.007036264054477215, 0.007050560787320137, 0.007234211545437574, 0.007160196080803871, 0.006780735217034817, 0.006874727550894022, 0.006799314171075821, 0.006949288304895163, 0.006971710827201605, 0.006998569704592228, 0.006619329564273357, 0.0066282907500863075, 0.006879444234073162, 0.006859201937913895, 0.0074581122025847435, 0.007396329659968615, 0.008268674835562706, 0.008421465754508972, 0.006799756083637476, 0.0071857646107673645, 0.00858056079596281, 0.008168919943273067, 0.008039958775043488, 0.007521733641624451, 0.0071110050193965435, 0.00753294350579381, 0.00744597427546978, 0.007712753489613533, 0.006931294221431017, 0.006764545571058989, 0.007336033042520285, 0.006955049000680447, 0.007194459438323975, 0.007148019038140774, 0.006674047559499741, 0.006578787229955196, 0.007320800796151161, 0.007546970620751381, 0.00777805969119072, 0.007660070434212685, 0.006372007541358471, 0.006721992511302233, 0.00764839630573988, 0.007507769390940666, 0.007850118912756443, 0.007642654702067375, 0.006792790722101927, 0.006606437265872955, 0.006910417694598436, 0.007136581465601921, 0.007222922518849373, 0.0071504926308989525, 0.006608081515878439, 0.006583993323147297, 0.006736501585692167, 0.006807064637541771, 0.006902316119521856, 0.006826058495789766, 0.007386254146695137, 0.0073390924371778965], "gru_regularizer_loss": [0.10136266052722931, 0.10259974747896194, 0.1157219186425209, 0.10753069072961807, 0.10284435749053955, 0.10254821181297302, 0.10718677192926407, 0.10142096877098083, 0.10141675174236298, 0.10005703568458557, 0.10736434161663055, 0.10154028981924057, 0.0979224145412445, 0.0973103940486908, 0.1007414311170578, 0.09768734127283096, 0.10393872857093811, 0.10025755316019058, 0.09971162676811218, 0.10009294003248215, 0.10069601237773895, 0.09920604526996613, 0.10116685926914215, 0.09845470637083054, 0.1018233373761177, 0.09925655275583267, 0.09677274525165558, 0.09847351908683777, 0.09739049524068832, 0.09860841184854507, 0.09986445307731628, 0.09913250803947449, 0.10324609279632568, 0.10014407336711884, 0.10074709355831146, 0.09980368614196777, 0.1032336875796318, 0.0981372743844986, 0.09248083829879761, 0.09811994433403015, 0.10070072114467621, 0.09977839887142181, 0.09935370832681656, 0.09855061024427414, 0.09951775521039963, 0.10061176866292953, 0.09755417704582214, 0.0993587076663971, 0.10148808360099792, 0.10068470984697342, 0.10232819616794586, 0.10130296647548676, 0.10119611024856567, 0.10014703869819641, 0.10157191753387451, 0.100675068795681, 0.09650271385908127, 0.09802014380693436, 0.09695561230182648, 0.09848623722791672, 0.10176795721054077, 0.09881724417209625, 0.10478278994560242, 0.09946494549512863, 0.09257365018129349, 0.09873924404382706, 0.09612163156270981, 0.09984221309423447, 0.10235421359539032, 0.09956163167953491, 0.10491039603948593, 0.09950412809848785, 0.09897606819868088, 0.09786494076251984, 0.10143382102251053, 0.0983954593539238, 0.09404569864273071, 0.09804794192314148, 0.10069553554058075, 0.09758355468511581, 0.09567508846521378, 0.09929372370243073, 0.10194183886051178, 0.09887012094259262, 0.10620912909507751, 0.10259620100259781, 0.10037851333618164, 0.0977059006690979, 0.09310965240001678, 0.09707582741975784, 0.09621232002973557, 0.09572029113769531, 0.09706752002239227, 0.09627877920866013, 0.0974840521812439, 0.09875942021608353, 0.09818988293409348, 0.0975777804851532, 0.09730766713619232, 0.09686898440122604],