{"loss": [0.02153044566512108, 0.022624781355261803, 0.033226460218429565, 0.032541293650865555, 0.034282855689525604, 0.033905550837516785, 0.025110777467489243, 0.023823734372854233, 0.025561390444636345, 0.02627038024365902, 0.02616076171398163, 0.02471305802464485, 0.020522043108940125, 0.020268388092517853, 0.021730687469244003, 0.02234242670238018, 0.020968226715922356, 0.0208712387830019, 0.02155735157430172, 0.02213924378156662, 0.01776132546365261, 0.01885461062192917, 0.02284138835966587, 0.02204672247171402, 0.02125433087348938, 0.020973792299628258, 0.02060026116669178, 0.020382700487971306, 0.021172985434532166, 0.020731979981064796, 0.01860031671822071, 0.018571021035313606, 0.021547669544816017, 0.021528394892811775, 0.019982462748885155, 0.019239060580730438, 0.019517773762345314, 0.01946825161576271, 0.017108632251620293, 0.018490053713321686, 0.02085801027715206, 0.020004741847515106, 0.019706832244992256, 0.018161417916417122, 0.021312711760401726, 0.020306887105107307, 0.018689949065446854, 0.01888132467865944, 0.017859479412436485, 0.018936417996883392, 0.01907854527235031, 0.018858162686228752, 0.017421264201402664, 0.01745331659913063, 0.01939069665968418, 0.018876908347010612, 0.019877895712852478, 0.01796896755695343, 0.017875781282782555, 0.017969325184822083, 0.018721647560596466, 0.018905337899923325, 0.01650332659482956, 0.01650390401482582, 0.01723281666636467, 0.017440535128116608, 0.01686651073396206, 0.016021432355046272, 0.018140893429517746, 0.017495103180408478, 0.016878997907042503, 0.016286225989460945, 0.01776549592614174, 0.01815309375524521, 0.016913531348109245, 0.01697501912713051, 0.017912322655320168, 0.0177326463162899, 0.016718199476599693, 0.017604587599635124, 0.01477317325770855, 0.015046868473291397, 0.017679821699857712, 0.017970509827136993, 0.01617119275033474, 0.0167640820145607, 0.01576477661728859, 0.015428349375724792, 0.01555043924599886, 0.016703104600310326, 0.016964050009846687, 0.01651143655180931, 0.016276028007268906, 0.016194570809602737, 0.016115602105855942, 0.01617818884551525, 0.016326824203133583, 0.016524408012628555, 0.016603581607341766, 0.01571909710764885], "position_loss": [0.009368222206830978, 0.009992409497499466, 0.014963536523282528, 0.014663401991128922, 0.015648912638425827, 0.01545901782810688, 0.011004295200109482, 0.010450132191181183, 0.011174188926815987, 0.011536704376339912, 0.01127932220697403, 0.01065453328192234, 0.008622117340564728, 0.008521683514118195, 0.009263383224606514, 0.009469179436564445, 0.008902673609554768, 0.00887901522219181, 0.009282455779612064, 0.0095524862408638, 0.00747497845441103, 0.007924223318696022, 0.009906742721796036, 0.009585882537066936, 0.00912714283913374, 0.008975263684988022, 0.008754369802772999, 0.008697886019945145, 0.009029559791088104, 0.00881352461874485, 0.007745557930320501, 0.0077515593729913235, 0.009350359439849854, 0.009290152229368687, 0.008504585362970829, 0.008188138715922832, 0.008312216028571129, 0.008272465318441391, 0.007101019844412804, 0.007656733971089125, 0.008850407786667347, 0.00850441213697195, 0.008281496353447437, 0.007632506545633078, 0.009137674234807491, 0.008713237009942532, 0.007933830842375755, 0.007983658462762833, 0.007560620084404945, 0.00798453763127327, 0.008081536740064621, 0.007985961623489857, 0.007252028211951256, 0.007295327726751566, 0.008256967179477215, 0.00805345457047224, 0.00838561076670885, 0.007578129414469004, 0.007562973536550999, 0.007597914896905422, 0.008007881231606007, 0.008069842122495174, 0.006912548560649157, 0.006915969308465719, 0.007293705828487873, 0.00736561743542552, 0.006949177943170071, 0.00660164188593626, 0.007559231016784906, 0.0072736176662147045, 0.006959730759263039, 0.0067192441783845425, 0.0074673485942184925, 0.007641068659722805, 0.00703725079074502, 0.007074736058712006, 0.007487362716346979, 0.007407378870993853, 0.006988761480897665, 0.0073985448107123375, 0.005957900080829859, 0.006097103469073772, 0.007476229686290026, 0.007559610530734062, 0.006679890211671591, 0.00693219481036067, 0.006402458995580673, 0.006267234217375517, 0.006459106225520372, 0.006920644082129002, 0.006944475695490837, 0.006768915336579084, 0.006655586417764425, 0.0066395290195941925, 0.00656288443133235, 0.006606596987694502, 0.006690648850053549, 0.006778205744922161, 0.0068460977636277676, 0.006474780384451151], "gru_regularizer_loss": [0.11261224746704102, 0.1082429513335228, 0.12422333657741547, 0.12085893750190735, 0.11663435399532318, 0.11477819085121155, 0.12105727940797806, 0.11462366580963135, 0.11738748848438263, 0.11690142750740051, 0.12929165363311768, 0.12216144055128098, 0.11892539262771606, 0.11519625782966614, 0.11180523037910461, 0.11505995690822601, 0.117435522377491, 0.11522829532623291, 0.11292894184589386, 0.114556223154068, 0.10843108594417572, 0.11282192170619965, 0.11779804527759552, 0.11173001676797867, 0.11600945889949799, 0.11416599154472351, 0.11983948200941086, 0.11536497622728348, 0.11843867599964142, 0.11635710299015045, 0.11535920202732086, 0.11193462461233139, 0.10877304524183273, 0.1097978800535202, 0.11671643704175949, 0.11264260858297348, 0.11376811563968658, 0.11375359445810318, 0.10978518426418304, 0.1147497370839119, 0.12084291875362396, 0.11434197425842285, 0.124606192111969, 0.11576081812381744, 0.12092999368906021, 0.11446425318717957, 0.11152688413858414, 0.1120414063334465, 0.10718488693237305, 0.11059831082820892, 0.11053980886936188, 0.10906289517879486, 0.11716365814208984, 0.11475137621164322, 0.11635391414165497, 0.11210564523935318, 0.12504345178604126, 0.11427809298038483, 0.11167667806148529, 0.11020051687955856, 0.11038757860660553, 0.11068763583898544, 0.11146397888660431, 0.10985992848873138, 0.11038169264793396, 0.11091748625040054, 0.11862628161907196, 0.11247416585683823, 0.11899558454751968, 0.11498158425092697, 0.11692662537097931, 0.11277815699577332, 0.11243913322687149, 0.11256718635559082, 0.1164349764585495, 0.11426851153373718, 0.11733180284500122, 0.11516758054494858, 0.11399747431278229, 0.11556632071733475, 0.11319241672754288, 0.11162564158439636, 0.11070210486650467, 0.11175957322120667, 0.11385361850261688, 0.11430475115776062, 0.11807891726493835, 0.11408945173025131, 0.10596714913845062, 0.11124499887228012, 0.12062577903270721, 0.11620381474494934, 0.11928361654281616, 0.11686089634895325, 0.11898297816514969, 0.11657232791185379, 0.11851642280817032, 0.11814901232719421, 0.11825829744338989, 0.11204918473958969],