{"loss": [0.020744550973176956, 0.023072702810168266, 0.042079683393239975, 0.0407523475587368, 0.02132587321102619, 0.022522669285535812, 0.027329551056027412, 0.02652742713689804, 0.027551740407943726, 0.027177266776561737, 0.02669534832239151, 0.025415806099772453, 0.02218007482588291, 0.02262900024652481, 0.024194536730647087, 0.02523479238152504, 0.019481997936964035, 0.01989862509071827, 0.021969616413116455, 0.0224298145622015, 0.01981712318956852, 0.020432544872164726, 0.021359490230679512, 0.02081112749874592, 0.02280440926551819, 0.02366001158952713, 0.025369131937623024, 0.02437814697623253, 0.020243234932422638, 0.019466953352093697, 0.023681089282035828, 0.02258404903113842, 0.019394531846046448, 0.019030708819627762, 0.019730359315872192, 0.01905212551355362, 0.020723538473248482, 0.021412448957562447, 0.022431369870901108, 0.021129602566361427, 0.021118681877851486, 0.02061675302684307, 0.017631571739912033, 0.018007397651672363, 0.018664957955479622, 0.01893039606511593, 0.02022954449057579, 0.019593263044953346, 0.017298175022006035, 0.01676543429493904, 0.0170530267059803, 0.01765691675245762, 0.016794059425592422, 0.01755790412425995, 0.018648827448487282, 0.017990287393331528, 0.018774688243865967, 0.01942191645503044, 0.017085937783122063, 0.01711968705058098, 0.02039533667266369, 0.019681917503476143, 0.01858488842844963, 0.018592704087495804, 0.018300959840416908, 0.017671767622232437, 0.01801365055143833, 0.018332835286855698, 0.01631787046790123, 0.016806192696094513, 0.018081113696098328, 0.017078585922718048, 0.016950152814388275, 0.0177321620285511, 0.01674598641693592, 0.017650926485657692, 0.016765842214226723, 0.01717882975935936, 0.01725439541041851, 0.01768980175256729, 0.01914699748158455, 0.018728680908679962, 0.016675779595971107, 0.017454642802476883, 0.02152971364557743, 0.021344229578971863, 0.021002165973186493, 0.020116986706852913, 0.01827857829630375, 0.019114051014184952, 0.0201901663094759, 0.020142339169979095, 0.019687741994857788, 0.019747547805309296, 0.01775594800710678, 0.018202416598796844, 0.019251246005296707, 0.019395774230360985, 0.01667928509414196, 0.016330724582076073], "position_loss": [0.008771620690822601, 0.009966001845896244, 0.019244063645601273, 0.018548237159848213, 0.008964944630861282, 0.00952178705483675, 0.011593866162002087, 0.011300899088382721, 0.011913305148482323, 0.011746778152883053, 0.011330056004226208, 0.01076939795166254, 0.009356735274195671, 0.009559253230690956, 0.01051737554371357, 0.010887302458286285, 0.008080498315393925, 0.008255056105554104, 0.009281370788812637, 0.009509291499853134, 0.008267057128250599, 0.008485167287290096, 0.00897133443504572, 0.008734256960451603, 0.009943648241460323, 0.01027738954871893, 0.011069228872656822, 0.010613013058900833, 0.008396212942898273, 0.008108146488666534, 0.01009386032819748, 0.009628735482692719, 0.008053800091147423, 0.00792175903916359, 0.00834347028285265, 0.008041907101869583, 0.00900167878717184, 0.00924733653664589, 0.009700209833681583, 0.009093185886740685, 0.009020639583468437, 0.008801061660051346, 0.0073547326028347015, 0.007541893981397152, 0.007954850792884827, 0.00804580096155405, 0.008667242713272572, 0.008363724686205387, 0.007176542654633522, 0.006956814788281918, 0.007137694396078587, 0.007344433106482029, 0.006994761060923338, 0.00727354921400547, 0.007775451056659222, 0.007492171600461006, 0.007974620908498764, 0.008261610753834248, 0.007039653602987528, 0.0070328786969184875, 0.008562157861888409, 0.008214827626943588, 0.0077295624651014805, 0.007727349177002907, 0.007604203186929226, 0.007328505162149668, 0.007539498154073954, 0.007664057891815901, 0.006724448408931494, 0.006950113456696272, 0.007410792168229818, 0.006991161033511162, 0.007020485587418079, 0.0073452722281217575, 0.006933981087058783, 0.007324818056076765, 0.006963876076042652, 0.007124456111341715, 0.007136104162782431, 0.007348179817199707, 0.007980224676430225, 0.007788298185914755, 0.006884033791720867, 0.007171320263296366, 0.009172206744551659, 0.009131046012043953, 0.008941319771111012, 0.008526835590600967, 0.007741153705865145, 0.008058372884988785, 0.008609532378613949, 0.008609618991613388, 0.008372295647859573, 0.008368217386305332, 0.0074500651098787785, 0.00761681143194437, 0.008166142739355564, 0.008195357397198677, 0.006792072672396898, 0.0066733588464558125], "gru_regularizer_loss": [0.1362643539905548, 0.13442009687423706, 0.13857224583625793, 0.1413324475288391, 0.13695192337036133, 0.1380688101053238, 0.1556294709444046, 0.148243248462677, 0.1437220722436905, 0.14184154570102692, 0.14944085478782654, 0.14457888901233673, 0.1371374875307083, 0.1365145891904831, 0.1311468780040741, 0.1365203708410263, 0.13661441206932068, 0.1381705403327942, 0.13869625329971313, 0.13917167484760284, 0.13608118891716003, 0.14032946527004242, 0.1424427181482315, 0.13843579590320587, 0.1291763037443161, 0.13331389427185059, 0.13820773363113403, 0.13437432050704956, 0.14494524896144867, 0.13797254860401154, 0.14794373512268066, 0.14112266898155212, 0.1409107893705368, 0.13677872717380524, 0.135799840092659, 0.1320076435804367, 0.1270015984773636, 0.13125725090503693, 0.1369190216064453, 0.13147324323654175, 0.13512688875198364, 0.13164229691028595, 0.13085608184337616, 0.1314176321029663, 0.12790518999099731, 0.1291637271642685, 0.1325402557849884, 0.12946109473705292, 0.13334108889102936, 0.12947359681129456, 0.12577135860919952, 0.1302187144756317, 0.12532705068588257, 0.12995778024196625, 0.13569706678390503, 0.13171331584453583, 0.12737169861793518, 0.12892255187034607, 0.13229480385780334, 0.13185909390449524, 0.1368781179189682, 0.1339583396911621, 0.13307499885559082, 0.13219153881072998, 0.13576869666576385, 0.131980299949646, 0.13030774891376495, 0.13164886832237244, 0.12914977967739105, 0.12998254597187042, 0.14059078693389893, 0.13406243920326233, 0.12856099009513855, 0.13237698376178741, 0.12943194806575775, 0.13296447694301605, 0.12871991097927094, 0.13039065897464752, 0.13027159869670868, 0.1310269683599472, 0.1365208923816681, 0.133295476436615, 0.1266246885061264, 0.131450355052948, 0.13646200299263, 0.1325615495443344, 0.13524958491325378, 0.13173049688339233, 0.12625102698802948, 0.13063564896583557, 0.13113699853420258, 0.12947426736354828, 0.12953931093215942, 0.1310017704963684, 0.12839722633361816, 0.13018065690994263, 0.1275029182434082, 0.12929484248161316, 0.13458794355392456, 0.13046175241470337],