{"loss": [0.022942058742046356, 0.023800866678357124, 0.03820227459073067, 0.038038574159145355, 0.031570736318826675, 0.03077968955039978, 0.030466508120298386, 0.029523160308599472, 0.02479333057999611, 0.02471127361059189, 0.026802165433764458, 0.026190754026174545, 0.02504771575331688, 0.024423524737358093, 0.019974272698163986, 0.020029466599225998, 0.022855864837765694, 0.022071970626711845, 0.019676366820931435, 0.020054513588547707, 0.019870784133672714, 0.01865735463798046, 0.01834522932767868, 0.01898040622472763, 0.018985304981470108, 0.019370965659618378, 0.017944419756531715, 0.017410509288311005, 0.018518060445785522, 0.019158415496349335, 0.019089829176664352, 0.01757376454770565, 0.017702389508485794, 0.017501316964626312, 0.01716848649084568, 0.018013831228017807, 0.016553405672311783, 0.016530897468328476, 0.016760973259806633, 0.01710488088428974, 0.017100408673286438, 0.016909707337617874, 0.01666969247162342, 0.016042465344071388, 0.01612609438598156, 0.016415437683463097, 0.0165720134973526, 0.01595442183315754, 0.01699967496097088, 0.017377834767103195, 0.017977502197027206, 0.017466410994529724, 0.01574886403977871, 0.0165861789137125, 0.016778817400336266, 0.01771279238164425, 0.01796722784638405, 0.017103929072618484, 0.01733422465622425, 0.016215579584240913, 0.017686957493424416, 0.01747051812708378, 0.017803383991122246, 0.017709949985146523, 0.01740361750125885, 0.016836676746606827, 0.01666881889104843, 0.016209043562412262, 0.014744165353477001, 0.01623932272195816, 0.018477091565728188, 0.018085088580846786, 0.017139248549938202, 0.016886791214346886, 0.018999367952346802, 0.018475044518709183, 0.01634814776480198, 0.01684570126235485, 0.017656413838267326, 0.017212459817528725, 0.016814200207591057, 0.016787253320217133, 0.016199730336666107, 0.016220301389694214, 0.01556396298110485, 0.016291283071041107, 0.015843406319618225, 0.016696462407708168, 0.016086367890238762, 0.01600879430770874, 0.016237754374742508, 0.01593916304409504, 0.016365841031074524, 0.016232989728450775, 0.018019236624240875, 0.017493728548288345, 0.01772826723754406, 0.017047861590981483, 0.016333838924765587, 0.015461225062608719], "position_loss": [0.009907280094921589, 0.010424518957734108, 0.017346955835819244, 0.017263105139136314, 0.014272864907979965, 0.013887437991797924, 0.01381678320467472, 0.013364900834858418, 0.010951501317322254, 0.010961558669805527, 0.011944129131734371, 0.011702986434102058, 0.011157533153891563, 0.010899191722273827, 0.008612599223852158, 0.008673574775457382, 0.010022887028753757, 0.00969373807311058, 0.008543512783944607, 0.008737937547266483, 0.008504449389874935, 0.00797754805535078, 0.007862838916480541, 0.008131555281579494, 0.008175991475582123, 0.008326614275574684, 0.007620730437338352, 0.007388284429907799, 0.007909121923148632, 0.008204519748687744, 0.008079099468886852, 0.007426451425999403, 0.007543996442109346, 0.007436004001647234, 0.007319019641727209, 0.007675744593143463, 0.0069166142493486404, 0.006910062860697508, 0.007052320055663586, 0.007207231596112251, 0.007188340649008751, 0.007111739832907915, 0.00697914557531476, 0.006715591996908188, 0.006780183408409357, 0.006900278385728598, 0.006905764807015657, 0.006641172803938389, 0.007162317633628845, 0.007335206493735313, 0.007562730927020311, 0.007355963811278343, 0.00654665706679225, 0.006923498585820198, 0.0070508806966245174, 0.0074567305855453014, 0.007492198143154383, 0.0071381754241883755, 0.007058454677462578, 0.006609868723899126, 0.007230468560010195, 0.007146158255636692, 0.0072668264620006084, 0.007234095595777035, 0.007197405211627483, 0.006961723789572716, 0.006811163388192654, 0.006635368335992098, 0.006021289620548487, 0.006668262183666229, 0.007776458282023668, 0.007620554883033037, 0.007104269694536924, 0.006991828326135874, 0.007996723987162113, 0.0077677154913544655, 0.006786120589822531, 0.0070110815577209, 0.007361936382949352, 0.007174870930612087, 0.006959672551602125, 0.006952906027436256, 0.006571574602276087, 0.006590085104107857, 0.006363267078995705, 0.0066811759024858475, 0.006464499048888683, 0.0068327439948916435, 0.0065136016346514225, 0.006503590382635593, 0.006619875319302082, 0.006509989500045776, 0.006700830068439245, 0.0066536348313093185, 0.007536398246884346, 0.007313822861760855, 0.007448189426213503, 0.007152143400162458, 0.006671144161373377, 0.006319517269730568], "gru_regularizer_loss": [0.12304902076721191, 0.11737412959337234, 0.12201301008462906, 0.12412881851196289, 0.12091339379549026, 0.11850447207689285, 0.11789868772029877, 0.11507371068000793, 0.11686904728412628, 0.11377236247062683, 0.1192999929189682, 0.11558321863412857, 0.11668267846107483, 0.11306444555521011, 0.1153857558965683, 0.11380103975534439, 0.11911103129386902, 0.11537101864814758, 0.11236333847045898, 0.11272319406270981, 0.11967072635889053, 0.11424655467271805, 0.1107201874256134, 0.11402470618486404, 0.1100514680147171, 0.11204426735639572, 0.11462001502513885, 0.1120096743106842, 0.11274397373199463, 0.11394708603620529, 0.12118013203144073, 0.11385888606309891, 0.11132147908210754, 0.11140275001525879, 0.10812251269817352, 0.11221929639577866, 0.1134897992014885, 0.11277764290571213, 0.11252360790967941, 0.11369343847036362, 0.11497802287340164, 0.1139746904373169, 0.11461362987756729, 0.1116136983036995, 0.10914972424507141, 0.11060436069965363, 0.11619231104850769, 0.11301948130130768, 0.11123576760292053, 0.11268728226423264, 0.11838477104902267, 0.11509569734334946, 0.10961858928203583, 0.11283805966377258, 0.11108280718326569, 0.1145419180393219, 0.12050336599349976, 0.1151205450296402, 0.1254321187734604, 0.11761297285556793, 0.12206466495990753, 0.12048861384391785, 0.12218507379293442, 0.12080655992031097, 0.11957363784313202, 0.11639658361673355, 0.11995860934257507, 0.11646587401628494, 0.10899084806442261, 0.1161310002207756, 0.11704649031162262, 0.11403511464595795, 0.11799359321594238, 0.11698944121599197, 0.11963282525539398, 0.11647311598062515, 0.11223392188549042, 0.11377355456352234, 0.11757118999958038, 0.11459127068519592, 0.11713819205760956, 0.11588307470083237, 0.12056545168161392, 0.11920280009508133, 0.11301356554031372, 0.116070456802845, 0.11507842689752579, 0.11845627427101135, 0.11903171241283417, 0.11762849241495132, 0.11918726563453674, 0.11602285504341125, 0.11656148731708527, 0.11558934301137924, 0.11765262484550476, 0.11458694934844971, 0.11665429174900055, 0.11350265145301819, 0.12046192586421967, 0.11497078835964203],