{"loss": [0.021932415664196014, 0.024650301784276962, 0.04105061665177345, 0.03961306810379028, 0.029573380947113037, 0.0306687131524086, 0.0330381914973259, 0.032801758497953415, 0.026958784088492393, 0.02658856101334095, 0.03290282189846039, 0.03190791606903076, 0.028009578585624695, 0.02800690196454525, 0.02186989039182663, 0.02293453738093376, 0.024483894929289818, 0.023892167955636978, 0.022571051493287086, 0.02235947549343109, 0.0218082033097744, 0.02203059196472168, 0.021848026663064957, 0.02209789864718914, 0.02045617252588272, 0.0204424187541008, 0.022753654047846794, 0.02258707396686077, 0.02002890035510063, 0.01975252665579319, 0.020780496299266815, 0.021541651338338852, 0.02232440933585167, 0.021687112748622894, 0.01835750974714756, 0.018752116709947586, 0.02271474525332451, 0.021586909890174866, 0.01931985467672348, 0.01891454868018627, 0.021091807633638382, 0.019841721281409264, 0.019633550196886063, 0.019175836816430092, 0.022144071757793427, 0.02081979066133499, 0.017636360600590706, 0.018701275810599327, 0.01993856206536293, 0.019493333995342255, 0.019763577729463577, 0.019171549007296562, 0.01809057407081127, 0.017866291105747223, 0.018975315615534782, 0.01843060739338398, 0.01946440152823925, 0.019106775522232056, 0.01859680749475956, 0.01824497990310192], "position_loss": [0.008956142701208591, 0.010297010652720928, 0.018590852618217468, 0.017971495166420937, 0.012942149303853512, 0.013519283384084702, 0.014673772267997265, 0.014606948010623455, 0.011586937122046947, 0.011455710045993328, 0.01456813607364893, 0.0141532551497221, 0.012279671616852283, 0.012284974567592144, 0.009334621019661427, 0.009835966862738132, 0.010523702017962933, 0.010285348631441593, 0.009562087245285511, 0.009487975388765335, 0.009218730963766575, 0.009323187172412872, 0.009258786216378212, 0.009370367974042892, 0.008559360168874264, 0.008559737354516983, 0.009708005003631115, 0.009627491235733032, 0.008316569961607456, 0.008207004517316818, 0.008757381699979305, 0.009110494516789913, 0.009448239579796791, 0.009186770766973495, 0.007569211069494486, 0.00777491694316268, 0.009594603441655636, 0.009134147316217422, 0.00788124930113554, 0.0077508785761892796, 0.008759583346545696, 0.008233245462179184, 0.008035873994231224, 0.007879630662500858, 0.009265776723623276, 0.00870054867118597, 0.007187421899288893, 0.007688677869737148, 0.008267771452665329, 0.008075963705778122, 0.008160208351910114, 0.007924164645373821, 0.0073825763538479805, 0.007304652594029903, 0.007719806395471096, 0.007513763383030891, 0.008014261722564697, 0.007872560061514378, 0.007582377176731825, 0.007444250863045454], "gru_regularizer_loss": [0.1695544570684433, 0.1710977554321289, 0.16943207383155823, 0.1617611050605774, 0.16464994847774506, 0.16278618574142456, 0.17008796334266663, 0.16685570776462555, 0.1719420701265335, 0.16891814768314362, 0.17014071345329285, 0.1641872227191925, 0.15894988179206848, 0.15954412519931793, 0.1523008942604065, 0.15629607439041138, 0.16314047574996948, 0.15807904303073883, 0.16249094903469086, 0.16043922305107117, 0.15709945559501648, 0.15851575136184692, 0.15440408885478973, 0.15605966746807098, 0.15687520802021027, 0.15559598803520203, 0.15718033909797668, 0.15584327280521393, 0.15826883912086487, 0.1565510630607605, 0.1508353352546692, 0.15479739010334015, 0.16179430484771729, 0.15670746564865112, 0.15389896929264069, 0.1544296145439148, 0.1669686883687973, 0.15849372744560242, 0.16552001237869263, 0.15999828279018402, 0.1680024415254593, 0.15956014394760132, 0.16557735204696655, 0.15973566472530365, 0.1681300699710846, 0.1596936583518982, 0.1527506709098816, 0.1562611162662506, 0.15858250856399536, 0.1563682109117508, 0.15958090126514435, 0.15472263097763062, 0.15623779594898224, 0.1542898416519165, 0.16226726770401, 0.1570163071155548, 0.15876518189907074, 0.15649987757205963, 0.15860390663146973, 0.156327486038208], "l2_xdx_activation_loss": [0.0007745049078948796, 0.0007814110722392797, 0.0007245063316076994, 0.0006837985711172223, 0.00068050401750952, 0.0006670709699392319, 0.0006628989358432591, 0.0006394119700416923, 0.0006881401059217751, 0.0006622967775911093, 0.0006880250293761492, 0.0006528222584165633, 0.0006198891787789762, 0.0006134810391813517, 0.0005588560015894473, 0.0005661905161105096, 0.000601338455453515, 0.0005798697820864618, 0.0006069654482416809, 0.0005926876910962164, 0.0005995590472593904, 0.0005993295926600695, 0.0005951135535724461, 0.0005984977469779551, 0.0005892102490179241, 0.0005886377184651792, 0.0005882565164938569, 0.0005908624734729528, 0.0006040008156560361, 0.0005906462902203202, 0.0005854360060766339, 0.0005905393045395613, 0.000602971704211086, 0.0005818084464408457, 0.0005596749251708388, 0.0005523043219000101, 0.00061825942248106, 0.0005775353056378663, 0.0006336944061331451, 0.000603912107180804, 0.0006305146962404251, 0.0005928513128310442, 0.0006349849281832576, 0.0006060485611669719, 0.0006433820235542953, 0.0006068947841413319, 0.0005776457255706191, 0.0005867450381629169, 0.0006053738761693239, 0.0005922170821577311, 0.0006154265720397234, 0.0005916405934840441, 0.000587322807405144, 0.0005710042896680534, 0.0006373187643475831, 0.0006106144865043461, 0.0006157173775136471, 0.0005985273164696991, 0.0006149804685264826, 0.0005973771912977099]}