{"loss": [0.023203998804092407, 0.02562752738595009, 0.049256209284067154, 0.04843568801879883, 0.03248395025730133, 0.03292762488126755, 0.0292523056268692, 0.030423330143094063, 0.0324961356818676, 0.032699599862098694, 0.026449989527463913, 0.026990538462996483, 0.026215052232146263, 0.025433672592043877, 0.029560919851064682, 0.02900886908173561, 0.025694668292999268, 0.024374017491936684, 0.022381460294127464, 0.022251730784773827, 0.02354460395872593, 0.023517923429608345, 0.019900476559996605, 0.019976278766989708, 0.0247572660446167, 0.02303871512413025, 0.020743317902088165, 0.020579027011990547, 0.020352350547909737, 0.020821671932935715, 0.02197510190308094, 0.02073683589696884, 0.020900005474686623, 0.02048380672931671, 0.02100779488682747, 0.02017700858414173, 0.02011813223361969, 0.02021169848740101, 0.022111590951681137, 0.02194463461637497, 0.017725510522723198, 0.018293190747499466, 0.0202875267714262, 0.021011464297771454, 0.02051389589905739, 0.020693693310022354, 0.018966741859912872, 0.018619336187839508, 0.01943449303507805, 0.019839448854327202, 0.017879171296954155, 0.019022472202777863, 0.018057409673929214, 0.018506711348891258, 0.01898461952805519, 0.018789641559123993, 0.02031974121928215, 0.019410589709877968, 0.017092229798436165, 0.01800093799829483], "position_loss": [0.009945199824869633, 0.011086944490671158, 0.022731900215148926, 0.022373050451278687, 0.014478206634521484, 0.014651741832494736, 0.01311503630131483, 0.013611317612230778, 0.01473192684352398, 0.014784623868763447, 0.011562752537429333, 0.011853108182549477, 0.01117960549890995, 0.010904955677688122, 0.013132620602846146, 0.012886208482086658, 0.011248367838561535, 0.010644846595823765, 0.009605306200683117, 0.009568077512085438, 0.010242708958685398, 0.010234054177999496, 0.00838461983948946, 0.008450274355709553, 0.01058776956051588, 0.009864641353487968, 0.008702021092176437, 0.00866879802197218, 0.008632563054561615, 0.008869383484125137, 0.00939262006431818, 0.00885750912129879, 0.008739406242966652, 0.008604723028838634, 0.008813357912003994, 0.00846227165311575, 0.008509792387485504, 0.008571406826376915, 0.009419682435691357, 0.009364869445562363, 0.007250240072607994, 0.007514204364269972, 0.00852806493639946, 0.00885054562240839, 0.008645568042993546, 0.008731242269277573, 0.007688476238399744, 0.007583758793771267, 0.008053031750023365, 0.00824182853102684, 0.007182834204286337, 0.007731763646006584, 0.007307912223041058, 0.007534795440733433, 0.00781872496008873, 0.0077479504980146885, 0.008183092810213566, 0.007841093465685844, 0.006865737494081259, 0.007287608925253153], "gru_regularizer_loss": [0.15747728943824768, 0.1622031331062317, 0.16923733055591583, 0.16608010232448578, 0.15654875338077545, 0.1608879268169403, 0.1449807733297348, 0.1515122354030609, 0.14731596410274506, 0.15225236117839813, 0.1557769626379013, 0.1558571755886078, 0.17258432507514954, 0.1634792685508728, 0.15862831473350525, 0.1562907099723816, 0.15690411627292633, 0.1520499587059021, 0.15339410305023193, 0.15151944756507874, 0.148996040225029, 0.14985378086566925, 0.15459944307804108, 0.15219059586524963, 0.1702817976474762, 0.1585644781589508, 0.15978366136550903, 0.1565753072500229, 0.15065138041973114, 0.15136000514030457, 0.1581147015094757, 0.15035827457904816, 0.1624114066362381, 0.15656417608261108, 0.1598462611436844, 0.1544976830482483, 0.1517966091632843, 0.15014442801475525, 0.1537885218858719, 0.15190750360488892, 0.15117718279361725, 0.15274979174137115, 0.14999116957187653, 0.15408460795879364, 0.15061330795288086, 0.1518002152442932, 0.16157202422618866, 0.15636825561523438, 0.15299856662750244, 0.15443956851959229, 0.15595653653144836, 0.15933926403522491, 0.15574246644973755, 0.1565852016210556, 0.15512484312057495, 0.15325415134429932, 0.17423875629901886, 0.1650015413761139, 0.15316739678382874, 0.15689724683761597], "l2_xdx_activation_loss": [0.0005792512674815953, 0.0006101781036704779, 0.0006996547454036772, 0.0006759041571058333, 0.0006536589353345335, 0.0006713962648063898, 0.0005237843724898994, 0.000561500433832407, 0.0005193506949581206, 0.0005355846369639039, 0.000588548369705677, 0.0005748933181166649, 0.0007096421904861927, 0.0006626328686252236, 0.0005694419960491359, 0.0005574906244874001, 0.0005426060524769127, 0.0005209174123592675, 0.0005452780169434845, 0.0005331025458872318, 0.0005227178917266428, 0.0005167346098460257, 0.0005280565237626433, 0.0005175835103727877, 0.0006259454530663788, 0.0005742381908930838, 0.0005801219376735389, 0.0005582014564424753, 0.0005265462677925825, 0.0005227446090430021, 0.0005358807393349707, 0.0005057209054939449, 0.000598668644670397, 0.0005692153936251998, 0.0005938480026088655, 0.0005688052042387426, 0.0005265029612928629, 0.0005221226019784808, 0.0005777557380497456, 0.0005649156519211829, 0.0005707282689400017, 0.0005787367699667811, 0.0005768032278865576, 0.0005894839414395392, 0.0005718505126424134, 0.0005707104573957622, 0.0006576646119356155, 0.0006290203309617937, 0.0005991227808408439, 0.0006034395773895085, 0.0006509539089165628, 0.0006548257078975439, 0.0006276953499764204, 0.0006233978783711791, 0.0005982820293866098, 0.0005867076688446105, 0.0007366976351477206, 0.0006924376939423382, 0.0006093351985327899, 0.0006185573874972761]}