{"loss": [0.0221821628510952, 0.024958666414022446, 0.04269767925143242, 0.04090799391269684, 0.025709470734000206, 0.027503108605742455, 0.035648565739393234, 0.03594617918133736, 0.03467287868261337, 0.0343046635389328, 0.029054896906018257, 0.028370492160320282, 0.025226429104804993, 0.02478277124464512, 0.02537304349243641, 0.02567470073699951, 0.02420116774737835, 0.023743990808725357, 0.023486129939556122, 0.022694386541843414, 0.021420739591121674, 0.02106916531920433, 0.020130736753344536, 0.020990289747714996, 0.022262759506702423, 0.02100456692278385, 0.02240757644176483, 0.02167721651494503, 0.01919722929596901, 0.01911076158285141, 0.01893840916454792, 0.01931062713265419, 0.019319435581564903, 0.019602395594120026, 0.017836127430200577, 0.019250832498073578, 0.01854196935892105, 0.01850128173828125, 0.019220847636461258, 0.019074078649282455, 0.017741678282618523, 0.017910297960042953, 0.018794357776641846, 0.01820162683725357, 0.018947981297969818, 0.018818218261003494, 0.018915971741080284, 0.01877708174288273, 0.01804497465491295, 0.01802963763475418, 0.018912021070718765, 0.01879948377609253, 0.01640077494084835, 0.0173910241574049, 0.019366564229130745, 0.01926567777991295, 0.019438479095697403, 0.018769768998026848, 0.020209643989801407, 0.01965387910604477], "position_loss": [0.009250636212527752, 0.01060464233160019, 0.01943194307386875, 0.018608389422297478, 0.01115603931248188, 0.01197895873337984, 0.01543655525892973, 0.015673665329813957, 0.015081777237355709, 0.014985593035817146, 0.012624293565750122, 0.012349920347332954, 0.010781845077872276, 0.010617954656481743, 0.011026153340935707, 0.011158216744661331, 0.010395849123597145, 0.010164967738091946, 0.010024023242294788, 0.009696281515061855, 0.008985253050923347, 0.008859898895025253, 0.008419878780841827, 0.00879282969981432, 0.009448431432247162, 0.008888136595487595, 0.009561074897646904, 0.00923162791877985, 0.007945012301206589, 0.007929596118628979, 0.007815687917172909, 0.007992532104253769, 0.007994700223207474, 0.008130079135298729, 0.0073363687843084335, 0.00797999743372202, 0.007595807313919067, 0.007587851025164127, 0.007873905822634697, 0.007823513820767403, 0.007101510185748339, 0.007193246856331825, 0.007685840129852295, 0.007443064823746681, 0.007744972128421068, 0.007710087578743696, 0.00774410180747509, 0.0076952362433075905, 0.007311342284083366, 0.007323076482862234, 0.007699877023696899, 0.007676986977458, 0.0066017224453389645, 0.007035285234451294, 0.007975662127137184, 0.007931441999971867, 0.007952684536576271, 0.007679628673940897, 0.008319132030010223, 0.00810613576322794], "gru_regularizer_loss": [0.16756336390972137, 0.17242194712162018, 0.17868125438690186, 0.17219799757003784, 0.16363123059272766, 0.17090094089508057, 0.19330045580863953, 0.19132284820079803, 0.18896618485450745, 0.18503360450267792, 0.17661993205547333, 0.17164140939712524, 0.1718994826078415, 0.1677377074956894, 0.16013723611831665, 0.16215887665748596, 0.16203729808330536, 0.16158133745193481, 0.16510066390037537, 0.15916529297828674, 0.16383272409439087, 0.16011865437030792, 0.15611331164836884, 0.16095604002475739, 0.16247108578681946, 0.15669837594032288, 0.15935780107975006, 0.15618127584457397, 0.1583196520805359, 0.15726418793201447, 0.1571928858757019, 0.1586962342262268, 0.15670694410800934, 0.15831661224365234, 0.15095090866088867, 0.15773314237594604, 0.1585298329591751, 0.15780942142009735, 0.16055674850940704, 0.15956944227218628, 0.16162574291229248, 0.16073358058929443, 0.16069157421588898, 0.15703344345092773, 0.1594543308019638, 0.15825897455215454, 0.158650740981102, 0.15770846605300903, 0.15861763060092926, 0.1575234830379486, 0.1612856537103653, 0.1598154455423355, 0.1519676148891449, 0.15702879428863525, 0.1588301658630371, 0.15814760327339172, 0.16341248154640198, 0.159195214509964, 0.16365529596805573, 0.15956535935401917], "l2_xdx_activation_loss": [0.0006680727237835526, 0.0006747084553353488, 0.0006819819682277739, 0.0006560661713592708, 0.0005866815918125212, 0.0006117147859185934, 0.0009471384692005813, 0.000894862343557179, 0.0008728753309696913, 0.000827368232421577, 0.0006796909146942198, 0.0006510668317787349, 0.0006475687841884792, 0.0006228157435543835, 0.0005727757816202939, 0.000578547187615186, 0.0005960196140222251, 0.0005990679492242634, 0.0005953469080850482, 0.0005697113811038435, 0.0006036232807673514, 0.0005823818501085043, 0.0005762696382589638, 0.000598010839894414, 0.0005800495273433626, 0.0005534247611649334, 0.0005636034184135497, 0.0005503694992512465, 0.0005743234069086611, 0.0005592971574515104, 0.0005780223291367292, 0.0005791877629235387, 0.0005873091868124902, 0.0005860108067281544, 0.0005509480834007263, 0.0005708233220502734, 0.0005880059325136244, 0.000582149310503155, 0.0006221441435627639, 0.000610106682870537, 0.0006404540035873652, 0.0006384770385921001, 0.0006049073999747634, 0.0005813742172904313, 0.0006208186387084424, 0.0006048049544915557, 0.0006134069408290088, 0.0006028283387422562, 0.000611691502854228, 0.0006024038884788752, 0.0006327899172902107, 0.0006154378643259406, 0.0005588714266195893, 0.0005830420996062458, 0.0006086329813115299, 0.0006067598005756736, 0.0006326487637124956, 0.0006058403523638844, 0.0006445958279073238, 0.0006149718537926674]}