{"loss": [0.02107863500714302, 0.022732626646757126, 0.03229021281003952, 0.032507214695215225, 0.02247808128595352, 0.02204855903983116, 0.026502465829253197, 0.02433176152408123, 0.02584112249314785, 0.025147680193185806, 0.023905117064714432, 0.02290080487728119, 0.02038266323506832, 0.021186908707022667, 0.020197784528136253, 0.020806098356842995, 0.024263013154268265, 0.023248033598065376, 0.018946746364235878, 0.01979491300880909, 0.01990462839603424, 0.020141074433922768, 0.0238140020519495, 0.022692684084177017, 0.020596951246261597, 0.01981615647673607, 0.01738053746521473, 0.01737699843943119, 0.019910704344511032, 0.01971503160893917, 0.018060633912682533, 0.017883192747831345, 0.018024837598204613, 0.018056027591228485, 0.01736581139266491, 0.017660493031144142, 0.0179652851074934, 0.017321284860372543, 0.01670818030834198, 0.018232038244605064, 0.018350405618548393, 0.018369952216744423, 0.02084086276590824, 0.020106686279177666, 0.01726972870528698, 0.017178736627101898, 0.018892034888267517, 0.01818884164094925, 0.017412250861525536, 0.017784448340535164, 0.017917638644576073, 0.018701834604144096, 0.01758723147213459, 0.017572840675711632, 0.015967732295393944, 0.017264338210225105, 0.017559580504894257, 0.01763339340686798, 0.01729626953601837, 0.01753460429608822, 0.01834110915660858, 0.017958952113986015, 0.01679294928908348, 0.016916971653699875, 0.018831605091691017, 0.017705852165818214, 0.0181317999958992, 0.01895863562822342, 0.020034408196806908, 0.01993411034345627, 0.019431306049227715, 0.018669165670871735, 0.018766172230243683, 0.018821503967046738, 0.019133416935801506, 0.019123388454318047, 0.018259063363075256, 0.01808028668165207, 0.01869836635887623, 0.0186848696321249, 0.019159777089953423, 0.01927129738032818, 0.019567126408219337, 0.018174532800912857, 0.016917048022150993, 0.017672430723905563, 0.02145453356206417, 0.021796083077788353, 0.020473096519708633, 0.02026628889143467, 0.0169028602540493, 0.01819169893860817, 0.019973691552877426, 0.01999254897236824, 0.02168194204568863, 0.021231047809123993, 0.01906135305762291, 0.018273837864398956, 0.021220332011580467, 0.019702358171343803], "position_loss": [0.009050861932337284, 0.009871204383671284, 0.014629043638706207, 0.014649732038378716, 0.009795251302421093, 0.009618929587304592, 0.011695235036313534, 0.010722342878580093, 0.011435535736382008, 0.011151955462992191, 0.010524976067245007, 0.010095488280057907, 0.008853189647197723, 0.009259600192308426, 0.008855929598212242, 0.009144419804215431, 0.010781925171613693, 0.010339577682316303, 0.008259846828877926, 0.008641130290925503, 0.008644047193229198, 0.008777391165494919, 0.010506946593523026, 0.01002752035856247, 0.008894361555576324, 0.00855931919068098, 0.00740105751901865, 0.0074007827788591385, 0.008607309311628342, 0.008510243147611618, 0.0076499986462295055, 0.007579509634524584, 0.0076253642328083515, 0.007660934701561928, 0.007306716404855251, 0.007445211056619883, 0.007559563033282757, 0.007276250049471855, 0.007093764375895262, 0.007738539949059486, 0.007776292040944099, 0.0078023215755820274, 0.008891492150723934, 0.008596360683441162, 0.007189097814261913, 0.00715319300070405, 0.008043210953474045, 0.007722341455519199, 0.00737017160281539, 0.007527937646955252, 0.0075641595758497715, 0.007917959243059158, 0.0074084363877773285, 0.007398996036499739, 0.006720528472214937, 0.007298717275261879, 0.007448588497936726, 0.007483979221433401, 0.00733308307826519, 0.007426762022078037, 0.007676479872316122, 0.007529707625508308, 0.00695430301129818, 0.007023953832685947, 0.007901648990809917, 0.007413861807435751, 0.00766887329518795, 0.008020678535103798, 0.008585432544350624, 0.008545096032321453, 0.008195605129003525, 0.007860634475946426, 0.007898540236055851, 0.007953288033604622, 0.00803714245557785, 0.00806105975061655, 0.007607289589941502, 0.0075409612618386745, 0.007920840755105019, 0.007930061779916286, 0.008144967257976532, 0.008192792534828186, 0.00823971163481474, 0.007644670084118843, 0.007070081774145365, 0.0073911407962441444, 0.009204489178955555, 0.0093716224655509, 0.008710796013474464, 0.008636979386210442, 0.00700769666582346, 0.0075767021626234055, 0.008561063557863235, 0.008581687696278095, 0.009487121365964413, 0.009252780117094517, 0.008054114878177643, 0.007749334909021854, 0.008961653336882591, 0.008332726545631886], "gru_regularizer_loss": [0.11271557211875916, 0.11207233369350433, 0.11121193319559097, 0.11344189196825027, 0.11193594336509705, 0.10884182155132294, 0.11646336317062378, 0.10937272757291794, 0.1158318966627121, 0.11197856068611145, 0.11555152386426926, 0.11027579009532928, 0.1093263328075409, 0.10913439840078354, 0.10475115478038788, 0.105291947722435, 0.11020965874195099, 0.10540997236967087, 0.1019996777176857, 0.10443859547376633, 0.1079210415482521, 0.1065099686384201, 0.11269350349903107, 0.10742072761058807, 0.11165590584278107, 0.10816448926925659, 0.10576719790697098, 0.10494501888751984, 0.10620126128196716, 0.10544712096452713, 0.10727961361408234, 0.10611415654420853, 0.10929727554321289, 0.10796712338924408, 0.10703781247138977, 0.10761559009552002, 0.1095990240573883, 0.1067916601896286, 0.09862945973873138, 0.10545485466718674, 0.10819005966186523, 0.1069762334227562, 0.11539889872074127, 0.11026555299758911, 0.10988353192806244, 0.10875654965639114, 0.10946805775165558, 0.1067570224404335, 0.1055607944726944, 0.10657855123281479, 0.10611523687839508, 0.10851214826107025, 0.10819211602210999, 0.10724665224552155, 0.10166151076555252, 0.10601368546485901, 0.10655557364225388, 0.1056758314371109, 0.10389764606952667, 0.10494261980056763, 0.11255106329917908, 0.10930587351322174, 0.11071735620498657, 0.10944882035255432, 0.11359286308288574, 0.10859746485948563, 0.10633432120084763, 0.1091785803437233, 0.10898672044277191, 0.10787183791399002, 0.11226018518209457, 0.10915425419807434, 0.11158863455057144, 0.1099013239145279, 0.11338646709918976, 0.11155317723751068, 0.11302671581506729, 0.11136211454868317, 0.10914735496044159, 0.10791373997926712, 0.10744152218103409, 0.1080247238278389, 0.11538738012313843, 0.1085302084684372, 0.105781689286232, 0.10848377645015717, 0.11171988397836685, 0.11187929660081863, 0.11328862607479095, 0.1115255057811737, 0.1074204221367836, 0.11161914467811584, 0.10835158824920654, 0.10734288394451141, 0.10647030174732208, 0.10588044673204422, 0.11337488889694214, 0.10799756646156311, 0.12035994231700897, 0.11262194067239761],