{"loss": [0.01945493556559086, 0.022664159536361694, 0.042189255356788635, 0.04223106801509857, 0.02875051647424698, 0.02813081629574299, 0.023022139444947243, 0.02370980940759182, 0.02648628130555153, 0.02563917636871338, 0.02146558091044426, 0.020598968490958214, 0.02012307196855545, 0.019666966050863266, 0.022064153105020523, 0.02235744148492813, 0.020075561478734016, 0.020595381036400795, 0.02027159370481968, 0.020855939015746117, 0.024059133604168892, 0.023396003991365433, 0.019999587908387184, 0.019306868314743042, 0.021802013739943504, 0.02092304266989231, 0.021025851368904114, 0.020243879407644272, 0.01840895041823387, 0.01891290582716465, 0.020473279058933258, 0.020571036264300346, 0.017904557287693024, 0.019328366965055466, 0.018897879868745804, 0.01796524040400982, 0.024056214839220047, 0.023813672363758087, 0.01927756518125534, 0.01931486465036869, 0.020471110939979553, 0.018933802843093872, 0.018772222101688385, 0.01786261610686779, 0.017405349761247635, 0.017557404935359955, 0.01775055006146431, 0.017796840518712997, 0.016781268641352654, 0.01721649058163166, 0.01694510132074356, 0.016477471217513084, 0.017362091690301895, 0.017385568469762802, 0.015620941296219826, 0.016362305730581284, 0.018468158319592476, 0.017543602734804153, 0.018291734158992767, 0.017437243834137917, 0.01731659285724163, 0.017114289104938507, 0.016778700053691864, 0.01668880134820938, 0.01603349670767784, 0.017006512731313705, 0.01654646173119545, 0.01695401407778263, 0.01745743118226528, 0.017126858234405518, 0.017985600978136063, 0.018130401149392128, 0.017549851909279823, 0.017169691622257233, 0.017536604776978493, 0.017498977482318878, 0.016155991703271866, 0.01703024096786976, 0.01675264909863472, 0.016032448038458824, 0.016399910673499107, 0.016133219003677368, 0.017245830968022346, 0.016725964844226837, 0.017388569191098213, 0.016449056565761566, 0.017891544848680496, 0.017749089747667313, 0.01754963956773281, 0.01710287481546402, 0.018139131367206573, 0.017167773097753525, 0.01851104199886322, 0.018782014027237892, 0.01760452426970005, 0.01703003980219364, 0.017932573333382607, 0.017747722566127777, 0.0184459425508976, 0.019122742116451263], "position_loss": [0.008228117600083351, 0.00971537921577692, 0.01936323381960392, 0.019357839599251747, 0.012412285432219505, 0.012189481407403946, 0.010050655342638493, 0.01035374216735363, 0.01178413350135088, 0.01140357181429863, 0.00933661125600338, 0.00894455797970295, 0.008558792993426323, 0.00840031448751688, 0.0095360754057765, 0.00970661360770464, 0.008741931989789009, 0.00898700300604105, 0.008821258321404457, 0.009108914993703365, 0.010610228404402733, 0.010331064462661743, 0.008584946393966675, 0.008313987404108047, 0.009527022019028664, 0.009133275598287582, 0.009091011248528957, 0.008775586262345314, 0.007967856712639332, 0.008182507008314133, 0.008902300149202347, 0.00896612461656332, 0.007649984210729599, 0.00830317847430706, 0.008031580597162247, 0.0076223635114729404, 0.010707143694162369, 0.010573213919997215, 0.008250098675489426, 0.008281164802610874, 0.008746619336307049, 0.008080627769231796, 0.007910833694040775, 0.00753470603376627, 0.0073175253346562386, 0.00741519033908844, 0.007441132795065641, 0.007488531526178122, 0.007028074935078621, 0.007236081641167402, 0.0070771342143416405, 0.0068949139676988125, 0.00727763632312417, 0.007312494795769453, 0.006374550983309746, 0.006735963746905327, 0.007737597916275263, 0.007342060562223196, 0.007688751444220543, 0.007332054432481527, 0.007164838258177042, 0.007106287404894829, 0.006891338620334864, 0.006875565741211176, 0.006678014528006315, 0.0071195438504219055, 0.00687383534386754, 0.007074151653796434, 0.007273213937878609, 0.007144629955291748, 0.007572278380393982, 0.007638999260962009, 0.0072825090028345585, 0.007136045955121517, 0.007275911048054695, 0.007273495197296143, 0.006628129631280899, 0.007028918247669935, 0.0068579865619540215, 0.0065805441699922085, 0.006710335146635771, 0.006620080675929785, 0.007109035272151232, 0.006898648105561733, 0.007093825377523899, 0.00671790074557066, 0.007303144317120314, 0.007282399572432041, 0.0072510563768446445, 0.007090553641319275, 0.007441775873303413, 0.007047660648822784, 0.00777459004893899, 0.00789064820855856, 0.007239285856485367, 0.00702133122831583, 0.007517601829022169, 0.007447902578860521, 0.007750947028398514, 0.008047936484217644], "gru_regularizer_loss": [0.11407455801963806, 0.11779621243476868, 0.12669798731803894, 0.1294369101524353, 0.1360936313867569, 0.13206297159194946, 0.11224246770143509, 0.11456108093261719, 0.11381800472736359, 0.1105254590511322, 0.11256784200668335, 0.10915277898311615, 0.12074178457260132, 0.11631660908460617, 0.11661474406719208, 0.1156347468495369, 0.10921922326087952, 0.10971512645483017, 0.10772755742073059, 0.10795659571886063, 0.11502286046743393, 0.11093741655349731, 0.11729277670383453, 0.11139321327209473, 0.11475010216236115, 0.1108720675110817, 0.1156095340847969, 0.10981229692697525, 0.1040099561214447, 0.10666045546531677, 0.11308277398347855, 0.1111728623509407, 0.10748498141765594, 0.11122968792915344, 0.11259407550096512, 0.10749072581529617, 0.10836626589298248, 0.10735981911420822, 0.11002510040998459, 0.10848426818847656, 0.120845727622509, 0.11285790055990219, 0.11830705404281616, 0.11229472607374191, 0.1120072677731514, 0.11019359529018402, 0.11467663943767548, 0.11252152919769287, 0.11102236807346344, 0.11106925457715988, 0.11401280760765076, 0.11022580415010452, 0.11256956309080124, 0.11071641743183136, 0.11367255449295044, 0.1134733334183693, 0.11835147440433502, 0.11255642771720886, 0.11587090790271759, 0.11016678810119629, 0.11604160070419312, 0.11372598260641098, 0.11807280778884888, 0.11557832360267639, 0.10980090498924255, 0.11186932027339935, 0.11086337268352509, 0.11090720444917679, 0.11572330445051193, 0.11201390624046326, 0.11078399419784546, 0.1112036183476448, 0.11550441384315491, 0.11175033450126648, 0.11628566682338715, 0.11420901864767075, 0.11157625168561935, 0.11346203833818436, 0.11912582814693451, 0.11310853064060211, 0.11830219626426697, 0.11576615273952484, 0.11777037382125854, 0.11370430886745453, 0.12336350977420807, 0.1167723760008812, 0.12415153533220291, 0.12100575864315033, 0.11689481139183044, 0.11282316595315933, 0.12375582754611969, 0.11721029877662659, 0.11476072669029236, 0.11470016092061996, 0.12032994627952576, 0.1159273013472557, 0.11300390213727951, 0.11133403331041336, 0.11280237138271332, 0.11479666829109192],