{"loss": [0.02214636839926243, 0.025237277150154114, 0.04494228959083557, 0.04345228895545006, 0.02939273975789547, 0.028442850336432457, 0.03119787946343422, 0.030158020555973053, 0.02961442619562149, 0.029667317867279053, 0.02573748491704464, 0.024031704291701317, 0.029530424624681473, 0.030823806300759315, 0.02804538793861866, 0.026926755905151367, 0.024645863100886345, 0.02348952926695347, 0.028435958549380302, 0.02758772484958172, 0.024075524881482124, 0.02462608553469181, 0.022304292768239975, 0.02301684580743313, 0.021668672561645508, 0.020973673090338707, 0.02262597531080246, 0.022236676886677742, 0.018228501081466675, 0.019368289038538933, 0.021088965237140656, 0.020986394956707954, 0.020865393802523613, 0.020032599568367004, 0.01925581507384777, 0.0192867498844862, 0.02019849419593811, 0.020359313115477562, 0.017496544867753983, 0.017923764884471893, 0.018589982762932777, 0.018545925617218018, 0.018757618963718414, 0.018062720075249672, 0.018454769626259804, 0.018326515331864357, 0.016878725960850716, 0.017699435353279114, 0.01977289468050003, 0.019368359819054604, 0.017285097390413284, 0.017764359712600708, 0.01867247186601162, 0.01856067217886448, 0.01802467368543148, 0.017487773671746254, 0.019751477986574173, 0.018946539610624313, 0.016867745667696, 0.017403073608875275], "position_loss": [0.009285508655011654, 0.010785709135234356, 0.020830398425459862, 0.02011006698012352, 0.012739776633679867, 0.012370151467621326, 0.013783383183181286, 0.013379114679992199, 0.013280046172440052, 0.01324018370360136, 0.011173529550433159, 0.010432031005620956, 0.013181355781853199, 0.013804707676172256, 0.012331267818808556, 0.011834858916699886, 0.010619542561471462, 0.010134554468095303, 0.012598332017660141, 0.012232750654220581, 0.01060035265982151, 0.010826772078871727, 0.00973781943321228, 0.010062523186206818, 0.009219015017151833, 0.008932556957006454, 0.009717542678117752, 0.009560207836329937, 0.007710524369031191, 0.00823016744107008, 0.009054011665284634, 0.009019020944833755, 0.008867975324392319, 0.008511118590831757, 0.008130264468491077, 0.008164356462657452, 0.008570284582674503, 0.008654716424643993, 0.007245694287121296, 0.007456187624484301, 0.007747553754597902, 0.0077512008138000965, 0.007815572433173656, 0.007519781589508057, 0.0075695510022342205, 0.007539457641541958, 0.006866470444947481, 0.007248476147651672, 0.008218757808208466, 0.008057867176830769, 0.006985305342823267, 0.007221647538244724, 0.007651312742382288, 0.007638629991561174, 0.0072822533547878265, 0.007085150107741356, 0.008256044238805771, 0.007914859801530838, 0.0067986357025802135, 0.007069374900311232], "gru_regularizer_loss": [0.1476307064294815, 0.14958900213241577, 0.14384424686431885, 0.1424364298582077, 0.15690955519676208, 0.1490064412355423, 0.15607412159442902, 0.14581462740898132, 0.13535869121551514, 0.1403612345457077, 0.15001420676708221, 0.14027470350265503, 0.13670499622821808, 0.14074693620204926, 0.1455616056919098, 0.14117731153964996, 0.1492127627134323, 0.1416943520307541, 0.14278100430965424, 0.13825705647468567, 0.13116532564163208, 0.13550108671188354, 0.13139475882053375, 0.13530971109867096, 0.1428166776895523, 0.13829690217971802, 0.14159077405929565, 0.1392614096403122, 0.12984837591648102, 0.13418585062026978, 0.13541719317436218, 0.13402613997459412, 0.14081454277038574, 0.1362830251455307, 0.13693034648895264, 0.13543036580085754, 0.13667592406272888, 0.13732311129570007, 0.13473179936408997, 0.13575822114944458, 0.1376761943101883, 0.13590866327285767, 0.1395004689693451, 0.13520830869674683, 0.14266866445541382, 0.14058507978916168, 0.1346912384033203, 0.13824431598186493, 0.1430395245552063, 0.13884907960891724, 0.13870662450790405, 0.13955716788768768, 0.14268918335437775, 0.14049354195594788, 0.145134836435318, 0.14015643298625946, 0.14097481966018677, 0.13652904331684113, 0.13780762255191803, 0.13867467641830444], "l2_xdx_activation_loss": [0.0006993580027483404, 0.0007229999173432589, 0.0006140272598713636, 0.0006022736197337508, 0.0007810405804775655, 0.0007371711544692516, 0.0006898010615259409, 0.0006468918290920556, 0.000566592498216778, 0.0005941225099377334, 0.0006297708605416119, 0.0005879747332073748, 0.0005998978158459067, 0.0006019847933202982, 0.0006420884747058153, 0.0006147646345198154, 0.0006378931575454772, 0.0006008357158862054, 0.0006035046535544097, 0.0005795606994070113, 0.000520732079166919, 0.0005388539866544306, 0.0005045785219408572, 0.0005125769530422986, 0.0006005021859891713, 0.000574873702134937, 0.0005913372151553631, 0.0005742257344536483, 0.0005026657599955797, 0.0005217085126787424, 0.000541933171916753, 0.0005357071640901268, 0.0005734424921683967, 0.0005488537135533988, 0.0005416709464043379, 0.0005342551739886403, 0.0005633988766930997, 0.000558560190256685, 0.0005522890132851899, 0.0005509459879249334, 0.0005723811336793005, 0.000561155378818512, 0.0005768329720012844, 0.0005567010957747698, 0.0006293359911069274, 0.0006135922740213573, 0.0005993001395836473, 0.0006063559558242559, 0.0006346702575683594, 0.0006210540886968374, 0.0006421495927497745, 0.0006415071547962725, 0.0006473278044722974, 0.0006258354405872524, 0.0006692821043543518, 0.0006383121362887323, 0.000609556445851922, 0.0005835189949721098, 0.0006304749404080212, 0.0006255345651879907]}