{"loss": [0.01962985470890999, 0.02164965309202671, 0.03749687224626541, 0.03790108859539032, 0.03167538344860077, 0.030234359204769135, 0.023148631677031517, 0.02373521775007248, 0.03222791478037834, 0.03214440494775772, 0.03145896643400192, 0.029979445040225983, 0.025157274678349495, 0.024919355288147926, 0.023783711716532707, 0.023652365431189537, 0.02308332733809948, 0.022892355918884277, 0.023060988634824753, 0.023144129663705826, 0.0235453974455595, 0.023312309756875038, 0.01931188255548477, 0.019246507436037064, 0.02126232720911503, 0.020548569038510323, 0.020549073815345764, 0.020009079948067665, 0.019069284200668335, 0.018407180905342102, 0.022124137729406357, 0.020828209817409515, 0.019192153587937355, 0.018822573125362396, 0.021815046668052673, 0.020718062296509743, 0.019336994737386703, 0.018590349704027176, 0.01977800391614437, 0.019769767299294472, 0.018227452412247658, 0.018847502768039703, 0.02214072272181511, 0.02114921435713768, 0.019098039716482162, 0.019184308126568794, 0.020329788327217102, 0.02052352763712406, 0.01728079468011856, 0.018206557258963585, 0.020144032314419746, 0.01995754987001419, 0.0194642823189497, 0.02009524032473564, 0.019873062148690224, 0.01951216161251068, 0.01921631395816803, 0.018915988504886627, 0.019313380122184753, 0.019173383712768555, 0.018004506826400757, 0.01802923157811165, 0.01843281090259552, 0.017861634492874146, 0.020201176404953003, 0.01899613067507744, 0.017277080565690994, 0.01775534451007843, 0.017782878130674362, 0.01829194836318493, 0.019419876858592033, 0.0187542587518692, 0.016724970191717148, 0.017048997804522514, 0.018917007371783257, 0.01836419850587845, 0.01759672909975052, 0.017090044915676117, 0.017919771373271942, 0.01701577939093113, 0.018054518848657608, 0.01789066568017006, 0.018332824110984802, 0.018524015322327614, 0.01923847198486328, 0.01849282532930374, 0.01848047412931919, 0.01835322566330433, 0.01843968778848648, 0.017527930438518524, 0.01739293336868286, 0.016995543614029884, 0.01701662875711918, 0.017592838034033775, 0.015074731782078743, 0.015969034284353256, 0.017425643280148506, 0.01673830859363079, 0.015362577512860298, 0.01605219580233097], "position_loss": [0.008278016932308674, 0.009260712191462517, 0.016984783113002777, 0.017250092700123787, 0.013768620789051056, 0.013197211548686028, 0.010134768672287464, 0.010308909229934216, 0.014682681299746037, 0.014598346315324306, 0.01433596946299076, 0.013608701527118683, 0.011336857452988625, 0.01121519971638918, 0.010606485418975353, 0.010561740957200527, 0.0101349838078022, 0.010093729943037033, 0.0102382255718112, 0.010263421572744846, 0.010502200573682785, 0.010364430025219917, 0.008390860632061958, 0.008385971188545227, 0.009327519685029984, 0.009005802683532238, 0.008960889652371407, 0.008734062314033508, 0.00820666179060936, 0.007949810475111008, 0.009612537920475006, 0.009041324257850647, 0.008255192078649998, 0.008113500662147999, 0.009510554373264313, 0.00903326366096735, 0.008250857703387737, 0.007939768023788929, 0.008439790457487106, 0.00846338365226984, 0.007743950933218002, 0.008002636954188347, 0.009535430930554867, 0.009130695834755898, 0.008085698820650578, 0.008162617683410645, 0.008782308548688889, 0.008864094503223896, 0.007330819498747587, 0.0077475253492593765, 0.008636316284537315, 0.008555704727768898, 0.008378036320209503, 0.008671443909406662, 0.008547959849238396, 0.008385224267840385, 0.008215521462261677, 0.008103134110569954, 0.008282694034278393, 0.008217919617891312, 0.007618484552949667, 0.007630899548530579, 0.007775179110467434, 0.007545487955212593, 0.008564496412873268, 0.008071188814938068, 0.007219146471470594, 0.007442789152264595, 0.007543570827692747, 0.00777855422347784, 0.008255585096776485, 0.00796864926815033, 0.006905328016728163, 0.007066583260893822, 0.007959654554724693, 0.007748740259557962, 0.007302609737962484, 0.007100518327206373, 0.007493623532354832, 0.0071188295260071754, 0.007667011581361294, 0.007598951458930969, 0.007719333283603191, 0.007840869948267937, 0.008105752058327198, 0.007788184564560652, 0.007815269753336906, 0.007758012041449547, 0.007752795238047838, 0.007378381211310625, 0.0071931080892682076, 0.007048328872770071, 0.007137891836464405, 0.007369715254753828, 0.006123099476099014, 0.006516180466860533, 0.007303910329937935, 0.007013646885752678, 0.006383711006492376, 0.00667147058993578], "gru_regularizer_loss": [0.11077573150396347, 0.11230085790157318, 0.11962953209877014, 0.1183948889374733, 0.1295882612466812, 0.12241199612617493, 0.10439692437648773, 0.1097397729754448, 0.10569960623979568, 0.10698460042476654, 0.1057470291852951, 0.10432536154985428, 0.1026022732257843, 0.10244815051555634, 0.10483889281749725, 0.1039319708943367, 0.11103382706642151, 0.1074378490447998, 0.1049574762582779, 0.106038399040699, 0.10394756495952606, 0.10541263967752457, 0.10593380779027939, 0.10325279831886292, 0.10666122287511826, 0.10388831049203873, 0.10744141787290573, 0.1045704260468483, 0.10933711379766464, 0.10425031930208206, 0.11286649107933044, 0.10731784999370575, 0.10831058025360107, 0.10537178814411163, 0.11091548204421997, 0.10576426982879639, 0.11004309356212616, 0.10672658681869507, 0.10952211171388626, 0.1082409992814064, 0.10448615252971649, 0.10806581377983093, 0.11502312123775482, 0.10929735004901886, 0.11034595966339111, 0.10890083760023117, 0.10627014935016632, 0.10746313631534576, 0.10210946202278137, 0.1059466227889061, 0.10904572904109955, 0.10806292295455933, 0.1058407798409462, 0.10702477395534515, 0.107789546251297, 0.10680249333381653, 0.10858524590730667, 0.10583695769309998, 0.10675984621047974, 0.10627315193414688, 0.10692544281482697, 0.10619612783193588, 0.11020533740520477, 0.10691633820533752, 0.1158914789557457, 0.10818377882242203, 0.10645143687725067, 0.10770726203918457, 0.10466407239437103, 0.10616710036993027, 0.1099327951669693, 0.10698078572750092, 0.10785732418298721, 0.10870113223791122, 0.11296027898788452, 0.10918273776769638, 0.112932488322258, 0.1094466894865036, 0.11239702999591827, 0.10719712823629379, 0.10715867578983307, 0.1063290387392044, 0.10936369001865387, 0.10794796049594879, 0.11304481327533722, 0.10958483070135117, 0.10863291472196579, 0.10803062468767166, 0.1128292828798294, 0.1074942871928215, 0.11183741688728333, 0.10858047753572464, 0.10489629954099655, 0.10865049809217453, 0.10535714030265808, 0.1089547723531723, 0.1106254830956459, 0.10754206776618958, 0.10331052541732788, 0.1069977805018425],