{"loss": [0.023290058597922325, 0.025379836559295654, 0.048725344240665436, 0.04520335793495178, 0.029644561931490898, 0.030553340911865234, 0.030963581055402756, 0.029345784336328506, 0.022844817489385605, 0.02275164984166622, 0.03014196828007698, 0.029857618734240532, 0.029688268899917603, 0.028687860816717148, 0.021685684099793434, 0.0217431653290987, 0.022004667669534683, 0.023605871945619583, 0.026846546679735184, 0.0262971892952919, 0.02254899963736534, 0.021573390811681747, 0.023294417187571526, 0.022911647334694862, 0.025481250137090683, 0.024906061589717865, 0.02288101613521576, 0.022496219724416733, 0.021594174206256866, 0.022238628938794136, 0.02152121439576149, 0.021277951076626778, 0.02523047849535942, 0.02486560121178627, 0.0200679711997509, 0.02048478275537491, 0.022725138813257217, 0.021546944975852966, 0.022661117836833, 0.022798441350460052, 0.019455760717391968, 0.020420067012310028, 0.02785511501133442, 0.027086669579148293, 0.029975242912769318, 0.029317541047930717, 0.02161429449915886, 0.021630845963954926, 0.025599995627999306, 0.024224812164902687, 0.023504385724663734, 0.023325052112340927, 0.026142073795199394, 0.026188507676124573, 0.027835488319396973, 0.027672693133354187, 0.021058399230241776, 0.021529734134674072, 0.024976536631584167, 0.025625722482800484], "position_loss": [0.009377604350447655, 0.010462198406457901, 0.0224028117954731, 0.02074788697063923, 0.012890219688415527, 0.013363484293222427, 0.013566084206104279, 0.012880384922027588, 0.009738652035593987, 0.009709324687719345, 0.01320673432201147, 0.013120396062731743, 0.012849734164774418, 0.012443188577890396, 0.009048648178577423, 0.009118245914578438, 0.009472837671637535, 0.010172665119171143, 0.01160616148263216, 0.011402392759919167, 0.009509905241429806, 0.00909094326198101, 0.009745363146066666, 0.009655270725488663, 0.01077717263251543, 0.010577287524938583, 0.00952945277094841, 0.009389440529048443, 0.009125206619501114, 0.009397725574672222, 0.008946346119046211, 0.008916709572076797, 0.010846726596355438, 0.010691466741263866, 0.008401868864893913, 0.008583547547459602, 0.009560617618262768, 0.009066371247172356, 0.009490431286394596, 0.009604348801076412, 0.007999207824468613, 0.008409125730395317, 0.012213777750730515, 0.011846725828945637, 0.01334062684327364, 0.01301024854183197, 0.00913487933576107, 0.00916999951004982, 0.010810154490172863, 0.010236847214400768, 0.009886939078569412, 0.009839383885264397, 0.011361910961568356, 0.01140598114579916, 0.0122252581641078, 0.012135755270719528, 0.008810294792056084, 0.00905767735093832, 0.010652460157871246, 0.010989154689013958], "gru_regularizer_loss": [0.18905368447303772, 0.18702983856201172, 0.18343910574913025, 0.17507368326187134, 0.17536482214927673, 0.17420721054077148, 0.17930921912193298, 0.1688031554222107, 0.1677946150302887, 0.1666385978460312, 0.17930886149406433, 0.17636412382125854, 0.1877235621213913, 0.18122239410877228, 0.1761639267206192, 0.17343522608280182, 0.15384477376937866, 0.164077028632164, 0.17313438653945923, 0.16805338859558105, 0.17093205451965332, 0.16599752008914948, 0.18066726624965668, 0.1724686324596405, 0.1807003617286682, 0.17479407787322998, 0.17555788159370422, 0.1728597730398178, 0.16002342104911804, 0.16490855813026428, 0.17189349234104156, 0.16456134617328644, 0.1663343608379364, 0.16488678753376007, 0.15802715718746185, 0.16044014692306519, 0.1724502444267273, 0.16488075256347656, 0.1699756681919098, 0.16774789988994598, 0.159956693649292, 0.16749300062656403, 0.1657686084508896, 0.16273829340934753, 0.16031718254089355, 0.16007615625858307, 0.16261659562587738, 0.16120435297489166, 0.17980849742889404, 0.17140214145183563, 0.17198318243026733, 0.16972894966602325, 0.1657695323228836, 0.16442452371120453, 0.16347046196460724, 0.1649227738380432, 0.16471101343631744, 0.1652842015028, 0.16762693226337433, 0.1681857705116272], "l2_xdx_activation_loss": [0.0008810920407995582, 0.0008613674435764551, 0.0006947622750885785, 0.0006519347080029547, 0.0007031452842056751, 0.0006944201304577291, 0.0006790940533392131, 0.0006319808308035135, 0.0005628436920233071, 0.00055519281886518, 0.0006447911146096885, 0.0006173823494464159, 0.0007035091402940452, 0.0006627415423281491, 0.0006085700006224215, 0.0005904279532842338, 0.0005065025179646909, 0.0005395776825025678, 0.0006339473184198141, 0.0006036109989508986, 0.0006062776665203273, 0.0005768311093561351, 0.0006653267191722989, 0.00062512734439224, 0.0007062871009111404, 0.000667502055875957, 0.000688497384544462, 0.0006625675596296787, 0.000580829509999603, 0.0005976848187856376, 0.0006361825508065522, 0.0005992933292873204, 0.0006242140079848468, 0.0006109200185164809, 0.0005609737709164619, 0.000570748292375356, 0.0006261206581257284, 0.0005881184479221702, 0.000659819517750293, 0.0006370751070789993, 0.0006189128034748137, 0.0006419479032047093, 0.0005896117072552443, 0.0005882655386812985, 0.0005632595275528729, 0.0005650810780934989, 0.0005724437651224434, 0.0005592551315203309, 0.0007268544868566096, 0.0006786860758438706, 0.0006698788492940366, 0.0006493190303444862, 0.0005865057464689016, 0.0005770865245722234, 0.0005830763257108629, 0.000583639251999557, 0.0005965528544038534, 0.0005868320586159825, 0.0006647689151577652, 0.0006548385717906058]}