{"loss": [0.021029388532042503, 0.022782467305660248, 0.03568718209862709, 0.03336738422513008, 0.024639783427119255, 0.026502879336476326, 0.028191663324832916, 0.027511300519108772, 0.021313533186912537, 0.02204515039920807, 0.025664815679192543, 0.025646712630987167, 0.017999527975916862, 0.01831362396478653, 0.02525833062827587, 0.023957384750247, 0.024420026689767838, 0.023737402632832527, 0.01989305391907692, 0.019434409216046333, 0.02066802605986595, 0.021427525207400322, 0.019796889275312424, 0.01937386579811573, 0.020981209352612495, 0.020821359008550644, 0.017910199239850044, 0.017488893121480942, 0.019179344177246094, 0.019971005618572235, 0.01777970790863037, 0.017508232966065407, 0.018392300233244896, 0.01786002889275551, 0.017838118597865105, 0.01800554245710373, 0.01661330834031105, 0.01658792421221733, 0.016516564413905144, 0.016016656532883644, 0.01807788759469986, 0.017834747210144997, 0.016615474596619606, 0.015717294067144394, 0.019007867202162743, 0.018863821402192116, 0.01658567786216736, 0.01715061254799366, 0.018740158528089523, 0.017643004655838013, 0.018067317083477974, 0.018138280138373375, 0.019117726013064384, 0.018054217100143433, 0.01939650997519493, 0.018540281802415848, 0.019143979996442795, 0.018942836672067642, 0.015342134982347488, 0.016607534140348434, 0.016620879992842674, 0.017367569729685783, 0.017949562519788742, 0.017648926004767418, 0.017183853313326836, 0.01719607226550579, 0.017371853813529015, 0.016979631036520004, 0.016231173649430275, 0.016217630356550217, 0.01762104034423828, 0.016974257305264473, 0.01613393984735012, 0.015704413875937462, 0.016706915572285652, 0.016600169241428375, 0.01623687520623207, 0.016681063920259476, 0.0171656496822834, 0.01704558916389942, 0.01769063249230385, 0.016377227380871773, 0.015328515321016312, 0.015650305896997452, 0.015437164343893528, 0.015388071537017822, 0.015698621049523354, 0.015788473188877106, 0.017387745901942253, 0.016450045630335808, 0.015714120119810104, 0.016164038330316544, 0.01793663389980793, 0.01733395643532276, 0.017052054405212402, 0.016981108114123344, 0.017215348780155182, 0.017032742500305176, 0.01600644178688526, 0.015656527131795883], "position_loss": [0.008957097306847572, 0.009912900626659393, 0.016297051683068275, 0.0152228819206357, 0.011078450828790665, 0.011891137808561325, 0.012806527316570282, 0.0124706095084548, 0.00938738975673914, 0.009760664775967598, 0.011504368856549263, 0.011504070833325386, 0.0077838958241045475, 0.007939822040498257, 0.011348480358719826, 0.010742894373834133, 0.011006307788193226, 0.010691402480006218, 0.008667060174047947, 0.008482055738568306, 0.009026909247040749, 0.009415256790816784, 0.008538930676877499, 0.00837701465934515, 0.009244049899280071, 0.009164202027022839, 0.0077001359313726425, 0.007531171664595604, 0.00842854380607605, 0.008775811642408371, 0.007598438765853643, 0.007500899955630302, 0.007883500307798386, 0.007657578215003014, 0.007659401744604111, 0.00773280207067728, 0.006961518432945013, 0.006972752511501312, 0.0068547832779586315, 0.006649718154221773, 0.007689993362873793, 0.007570635061711073, 0.0069342623464763165, 0.006560497917234898, 0.00814659520983696, 0.008094114251434803, 0.007032930385321379, 0.007285433355718851, 0.0080484040081501, 0.007565734442323446, 0.007639361545443535, 0.007710087578743696, 0.008204212412238121, 0.007748339790850878, 0.008368127048015594, 0.008008857257664204, 0.008273899555206299, 0.008184831589460373, 0.006468124222010374, 0.007041575852781534, 0.007115733809769154, 0.007443952839821577, 0.007691174279898405, 0.007556297816336155, 0.0072467271238565445, 0.007272077724337578, 0.007298492826521397, 0.0071440208703279495, 0.006744795013219118, 0.006755833979696035, 0.007408026605844498, 0.007138333283364773, 0.006674506701529026, 0.006498910021036863, 0.00697180675342679, 0.006927841808646917, 0.00680012721568346, 0.007018958684056997, 0.007160059176385403, 0.007115498185157776, 0.007393733132630587, 0.006849834695458412, 0.006362996529787779, 0.006506177131086588, 0.006377119570970535, 0.006372866686433554, 0.006504814140498638, 0.006554639898240566, 0.007276979740709066, 0.006882785819470882, 0.006521661300212145, 0.006722787395119667, 0.007556715980172157, 0.0073018064722418785, 0.007228253874927759, 0.007210336625576019, 0.007313864305615425, 0.007225183304399252, 0.006577066145837307, 0.006446688901633024], "gru_regularizer_loss": [0.1134028434753418, 0.10933998972177505, 0.11501676589250565, 0.10910138487815857, 0.09930938482284546, 0.1044645607471466, 0.1046581044793129, 0.10411020368337631, 0.10223760455846786, 0.10280926525592804, 0.10411052405834198, 0.1045534610748291, 0.10130894184112549, 0.10088492184877396, 0.10483020544052124, 0.10018379986286163, 0.10201786458492279, 0.09953951835632324, 0.10486146062612534, 0.10155317187309265, 0.10351045429706573, 0.10372988134622574, 0.10845468938350677, 0.10484692454338074, 0.10262887924909592, 0.10186553001403809, 0.10358266532421112, 0.10069617629051208, 0.09605184197425842, 0.09957612305879593, 0.10515255481004715, 0.10210749506950378, 0.10628607869148254, 0.1030651330947876, 0.10159680247306824, 0.10264402627944946, 0.10554943978786469, 0.10437602549791336, 0.10834924876689911, 0.10520521551370621, 0.10446654260158539, 0.10380322486162186, 0.10791393369436264, 0.1026456281542778, 0.10574008524417877, 0.1044832244515419, 0.10124358534812927, 0.10280504822731018, 0.10701289772987366, 0.10190463811159134, 0.1078416109085083, 0.10610303282737732, 0.10764363408088684, 0.10236123949289322, 0.10783016681671143, 0.10260754823684692, 0.10491251200437546, 0.10373546183109283, 0.09699472784996033, 0.10203764587640762, 0.09808260202407837, 0.1014573946595192, 0.1046362966299057, 0.10344486683607101, 0.10578154027462006, 0.10432029515504837, 0.10822178423404694, 0.1048702672123909, 0.10633687674999237, 0.10515175759792328, 0.10756587982177734, 0.10422340780496597, 0.10848670452833176, 0.10531139373779297, 0.10538982599973679, 0.10455863177776337, 0.1029660627245903, 0.10398101061582565, 0.10822625458240509, 0.10701338946819305, 0.11275917291641235, 0.10498276352882385, 0.10231862962245941, 0.10353834927082062, 0.1054714173078537, 0.1043277159333229, 0.1062111109495163, 0.10517825931310654, 0.11088394373655319, 0.10535582900047302, 0.1046430766582489, 0.1058199405670166, 0.10953225195407867, 0.10611803084611893, 0.10357385873794556, 0.10274292528629303, 0.10389610379934311, 0.1030399426817894, 0.10852166265249252, 0.10535768419504166],