{"loss": [0.023364480584859848, 0.026868542656302452, 0.042988236993551254, 0.04178957641124725, 0.03332296758890152, 0.032825835049152374, 0.037267833948135376, 0.03618631511926651, 0.024564869701862335, 0.025403939187526703, 0.0274673905223608, 0.02751716412603855, 0.022414492443203926, 0.023911841213703156, 0.02777101844549179, 0.026854030787944794, 0.019831767305731773, 0.020230213180184364, 0.023497534915804863, 0.023289859294891357, 0.01852520741522312, 0.019605904817581177, 0.02262408845126629, 0.02253151871263981, 0.02075047977268696, 0.02003921940922737, 0.02122657001018524, 0.022020988166332245, 0.021395839750766754, 0.02204415388405323, 0.022100914269685745, 0.021355537697672844, 0.020125076174736023, 0.01993756741285324, 0.02157098799943924, 0.020994015038013458, 0.018750861287117004, 0.019455472007393837, 0.021708883345127106, 0.021605364978313446, 0.020792851224541664, 0.020381785929203033, 0.021751591935753822, 0.020918628200888634, 0.02059757523238659, 0.02108750492334366, 0.02145162597298622, 0.020137440413236618, 0.02165660634636879, 0.021281573921442032, 0.018564531579613686, 0.01945250853896141, 0.019922535866498947, 0.019867489114403725, 0.018964633345603943, 0.019198425114154816, 0.019372187554836273, 0.01988556608557701, 0.021068161353468895, 0.020698221400380135], "position_loss": [0.009911366738379002, 0.011683243326842785, 0.019661495462059975, 0.019095061346888542, 0.014815432950854301, 0.0146340262144804, 0.016698496416211128, 0.016233718022704124, 0.010555412620306015, 0.010962430387735367, 0.011993383057415485, 0.012019410729408264, 0.00953591801226139, 0.010256214998662472, 0.012154441326856613, 0.011750565841794014, 0.008224028162658215, 0.008412027731537819, 0.010074892081320286, 0.00997445359826088, 0.007698580622673035, 0.0081724151968956, 0.009692919440567493, 0.009661457501351833, 0.008687603287398815, 0.008378375321626663, 0.009015660732984543, 0.00936092808842659, 0.009109112434089184, 0.009385945275425911, 0.009256640449166298, 0.00896016787737608, 0.008396356366574764, 0.008319043554365635, 0.009062590077519417, 0.008825371041893959, 0.007792326621711254, 0.008091227151453495, 0.009146478027105331, 0.009119863621890545, 0.0086433757096529, 0.008501199074089527, 0.008993457071483135, 0.008656740188598633, 0.008599963039159775, 0.008833300322294235, 0.008882297202944756, 0.008329521864652634, 0.008966113440692425, 0.008825287222862244, 0.0075951432809233665, 0.007995828986167908, 0.008152258582413197, 0.008150487206876278, 0.00767504470422864, 0.007788702845573425, 0.007991648279130459, 0.00821387954056263, 0.008789683692157269, 0.008614438585937023], "gru_regularizer_loss": [0.1536041498184204, 0.15175393223762512, 0.15593448281288147, 0.15402847528457642, 0.15847812592983246, 0.15323244035243988, 0.16201326251029968, 0.15646837651729584, 0.15112195909023285, 0.1521386355161667, 0.14979766309261322, 0.15051093697547913, 0.14634191989898682, 0.1497465968132019, 0.1528763473033905, 0.14800624549388885, 0.14871518313884735, 0.14969609677791595, 0.15000806748867035, 0.1484227478504181, 0.13936591148376465, 0.14413054287433624, 0.14503006637096405, 0.14365403354167938, 0.15054439008235931, 0.1461302638053894, 0.1407390683889389, 0.14488689601421356, 0.1417943239212036, 0.1460561901330948, 0.15711013972759247, 0.15148693323135376, 0.14868241548538208, 0.1470206081867218, 0.15042521059513092, 0.14586374163627625, 0.1395559012889862, 0.1439221054315567, 0.15037445724010468, 0.14843763411045074, 0.15402042865753174, 0.14884918928146362, 0.15734678506851196, 0.15168844163417816, 0.14633554220199585, 0.14748306572437286, 0.1561308205127716, 0.1481037735939026, 0.15518434345722198, 0.15264543890953064, 0.14431604743003845, 0.14806434512138367, 0.15106645226478577, 0.14897555112838745, 0.14973264932632446, 0.15046583116054535, 0.14301468431949615, 0.14497697353363037, 0.1487031728029251, 0.14711585640907288], "l2_xdx_activation_loss": [0.0006682133534923196, 0.0006611499120481312, 0.0007016122690401971, 0.0006860354915261269, 0.0007020854391157627, 0.0006747972220182419, 0.0007498806226067245, 0.0007177100051194429, 0.0006472531240433455, 0.0006522099720314145, 0.0006605274393223226, 0.0006573895225301385, 0.0006260573281906545, 0.0006336269434541464, 0.0006441021105274558, 0.0006239236099645495, 0.0006318310624919832, 0.000636044074781239, 0.0006155343144200742, 0.0006185530219227076, 0.0005777730839326978, 0.0006062337779439986, 0.0005956273525953293, 0.000590332318097353, 0.0006229206919670105, 0.0006066990899853408, 0.0005955969099886715, 0.0006163989892229438, 0.000586201436817646, 0.000603544875048101, 0.0006718210643157363, 0.0006397546385414898, 0.0006148235988803208, 0.0006094025447964668, 0.0006468297797255218, 0.0006278564687818289, 0.0005898596718907356, 0.0006109094247221947, 0.0006370383780449629, 0.000626731023658067, 0.0006549425888806581, 0.0006299428059719503, 0.0007300472352653742, 0.0006957313162274659, 0.000644408049993217, 0.0006483353790827096, 0.0007082179072313011, 0.0006654298049397767, 0.0007238220423460007, 0.0007011583657003939, 0.0006433381349779665, 0.0006597127066925168, 0.000702094694133848, 0.0006918964209035039, 0.0007053826120682061, 0.0007050973363220692, 0.0006525585195049644, 0.0006689894362352788, 0.0006668975111097097, 0.0006657057092525065]}