{"loss": [0.023475702852010727, 0.025520717725157738, 0.027997327968478203, 0.029130134731531143, 0.027586886659264565, 0.02723025530576706, 0.024472707882523537, 0.02355712465941906, 0.02327411249279976, 0.023469073697924614, 0.022552277892827988, 0.02165643870830536, 0.02320471592247486, 0.02308656834065914, 0.021812349557876587, 0.022540757432579994, 0.02065338008105755, 0.020325012505054474, 0.022952182218432426, 0.021729493513703346, 0.021404871717095375, 0.021188996732234955, 0.01856551505625248, 0.018484333530068398, 0.019322151318192482, 0.019656766206026077, 0.02018091455101967, 0.020108915865421295, 0.018855229020118713, 0.01836260035634041, 0.020950838923454285, 0.020339708775281906, 0.019060606136918068, 0.0188857764005661, 0.018840590491890907, 0.018747052177786827, 0.020281754434108734, 0.020036153495311737, 0.018451636657118797, 0.018442988395690918, 0.018066400662064552, 0.017972202971577644, 0.017905356362462044, 0.017545852810144424, 0.020428702235221863, 0.01933356374502182, 0.020205164328217506, 0.020025381818413734, 0.018821997568011284, 0.019116004928946495, 0.020187463611364365, 0.019093381240963936, 0.020084254443645477, 0.01978040672838688, 0.019201867282390594, 0.018929067999124527, 0.0183157529681921, 0.01875113509595394, 0.02048012986779213, 0.019251855090260506], "position_loss": [0.009544888511300087, 0.01055771205574274, 0.012052490375936031, 0.012596700340509415, 0.011790773831307888, 0.011654692701995373, 0.010463833808898926, 0.010064234025776386, 0.009867672808468342, 0.00999459158629179, 0.009400781244039536, 0.009022155776619911, 0.009819657541811466, 0.009790982119739056, 0.009248343296349049, 0.009571938775479794, 0.008611085824668407, 0.008472505025565624, 0.009644589386880398, 0.009132088162004948, 0.00898054987192154, 0.008874504826962948, 0.007492288947105408, 0.0074815996922552586, 0.007786503992974758, 0.007949401624500751, 0.008202601224184036, 0.008192632347345352, 0.007495456375181675, 0.007309275213629007, 0.008508521132171154, 0.008272785693407059, 0.007529899012297392, 0.007465265691280365, 0.007448275573551655, 0.007423577830195427, 0.008136182092130184, 0.008060741238296032, 0.007316167466342449, 0.0073295095935463905, 0.007133285515010357, 0.007117969915270805, 0.0070031569339334965, 0.006895368918776512, 0.008255821652710438, 0.00781853124499321, 0.008240933530032635, 0.008177818730473518, 0.0076593440026044846, 0.007778800092637539, 0.008128788322210312, 0.007696803193539381, 0.00801886897534132, 0.007936853915452957, 0.007689467631280422, 0.00757844652980566, 0.007261463440954685, 0.007471718825399876, 0.008175312541425228, 0.007681278046220541], "gru_regularizer_loss": [0.20167268812656403, 0.2003239542245865, 0.19247964024543762, 0.19634538888931274, 0.19643904268741608, 0.19318528473377228, 0.18434515595436096, 0.17875254154205322, 0.1838480532169342, 0.1813906729221344, 0.19249193370342255, 0.18592248857021332, 0.1866578608751297, 0.18394255638122559, 0.17541183531284332, 0.18033458292484283, 0.18183016777038574, 0.17953258752822876, 0.1906181126832962, 0.18092139065265656, 0.1789417415857315, 0.177789568901062, 0.18338778614997864, 0.1811249703168869, 0.18808166682720184, 0.18909798562526703, 0.18952663242816925, 0.18710726499557495, 0.19262786209583282, 0.186515212059021, 0.19290807843208313, 0.18651437759399414, 0.18996819853782654, 0.18798011541366577, 0.1898030936717987, 0.18772689998149872, 0.19310200214385986, 0.18985706567764282, 0.18795093894004822, 0.1858850121498108, 0.187317356467247, 0.1849067062139511, 0.19246944785118103, 0.1860559582710266, 0.19560083746910095, 0.18536166846752167, 0.186278834939003, 0.183873251080513, 0.17741040885448456, 0.1795514076948166, 0.19487260282039642, 0.18448185920715332, 0.19693978130817413, 0.1903197169303894, 0.18742433190345764, 0.18498073518276215, 0.18616265058517456, 0.18723899126052856, 0.199090838432312, 0.18834781646728516], "l2_xdx_activation_loss": [0.0007893857546150684, 0.0008003374096006155, 0.0006555039435625076, 0.0006574137951247394, 0.0006799699040129781, 0.0006626594695262611, 0.000566849485039711, 0.0005466965958476067, 0.0005664153140969574, 0.0005549814086407423, 0.0006082524778321385, 0.0005839547957293689, 0.0005659274756908417, 0.0005547128384932876, 0.0005201684543862939, 0.000530831515789032, 0.0005372885498218238, 0.0005278780008666217, 0.0005852604517713189, 0.0005516873789019883, 0.0005511046620085835, 0.0005536835524253547, 0.0005820064689032733, 0.0005696147563867271, 0.0006224284879863262, 0.0006219800561666489, 0.00062646868173033, 0.000617179146502167, 0.0006456657429225743, 0.0006259519141167402, 0.0006678918725810945, 0.0006426519830711186, 0.0007000285550020635, 0.0006914681289345026, 0.0006816554814577103, 0.0006738616502843797, 0.0006924434565007687, 0.0006716864882037044, 0.0006462501478381455, 0.0006413591909222305, 0.0006418710690923035, 0.0006287174765020609, 0.0006577687454409897, 0.0006311711040325463, 0.0006533354753628373, 0.0006139470497146249, 0.0006198217160999775, 0.000609989685472101, 0.0005760540370829403, 0.0005872821784578264, 0.0006600397755391896, 0.0006179714109748602, 0.0006920253508724272, 0.000667486572638154, 0.0006492150714620948, 0.0006404410814866424, 0.0006433852249756455, 0.0006447546184062958, 0.0007125175907276571, 0.0006682591047137976]}