{"loss": [0.01902267336845398, 0.02211499772965908, 0.040477171540260315, 0.04036545753479004, 0.03007420338690281, 0.029020419344305992, 0.022375551983714104, 0.022179851308465004, 0.02520063892006874, 0.024505384266376495, 0.025630902498960495, 0.02428833581507206, 0.019326938316226006, 0.02035726048052311, 0.023493153974413872, 0.022557957097887993, 0.021612457931041718, 0.021299641579389572, 0.021323014050722122, 0.021519385278224945, 0.019665125757455826, 0.020114362239837646, 0.019960524514317513, 0.01992315612733364, 0.017303066328167915, 0.01788225769996643, 0.018361547961831093, 0.018826449289917946, 0.01779167726635933, 0.017642416059970856, 0.016920743510127068, 0.017464654520154, 0.018550844863057137, 0.01772448793053627, 0.017293263226747513, 0.01720397174358368, 0.01726572774350643, 0.017224038019776344, 0.017983203753829002, 0.01775486022233963, 0.017418762668967247, 0.016761867329478264, 0.016711579635739326, 0.016716135665774345, 0.015573889017105103, 0.01625310815870762, 0.017501404508948326, 0.01786559261381626, 0.017332252115011215, 0.016941867768764496, 0.015421411953866482, 0.015821058303117752, 0.016001708805561066, 0.016102192923426628, 0.017271772027015686, 0.016396772116422653, 0.015054203569889069, 0.015714509412646294, 0.015477980487048626, 0.015785256400704384, 0.0174560509622097, 0.01652626134455204, 0.01794159784913063, 0.01700698584318161, 0.01706353761255741, 0.0169553030282259, 0.017145276069641113, 0.016953548416495323, 0.01698092743754387, 0.015881868079304695, 0.015231591649353504, 0.016482286155223846, 0.01712190732359886, 0.017160091549158096, 0.017397847026586533, 0.017117390409111977, 0.019143076613545418, 0.018969006836414337, 0.017841096967458725, 0.017923079431056976, 0.018701687455177307, 0.017659582197666168, 0.019149543717503548, 0.01893891766667366, 0.017190564423799515, 0.017340805381536484, 0.020043596625328064, 0.018448838964104652, 0.018758799880743027, 0.01970435492694378, 0.01784743368625641, 0.018603581935167313, 0.01914701610803604, 0.018751783296465874, 0.01750180311501026, 0.016868626698851585, 0.018697526305913925, 0.01843583956360817, 0.018192123621702194, 0.018106721341609955], "position_loss": [0.008060719817876816, 0.00947609543800354, 0.01888056844472885, 0.01881004311144352, 0.013521838001906872, 0.01301139872521162, 0.0096715297549963, 0.009596074000000954, 0.011022444814443588, 0.010730148293077946, 0.011369694024324417, 0.010744979605078697, 0.00834901537746191, 0.008841291069984436, 0.010351789183914661, 0.009931487031280994, 0.009434271603822708, 0.009304167702794075, 0.009315412491559982, 0.009409742429852486, 0.008486577309668064, 0.008701184764504433, 0.008693251758813858, 0.00867475289851427, 0.0074313669465482235, 0.0076675862073898315, 0.007895657792687416, 0.008122598752379417, 0.0076180100440979, 0.007543729618191719, 0.007171728648245335, 0.007419457193464041, 0.007872537709772587, 0.007525954861193895, 0.007309365086257458, 0.007273167371749878, 0.007239266764372587, 0.007243737578392029, 0.007554461248219013, 0.007451062556356192, 0.0072538345120847225, 0.006983608938753605, 0.0068663484416902065, 0.006893638055771589, 0.006371133495122194, 0.0066733891144394875, 0.007335328031331301, 0.0074951788410544395, 0.0071421656757593155, 0.006995947100222111, 0.006321638356894255, 0.006491323467344046, 0.006609795615077019, 0.006667566951364279, 0.007177695166319609, 0.006810120306909084, 0.006210584659129381, 0.006484965793788433, 0.006348784547299147, 0.006494065746665001, 0.007258841767907143, 0.006865203380584717, 0.007469682488590479, 0.007080074865370989, 0.007088208105415106, 0.007059253752231598, 0.007130610756576061, 0.007063457742333412, 0.006943162530660629, 0.006504745688289404, 0.006284092552959919, 0.006834384985268116, 0.007080110255628824, 0.007112674415111542, 0.007163135334849358, 0.0070461612194776535, 0.008095899596810341, 0.00802350603044033, 0.007446377072483301, 0.007494861725717783, 0.007790019735693932, 0.007361526135355234, 0.008133276365697384, 0.008031807839870453, 0.007145964540541172, 0.007240472361445427, 0.00844532810151577, 0.007769627496600151, 0.008011591620743275, 0.008433245122432709, 0.007592247799038887, 0.007902063429355621, 0.008168843574821949, 0.007988504134118557, 0.0072235953994095325, 0.006997293792665005, 0.007915066555142403, 0.007813222706317902, 0.007719416171312332, 0.00767551688477397], "gru_regularizer_loss": [0.11297827959060669, 0.11709896475076675, 0.10906420648097992, 0.1098962277173996, 0.11625614762306213, 0.1148059219121933, 0.11787071824073792, 0.11418649554252625, 0.11908122897148132, 0.11480118334293365, 0.1143474131822586, 0.11065272986888885, 0.10662494599819183, 0.10767907649278641, 0.11283645033836365, 0.10926464200019836, 0.11106511205434799, 0.10931545495986938, 0.11227308213710785, 0.1118939220905304, 0.11036568880081177, 0.11047475039958954, 0.10706018656492233, 0.10587567836046219, 0.10202714800834656, 0.10517510026693344, 0.10687456279993057, 0.10702526569366455, 0.10749001801013947, 0.10615544766187668, 0.1047188937664032, 0.10566745698451996, 0.11260256171226501, 0.10717907547950745, 0.1085827499628067, 0.10717340558767319, 0.11069703102111816, 0.10905763506889343, 0.11140784621238708, 0.10965023189783096, 0.11397707462310791, 0.11003484576940536, 0.113484688103199, 0.11139295995235443, 0.10922358185052872, 0.11156465113162994, 0.10949195921421051, 0.10994381457567215, 0.11601097136735916, 0.11191710084676743, 0.10964129865169525, 0.1103159487247467, 0.11058370769023895, 0.10897103697061539, 0.11405518651008606, 0.10833752155303955, 0.10455164313316345, 0.10755371302366257, 0.10897080600261688, 0.10932272672653198, 0.11551448702812195, 0.1096162423491478, 0.11719807237386703, 0.11101636290550232, 0.11199791729450226, 0.11031994968652725, 0.11342798173427582, 0.11141397058963776, 0.12048664689064026, 0.11220571398735046, 0.10330510139465332, 0.10801373422145844, 0.11172185093164444, 0.11015164107084274, 0.11485316604375839, 0.11280976235866547, 0.11339974403381348, 0.11153904348611832, 0.1115906834602356, 0.11015629768371582, 0.1164947971701622, 0.11067049950361252, 0.11104791611433029, 0.10955949127674103, 0.11171674728393555, 0.11021014302968979, 0.12043728679418564, 0.11221775412559509, 0.10678136348724365, 0.10953839868307114, 0.10428285598754883, 0.10749752819538116, 0.10888209193944931, 0.10756079107522964, 0.11694464087486267, 0.11078966408967972, 0.11291836202144623, 0.11081457138061523, 0.11024582386016846, 0.10896500945091248],