{"loss": [0.019333230331540108, 0.02231265977025032, 0.03131061792373657, 0.03171530365943909, 0.029448967427015305, 0.029016435146331787, 0.02648373320698738, 0.026414843276143074, 0.02775266394019127, 0.02811327949166298, 0.02822139300405979, 0.02812492474913597, 0.01884418912231922, 0.018933171406388283, 0.022944139316678047, 0.023275725543498993, 0.024697918444871902, 0.023480093106627464, 0.022170566022396088, 0.02189677208662033, 0.020642252638936043, 0.019760822877287865, 0.020560961216688156, 0.02097417414188385, 0.02209196798503399, 0.0203607976436615, 0.01905413344502449, 0.019941164180636406, 0.022973937913775444, 0.02272195741534233, 0.02007756195962429, 0.019859949126839638, 0.017956359311938286, 0.018230076879262924, 0.019541962072253227, 0.018777545541524887, 0.01724478043615818, 0.01729360967874527, 0.018418513238430023, 0.018255405128002167, 0.017369333654642105, 0.017377818003296852, 0.016844606027007103, 0.017932604998350143, 0.016877682879567146, 0.01711626537144184, 0.01626860722899437, 0.016494110226631165, 0.017489559948444366, 0.016138553619384766, 0.01737358421087265, 0.017804527655243874, 0.016453692689538002, 0.016167281195521355, 0.017844004556536674, 0.01772531121969223, 0.01671905815601349, 0.015826638787984848, 0.016652951017022133, 0.016941554844379425, 0.016782816499471664, 0.016868459060788155, 0.016550607979297638, 0.01682325452566147, 0.016257192939519882, 0.01690659485757351, 0.01629064604640007, 0.01621183007955551, 0.016043081879615784, 0.016034599393606186, 0.016320930793881416, 0.016330517828464508, 0.01577257178723812, 0.01616046018898487, 0.018315624445676804, 0.017968853935599327, 0.017778387293219566, 0.01696202903985977, 0.01695307344198227, 0.016925843432545662, 0.017511649057269096, 0.0169854536652565, 0.016798485070466995, 0.016934465616941452, 0.017874835059046745, 0.017529074102640152, 0.017978908494114876, 0.017401371151208878, 0.017369870096445084, 0.01758740469813347, 0.018656961619853973, 0.018171735107898712, 0.015388639643788338, 0.01624227501451969, 0.017426051199436188, 0.017799153923988342, 0.016523731872439384, 0.016156034544110298, 0.017163794487714767, 0.017495017498731613], "position_loss": [0.008286845870316029, 0.009772364050149918, 0.014089968986809254, 0.014286215417087078, 0.013314859941601753, 0.013081777840852737, 0.011725635267794132, 0.011732303537428379, 0.012347711250185966, 0.012500601820647717, 0.012794540263712406, 0.012713823467493057, 0.00810026191174984, 0.008179089985787868, 0.010014566592872143, 0.010203603655099869, 0.010923237539827824, 0.010399825870990753, 0.009868857450783253, 0.009743039496243, 0.009057954885065556, 0.008678398095071316, 0.009130116552114487, 0.009312419220805168, 0.009745122864842415, 0.008972400799393654, 0.008365617133677006, 0.00876254215836525, 0.010247612372040749, 0.010132627561688423, 0.008786638267338276, 0.008684651926159859, 0.007755575701594353, 0.007865505293011665, 0.00848501455038786, 0.008137037046253681, 0.007384297903627157, 0.007406248711049557, 0.007960133254528046, 0.007877934724092484, 0.007357332855463028, 0.007379232905805111, 0.007167446427047253, 0.007631207350641489, 0.007064615376293659, 0.007181448396295309, 0.006827837787568569, 0.006920120678842068, 0.0072418819181621075, 0.006682543084025383, 0.007267380133271217, 0.007473885081708431, 0.006839458830654621, 0.006738752126693726, 0.007607592269778252, 0.007558230776339769, 0.007008358836174011, 0.006644287146627903, 0.007066207937896252, 0.00721070496365428, 0.007082650437951088, 0.007139459252357483, 0.006977096665650606, 0.007096095010638237, 0.00691596046090126, 0.007182576693594456, 0.006840991321951151, 0.006803649477660656, 0.006681086029857397, 0.006677547935396433, 0.0068114642053842545, 0.006831201259046793, 0.006578849628567696, 0.0067424895241856575, 0.007861998863518238, 0.007688051089644432, 0.00746977748349309, 0.007133955135941505, 0.007135841995477676, 0.0071167489513754845, 0.0074178422801196575, 0.007187966722995043, 0.007138459477573633, 0.007173554971814156, 0.007576107978820801, 0.0074453153647482395, 0.007651268970221281, 0.007407011929899454, 0.007424007635563612, 0.007513697724789381, 0.008054359816014767, 0.00784956756979227, 0.006463551893830299, 0.006852777674794197, 0.007428249344229698, 0.007593073882162571, 0.006885807495564222, 0.006751336622983217, 0.007258013356477022, 0.007392915431410074], "gru_regularizer_loss": [0.08822508901357651, 0.08883467316627502, 0.09351728856563568, 0.09394961595535278, 0.08858171850442886, 0.08947709202766418, 0.09198524802923203, 0.08952473849058151, 0.09176886826753616, 0.09168127179145813, 0.08531859517097473, 0.08645711839199066, 0.08681270480155945, 0.08559910207986832, 0.08910708874464035, 0.0892585888504982, 0.09144063293933868, 0.08687875419855118, 0.08423976600170135, 0.0833669975399971, 0.08694104850292206, 0.08298377692699432, 0.08138732612133026, 0.08240628987550735, 0.08919554948806763, 0.08356133103370667, 0.07997921109199524, 0.08251717686653137, 0.08388907462358475, 0.08319512754678726, 0.08410841971635818, 0.0833725780248642, 0.08265025168657303, 0.08379889279603958, 0.08614914119243622, 0.08391986787319183, 0.08357169479131699, 0.08314434438943863, 0.08382865786552429, 0.0832563266158104, 0.08583056926727295, 0.08494880795478821, 0.08192900568246841, 0.08617128431797028, 0.08597837388515472, 0.08666733652353287, 0.08383554965257645, 0.08496635407209396, 0.0934629887342453, 0.08734380453824997, 0.08731537312269211, 0.08790892362594604, 0.08883316814899445, 0.0862109363079071, 0.0857246145606041, 0.08503687381744385, 0.08893489837646484, 0.08457140624523163, 0.08406855165958405, 0.08460696041584015, 0.08692276477813721, 0.08597350865602493, 0.08442403376102448, 0.08522528409957886, 0.08090457320213318, 0.0838172659277916, 0.08497485518455505, 0.08445216715335846, 0.0858263447880745, 0.08532825112342834, 0.08667416125535965, 0.08581045269966125, 0.0841628760099411, 0.08535302430391312, 0.08502385765314102, 0.08454000949859619, 0.09042231738567352, 0.08621449023485184, 0.0869012326002121, 0.08634587377309799, 0.08723904192447662, 0.08511625230312347, 0.0832156389951706, 0.08442957699298859, 0.08785489946603775, 0.08534280210733414, 0.08756610006093979, 0.08501562476158142, 0.08357936888933182, 0.08472413569688797, 0.08647774159908295, 0.08404115587472916, 0.08285918831825256, 0.08513769507408142, 0.08502371609210968, 0.08585812151432037, 0.0885264128446579, 0.08584864437580109, 0.08483177423477173, 0.08603411912918091],