{"loss": [0.021055808290839195, 0.023273948580026627, 0.049939196556806564, 0.048941437155008316, 0.03783748298883438, 0.03612946718931198, 0.029164277017116547, 0.028343625366687775, 0.03253452107310295, 0.032595109194517136, 0.026485927402973175, 0.026733048260211945, 0.028483958914875984, 0.026986628770828247, 0.027896717190742493, 0.027918659150600433, 0.02882145717740059, 0.029576288536190987, 0.02169560082256794, 0.022098977118730545, 0.02719784714281559, 0.025945432484149933, 0.02411419153213501, 0.024734385311603546, 0.023112880066037178, 0.02305838093161583, 0.025124400854110718, 0.02460404857993126, 0.021099476143717766, 0.021521633490920067, 0.021852713078260422, 0.021970607340335846, 0.021282101050019264, 0.021355945616960526, 0.019161956384778023, 0.019024059176445007, 0.019984863698482513, 0.019591551274061203, 0.019432559609413147, 0.01918974332511425, 0.018233565613627434, 0.018773751333355904, 0.017837177962064743, 0.017288140952587128, 0.018156327307224274, 0.018864817917346954, 0.01771656796336174, 0.01815192401409149, 0.018820766359567642, 0.018400531262159348, 0.017717154696583748, 0.018309613689780235, 0.018272994086146355, 0.017901314422488213, 0.019622430205345154, 0.01832663081586361, 0.019009213894605637, 0.018865682184696198, 0.02005477249622345, 0.019546285271644592], "position_loss": [0.008903134614229202, 0.009975827299058437, 0.02348257228732109, 0.022989830002188683, 0.01728813722729683, 0.016512714326381683, 0.012643375433981419, 0.012367911636829376, 0.014277040958404541, 0.014395694248378277, 0.011591291055083275, 0.011768215335905552, 0.012634260579943657, 0.011979598551988602, 0.012360033579170704, 0.012429940514266491, 0.012832416221499443, 0.013222145847976208, 0.009387399069964886, 0.009583591483533382, 0.012066986411809921, 0.011528889648616314, 0.010600519366562366, 0.010889366269111633, 0.010136093944311142, 0.010105454362928867, 0.011157558299601078, 0.010905459523200989, 0.00917702168226242, 0.009373482316732407, 0.009574035182595253, 0.009618828073143959, 0.009211785160005093, 0.009252452291548252, 0.008175365626811981, 0.00812147930264473, 0.008544196374714375, 0.008371071889996529, 0.008274196647107601, 0.008172147907316685, 0.007634003646671772, 0.007897939532995224, 0.007383683696389198, 0.007159028667956591, 0.007672022562474012, 0.00796444807201624, 0.007318791002035141, 0.007541009224951267, 0.007761028595268726, 0.007614005822688341, 0.00742457015439868, 0.007688956800848246, 0.00758693553507328, 0.007448050659149885, 0.008267869241535664, 0.007703365758061409, 0.007918360643088818, 0.00788616482168436, 0.008387740701436996, 0.008190273307263851], "gru_regularizer_loss": [0.1283634603023529, 0.1322307586669922, 0.13050897419452667, 0.1294027864933014, 0.14512205123901367, 0.13924430310726166, 0.15964777767658234, 0.14969027042388916, 0.1575900912284851, 0.1521911323070526, 0.1415136158466339, 0.13814677298069, 0.14278699457645416, 0.13504324853420258, 0.13795477151870728, 0.13446880877017975, 0.13056442141532898, 0.1321243792772293, 0.12578660249710083, 0.1256764680147171, 0.13077020645141602, 0.12415148317813873, 0.12042775750160217, 0.12136191874742508, 0.11951534450054169, 0.11855074763298035, 0.11994628608226776, 0.11904066056013107, 0.11844902485609055, 0.11918129026889801, 0.11911194026470184, 0.11980386823415756, 0.12473073601722717, 0.12475606799125671, 0.12068583071231842, 0.11938056349754333, 0.12417884171009064, 0.1202363595366478, 0.12108774483203888, 0.1197599545121193, 0.12577062845230103, 0.12568546831607819, 0.129281684756279, 0.1252450942993164, 0.11728253215551376, 0.12088333070278168, 0.12569548189640045, 0.1262112557888031, 0.13286715745925903, 0.1279817521572113, 0.12139810621738434, 0.12408974766731262, 0.1282491832971573, 0.12378314882516861, 0.1295732855796814, 0.12309936434030533, 0.13119888305664062, 0.12880916893482208, 0.13477592170238495, 0.12987220287322998], "l2_xdx_activation_loss": [0.0006549612153321505, 0.0006663217791356146, 0.0005559810088016093, 0.0005555765237659216, 0.0006029896903783083, 0.0005701922345906496, 0.0007600088138133287, 0.0007032920839264989, 0.0008011722820810974, 0.0007602623081766069, 0.000629062473308295, 0.0006047100177966058, 0.0005955148371867836, 0.000558658386580646, 0.0005986932665109634, 0.0005710228579118848, 0.0006166531820781529, 0.0006032442324794829, 0.0005539712146855891, 0.0005580020369961858, 0.000585049856454134, 0.0005483725690282881, 0.0005692842532880604, 0.0005803363746963441, 0.0005481721018441021, 0.0005536481039598584, 0.0005362663068808615, 0.0005339004565030336, 0.0005199736333452165, 0.0005272782291285694, 0.0005041665863245726, 0.0005112963262945414, 0.0005367330741137266, 0.0005341518553905189, 0.0005344475503079593, 0.0005287574604153633, 0.0005512195057235658, 0.0005486737354658544, 0.0005574215902015567, 0.0005489413160830736, 0.0005689426325261593, 0.0005733312573283911, 0.0005919898394495249, 0.0005722030764445662, 0.0005461438558995724, 0.0005753541481681168, 0.00060700171161443, 0.0006022556335665286, 0.0006563373608514667, 0.0006305587012320757, 0.0005510025075636804, 0.0005632588290609419, 0.0006052011158317327, 0.0005887848674319685, 0.0005966443568468094, 0.0005626265774480999, 0.0006198254995979369, 0.0006014110986143351, 0.0006435014656744897, 0.000621996121481061]}