{"loss": [0.02158310078084469, 0.023679060861468315, 0.03593738377094269, 0.034771878272295, 0.030010640621185303, 0.030435750260949135, 0.027531074360013008, 0.02779597043991089, 0.027146946638822556, 0.026061100885272026, 0.022941134870052338, 0.02340024895966053, 0.027092427015304565, 0.025792837142944336, 0.021397698670625687, 0.021867595613002777, 0.025275733321905136, 0.024200813844799995, 0.0271761491894722, 0.026983214542269707, 0.023517832159996033, 0.02325870841741562, 0.01867123879492283, 0.01917840540409088, 0.023055629804730415, 0.022360853850841522, 0.02100091055035591, 0.020161669701337814, 0.01999082788825035, 0.020489715039730072, 0.022730691358447075, 0.022175146266818047, 0.019057180732488632, 0.01914191246032715, 0.018019994720816612, 0.01819603517651558, 0.017019012942910194, 0.017810355871915817, 0.018919218331575394, 0.01798854023218155, 0.01643301546573639, 0.016609061509370804, 0.017975758761167526, 0.01750781573355198, 0.016007790341973305, 0.017165962606668472, 0.01878391206264496, 0.018652664497494698, 0.016703635454177856, 0.017115570604801178, 0.017524048686027527, 0.017954587936401367, 0.016512950882315636, 0.016803406178951263, 0.018817845731973648, 0.018801622092723846, 0.018099455162882805, 0.017914127558469772, 0.017394283786416054, 0.0173370148986578, 0.017206627875566483, 0.01717507094144821, 0.018909508362412453, 0.018098346889019012, 0.01677001267671585, 0.01647806540131569, 0.016955096274614334, 0.01644767075777054, 0.017315762117505074, 0.01687786914408207, 0.016821453347802162, 0.016653669998049736, 0.015794098377227783, 0.015974989160895348, 0.01714618131518364, 0.017333729192614555, 0.016912303864955902, 0.01719399355351925, 0.017658445984125137, 0.017650634050369263, 0.016402149572968483, 0.01702725514769554, 0.01858876459300518, 0.01837923377752304, 0.017654504626989365, 0.01787084899842739, 0.019867122173309326, 0.019064897671341896, 0.019334668293595314, 0.018233895301818848, 0.016727151349186897, 0.017078032717108727, 0.01890186220407486, 0.0186476930975914, 0.01769653894007206, 0.017262406647205353, 0.01692378707230091, 0.016536226496100426, 0.018088411539793015, 0.017920812591910362], "position_loss": [0.009173387661576271, 0.010224994271993637, 0.01627582311630249, 0.01566174626350403, 0.013570224866271019, 0.01370251178741455, 0.012286040931940079, 0.012379742227494717, 0.012054897844791412, 0.011539298109710217, 0.010030824691057205, 0.010229218751192093, 0.011708526872098446, 0.01120375469326973, 0.00901641882956028, 0.00927657075226307, 0.0110106086358428, 0.010588535107672215, 0.012156217359006405, 0.012052323669195175, 0.01036991085857153, 0.010242420248687267, 0.00800578948110342, 0.008256832137703896, 0.010065888985991478, 0.009770411066710949, 0.009076874703168869, 0.008702016435563564, 0.008641931228339672, 0.00884927436709404, 0.009987836703658104, 0.009702677838504314, 0.008121097460389137, 0.008162688463926315, 0.007582220248878002, 0.007677440065890551, 0.007123225834220648, 0.0074624973349273205, 0.007930452935397625, 0.007544785737991333, 0.006693663541227579, 0.006799574941396713, 0.007434573024511337, 0.007257016375660896, 0.006674106698483229, 0.007160183507949114, 0.007909514009952545, 0.00785487424582243, 0.00694539537653327, 0.007123324554413557, 0.0073404801078140736, 0.007529169321060181, 0.0068341088481247425, 0.006947247311472893, 0.007916930131614208, 0.007914271205663681, 0.0075838309712708, 0.007496016100049019, 0.0072620464488863945, 0.007249343674629927, 0.007086894474923611, 0.007094698026776314, 0.007927978411316872, 0.007578755263239145, 0.006848710589110851, 0.006753213703632355, 0.007011476904153824, 0.006803023163229227, 0.007095260079950094, 0.006933083292096853, 0.0069409944117069244, 0.0068745375610888, 0.006464387755841017, 0.006559440400451422, 0.00720121618360281, 0.00725187873467803, 0.006978352088481188, 0.0071096220053732395, 0.007400037720799446, 0.007386018987745047, 0.006769430823624134, 0.007057975511997938, 0.007812175899744034, 0.00770820677280426, 0.007339258212596178, 0.007444586139172316, 0.008365791290998459, 0.008024314418435097, 0.007939990609884262, 0.007494078949093819, 0.006855596322566271, 0.007013271097093821, 0.007893129251897335, 0.0077990880236029625, 0.007298760581761599, 0.007113213185220957, 0.0068777697160840034, 0.006738433614373207, 0.007456530816853046, 0.007404953241348267], "gru_regularizer_loss": [0.13317576050758362, 0.13191118836402893, 0.13432849943637848, 0.13571153581142426, 0.1258540153503418, 0.1287440061569214, 0.1252487748861313, 0.12735378742218018, 0.1289335936307907, 0.12594428658485413, 0.12412985414266586, 0.12558700144290924, 0.14582213759422302, 0.13557593524456024, 0.13379672169685364, 0.1336420178413391, 0.137608140707016, 0.12845905125141144, 0.12721817195415497, 0.12626822292804718, 0.12434861809015274, 0.1235240176320076, 0.12134705483913422, 0.12040112912654877, 0.12847518920898438, 0.12466200441122055, 0.1283305138349533, 0.12467622756958008, 0.12197290360927582, 0.12381413578987122, 0.1233290582895279, 0.12270429730415344, 0.12380407750606537, 0.12286848574876785, 0.12481313198804855, 0.12368375808000565, 0.1217479407787323, 0.12546300888061523, 0.1310928910970688, 0.1247222051024437, 0.12808118760585785, 0.12647637724876404, 0.13080205023288727, 0.1266758292913437, 0.11673109233379364, 0.12330685555934906, 0.1264873892068863, 0.12526339292526245, 0.12145828455686569, 0.1229046955704689, 0.1229231059551239, 0.12422958761453629, 0.12245874106884003, 0.12403416633605957, 0.12728357315063477, 0.12608546018600464, 0.12547443807125092, 0.12454536557197571, 0.12500488758087158, 0.123811736702919, 0.12840615212917328, 0.12679287791252136, 0.12841081619262695, 0.12469641119241714, 0.1299508512020111, 0.12579967081546783, 0.12723979353904724, 0.12336979806423187, 0.13155564665794373, 0.12727871537208557, 0.12484941631555557, 0.12339267134666443, 0.12453590333461761, 0.12328210473060608, 0.12056957930326462, 0.12223439663648605, 0.12481994926929474, 0.12580075860023499, 0.1231529712677002, 0.12246714532375336, 0.12254081666469574, 0.12379459291696548, 0.12480896711349487, 0.12393709272146225, 0.12518301606178284, 0.12436298280954361, 0.13090725243091583, 0.1266290545463562, 0.13735343515872955, 0.13022418320178986, 0.12424041330814362, 0.12538623809814453, 0.12684990465641022, 0.1254062056541443, 0.12789678573608398, 0.1244557723402977, 0.12987083196640015, 0.12575145065784454, 0.12978504598140717, 0.1278291493654251],