{"loss": [0.02301996573805809, 0.023450002074241638, 0.042892761528491974, 0.041625458747148514, 0.027318397536873817, 0.02853877656161785, 0.02840249240398407, 0.028085311874747276, 0.024434994906187057, 0.024668030440807343, 0.02507673390209675, 0.024660611525177956, 0.02410013973712921, 0.024042442440986633, 0.021750787273049355, 0.022435661405324936, 0.022044049575924873, 0.021824177354574203, 0.021434161812067032, 0.02133816108107567, 0.021005308255553246, 0.021568050608038902, 0.02287825010716915, 0.022921361029148102, 0.020083613693714142, 0.019939232617616653, 0.01916755735874176, 0.01915566250681877, 0.01995500735938549, 0.019255265593528748, 0.018290376290678978, 0.018259592354297638, 0.019290709868073463, 0.01813727803528309, 0.01813945546746254, 0.01819864846765995, 0.019291698932647705, 0.018742436543107033, 0.017313385382294655, 0.016505520790815353, 0.017798781394958496, 0.017806416377425194, 0.01756208948791027, 0.017843803390860558, 0.017405644059181213, 0.016923896968364716, 0.016275674104690552, 0.01696091704070568, 0.020774399861693382, 0.019385874271392822, 0.017893217504024506, 0.01789514347910881, 0.016877375543117523, 0.016996510326862335, 0.019066523760557175, 0.019048677757382393, 0.01680085062980652, 0.017159443348646164, 0.019246065989136696, 0.019152512773871422, 0.016745533794164658, 0.016915110871195793, 0.01864934153854847, 0.019566137343645096, 0.018039260059595108, 0.018164800480008125, 0.018134018406271935, 0.019059263169765472, 0.019165216013789177, 0.018930986523628235, 0.017381036654114723, 0.019111523404717445, 0.018879076465964317, 0.019355354830622673, 0.0184946209192276, 0.017459087073802948, 0.016808858141303062, 0.017169909551739693, 0.01935216598212719, 0.01930747739970684, 0.01808737963438034, 0.017443755641579628, 0.01825391687452793, 0.018161633983254433, 0.01683826558291912, 0.016773099079728127, 0.0183602012693882, 0.018492601811885834, 0.01756666786968708, 0.01860562339425087, 0.016634639352560043, 0.01758599281311035, 0.016648277640342712, 0.01681259274482727, 0.015850521624088287, 0.015980778262019157, 0.01853121444582939, 0.017826514318585396, 0.01807992346584797, 0.017893614247441292], "position_loss": [0.00985344871878624, 0.010142500512301922, 0.019914375618100166, 0.019173769280314445, 0.012041568756103516, 0.012595593929290771, 0.012589889578521252, 0.01245918869972229, 0.010734712705016136, 0.010867545381188393, 0.011112906970083714, 0.010910045355558395, 0.010613765567541122, 0.010615804232656956, 0.009570866823196411, 0.009866439737379551, 0.009651042520999908, 0.00955429021269083, 0.009302834048867226, 0.00925835594534874, 0.009090278297662735, 0.009301465004682541, 0.01005363930016756, 0.010018721222877502, 0.008643917739391327, 0.008577807806432247, 0.008169412612915039, 0.008148279041051865, 0.008546625263988972, 0.008252622559666634, 0.007731951307505369, 0.007735222578048706, 0.008097073063254356, 0.0076161716133356094, 0.007590283174067736, 0.007639303803443909, 0.008069106377661228, 0.007858247496187687, 0.007134160026907921, 0.00682366918772459, 0.007424115668982267, 0.007445346098393202, 0.007317413110285997, 0.007432899437844753, 0.007209752686321735, 0.006999739445745945, 0.006784452591091394, 0.007069843355566263, 0.008851166814565659, 0.008273486979305744, 0.007551782764494419, 0.007548586465418339, 0.007021233905106783, 0.007078811526298523, 0.008105956017971039, 0.008089401759207249, 0.007028643041849136, 0.007185176946222782, 0.008178714662790298, 0.008162056095898151, 0.00693465955555439, 0.00702618807554245, 0.007946502417325974, 0.008350825868546963, 0.007574102841317654, 0.007605461403727531, 0.007685565389692783, 0.008089461363852024, 0.008096191100776196, 0.007997293956577778, 0.007303602062165737, 0.008072806522250175, 0.007975248619914055, 0.00815579667687416, 0.007678114343434572, 0.007246546447277069, 0.006874734070152044, 0.007018492557108402, 0.008063883520662785, 0.008055978454649448, 0.007387591525912285, 0.007121244911104441, 0.007617982104420662, 0.0075784847140312195, 0.006872519850730896, 0.006870692130178213, 0.007695210166275501, 0.00774904852733016, 0.007411201484501362, 0.007844521664083004, 0.006965348497033119, 0.0073504820466041565, 0.006857464089989662, 0.006936992052942514, 0.006532974075525999, 0.006586388219147921, 0.0077545177191495895, 0.007454014383256435, 0.007537733297795057, 0.007462350185960531], "gru_regularizer_loss": [0.13939043879508972, 0.13280053436756134, 0.12207891047000885, 0.12783506512641907, 0.12859414517879486, 0.13058093190193176, 0.13132011890411377, 0.12952524423599243, 0.1287434697151184, 0.12870047986507416, 0.1253199279308319, 0.126031756401062, 0.12808363139629364, 0.12595562636852264, 0.12008418142795563, 0.12337878346443176, 0.12325068563222885, 0.12206901609897614, 0.12467654794454575, 0.12345397472381592, 0.12097293883562088, 0.12508223950862885, 0.12142297625541687, 0.12360323965549469, 0.12316085398197174, 0.12204529345035553, 0.12219667434692383, 0.12150602787733078, 0.12478270381689072, 0.12119240313768387, 0.12392531335353851, 0.1223161518573761, 0.1322820633649826, 0.12564833462238312, 0.12842223048210144, 0.12638235092163086, 0.13121885061264038, 0.1267676055431366, 0.13139358162879944, 0.12473627924919128, 0.12608923017978668, 0.1242918074131012, 0.12383804470300674, 0.12499014288187027, 0.12609413266181946, 0.12261506915092468, 0.1184537261724472, 0.12206169217824936, 0.13387466967105865, 0.12498108297586441, 0.12195982038974762, 0.12099422514438629, 0.12137314677238464, 0.12076207250356674, 0.12311933189630508, 0.1221996396780014, 0.12051740288734436, 0.12174332141876221, 0.12615841627120972, 0.12429177761077881, 0.12421746551990509, 0.12302936613559723, 0.11930161714553833, 0.12292972207069397, 0.1232338398694992, 0.12443646788597107, 0.11933630704879761, 0.12340296804904938, 0.1261442005634308, 0.12450175732374191, 0.11829094588756561, 0.12433889508247375, 0.12437459826469421, 0.1258530616760254, 0.13162198662757874, 0.12517942488193512, 0.12508238852024078, 0.12653961777687073, 0.13029158115386963, 0.12859861552715302, 0.1326611191034317, 0.12856963276863098, 0.12795725464820862, 0.12643983960151672, 0.13035288453102112, 0.12817829847335815, 0.12464933097362518, 0.12565413117408752, 0.11924578994512558, 0.1239161342382431, 0.11668483912944794, 0.12304249405860901, 0.1256171464920044, 0.12623006105422974, 0.12385206669569016, 0.12479303777217865, 0.12918969988822937, 0.12521329522132874, 0.12753400206565857, 0.1258547604084015],