{"loss": [0.020184358581900597, 0.023814918473362923, 0.039118923246860504, 0.038979385048151016, 0.032452501356601715, 0.03210529685020447, 0.029884714633226395, 0.02972622774541378, 0.02633899822831154, 0.027230212464928627, 0.028629420325160027, 0.026758121326565742, 0.019680559635162354, 0.02039743959903717, 0.020345523953437805, 0.020645907148718834, 0.024409031495451927, 0.024269793182611465, 0.024874849244952202, 0.023434773087501526, 0.020823748782277107, 0.021240783855319023, 0.0234453696757555, 0.023210516199469566, 0.02059665508568287, 0.01954135112464428, 0.020012471824884415, 0.020652243867516518, 0.021222244948148727, 0.020823238417506218, 0.02272065356373787, 0.02247842215001583, 0.018961012363433838, 0.018517613410949707, 0.02241303026676178, 0.021861085668206215, 0.019416093826293945, 0.01928081177175045, 0.020286235958337784, 0.01911015249788761, 0.01948370225727558, 0.020508084446191788, 0.020073257386684418, 0.01967356912791729, 0.020297246053814888, 0.020324615761637688, 0.018103985115885735, 0.01828734017908573, 0.02032633312046528, 0.01921187900006771, 0.01833716407418251, 0.018276412039995193, 0.02037113904953003, 0.019222499802708626, 0.017959799617528915, 0.017940042540431023, 0.017658572643995285, 0.017864685505628586, 0.01765028014779091, 0.017875127494335175, 0.017018359154462814, 0.016223032027482986, 0.018123570829629898, 0.017323173582553864, 0.017302196472883224, 0.017121627926826477, 0.016198597848415375, 0.016010161489248276, 0.015908626839518547, 0.015796037390828133, 0.015923699364066124, 0.01640375144779682, 0.0159302931278944, 0.015392863191664219, 0.016270725056529045, 0.016117731109261513, 0.01674473099410534, 0.016916567459702492, 0.016458068042993546, 0.01650511473417282, 0.017284424975514412, 0.01706935092806816, 0.015521449036896229, 0.015970129519701004, 0.016696227714419365, 0.016727974638342857, 0.015965867787599564, 0.01584196649491787, 0.01688329689204693, 0.016736039891839027, 0.01576339080929756, 0.016176674515008926, 0.016608495265245438, 0.01683831959962845, 0.01670466922223568, 0.016921939328312874, 0.01626826636493206, 0.016592135652899742, 0.016099274158477783, 0.016431575641036034], "position_loss": [0.008391637355089188, 0.01014059316366911, 0.018053613603115082, 0.01794891245663166, 0.01449758093804121, 0.014399864710867405, 0.013362431898713112, 0.013261916115880013, 0.01149139553308487, 0.011938516981899738, 0.01257961243391037, 0.011744157411158085, 0.008383734151721, 0.00872283149510622, 0.00877409614622593, 0.008903291076421738, 0.010703962296247482, 0.010661358013749123, 0.010875770822167397, 0.010241448879241943, 0.009020354598760605, 0.009198510088026524, 0.010269125923514366, 0.010161545127630234, 0.008720054291188717, 0.008281854912638664, 0.00865086354315281, 0.008916162885725498, 0.009209646843373775, 0.009022181853652, 0.010026698000729084, 0.009897059760987759, 0.008016416803002357, 0.007846180349588394, 0.00970161147415638, 0.009489706717431545, 0.00826912373304367, 0.008224966935813427, 0.008648477494716644, 0.008162608370184898, 0.008448949083685875, 0.00887040700763464, 0.008608601987361908, 0.008451484143733978, 0.008731349371373653, 0.00874505564570427, 0.007581827696412802, 0.007688174489885569, 0.008681110106408596, 0.008214261382818222, 0.007707870099693537, 0.007704245392233133, 0.008662287145853043, 0.0081779258325696, 0.007588207721710205, 0.007601075805723667, 0.0073945485055446625, 0.007484802044928074, 0.007363991346210241, 0.007478863000869751, 0.006985625252127647, 0.006660961080342531, 0.007634294219315052, 0.007301908452063799, 0.007237883750349283, 0.007169167976826429, 0.006685751490294933, 0.006618152838200331, 0.006521699484437704, 0.006489736493676901, 0.006585749331861734, 0.006811417639255524, 0.0064693596214056015, 0.006265135947614908, 0.006756432820111513, 0.006698472425341606, 0.006916499231010675, 0.0070157465524971485, 0.006784562952816486, 0.006820595357567072, 0.007189082447439432, 0.007100275717675686, 0.006365371402353048, 0.006575435400009155, 0.0068755061365664005, 0.0069030169397592545, 0.006506415084004402, 0.006478672847151756, 0.006967364344745874, 0.006903532426804304, 0.006409190129488707, 0.006609285715967417, 0.006856834981590509, 0.006958369631320238, 0.006845812778919935, 0.006960047408938408, 0.006717043928802013, 0.006873650010675192, 0.006613008212298155, 0.006773209664970636], "gru_regularizer_loss": [0.12779603898525238, 0.12877506017684937, 0.11536933481693268, 0.1178719624876976, 0.12619814276695251, 0.12189599126577377, 0.12171593308448792, 0.12342967092990875, 0.12701071798801422, 0.12651695311069489, 0.1295238435268402, 0.1229100376367569, 0.11563166230916977, 0.11640942096710205, 0.11452121287584305, 0.11520155519247055, 0.11908791214227676, 0.11729060113430023, 0.12243469804525375, 0.11664482206106186, 0.11384428292512894, 0.11506443470716476, 0.11977145075798035, 0.11802718043327332, 0.12512896955013275, 0.11887282878160477, 0.11153848469257355, 0.11459121108055115, 0.11263301968574524, 0.11192908883094788, 0.11400394886732101, 0.1129830926656723, 0.12079673260450363, 0.11677229404449463, 0.12136697769165039, 0.11707785725593567, 0.11907592415809631, 0.11704020947217941, 0.12309214472770691, 0.11522393673658371, 0.11096787452697754, 0.1158100888133049, 0.1170714721083641, 0.11340869963169098, 0.11573323607444763, 0.11582120507955551, 0.12001075595617294, 0.11804498732089996, 0.12226635962724686, 0.11615663021802902, 0.11804501712322235, 0.11615558713674545, 0.12256778031587601, 0.11648942530155182, 0.11675295233726501, 0.11506978422403336, 0.11741235852241516, 0.11748705804347992, 0.11791382730007172, 0.11783537268638611, 0.12380048632621765, 0.11771508306264877, 0.11899888515472412, 0.1133655309677124, 0.11842173337936401, 0.11638285219669342, 0.11922501772642136, 0.1170840635895729, 0.1193489208817482, 0.11732669919729233, 0.11475630104541779, 0.11513274163007736, 0.12262395769357681, 0.11830639839172363, 0.11439874023199081, 0.11291886866092682, 0.11774337291717529, 0.11598379164934158, 0.11826802045106888, 0.1164984330534935, 0.11855842173099518, 0.11682519316673279, 0.11491438746452332, 0.11524452269077301, 0.11830540746450424, 0.11657579988241196, 0.11812056601047516, 0.1162787526845932, 0.11850501596927643, 0.11685916036367416, 0.1176362931728363, 0.11769885569810867, 0.11685732752084732, 0.11712198704481125, 0.1193804070353508, 0.11927906423807144, 0.1141592338681221, 0.11469081044197083, 0.11572656780481339, 0.11594576388597488],