{"loss": [0.023261159658432007, 0.024900399148464203, 0.034664083272218704, 0.03397892415523529, 0.022951265797019005, 0.022184962406754494, 0.028507353737950325, 0.02685944177210331, 0.025014745071530342, 0.02364400587975979, 0.022528575733304024, 0.02222653105854988, 0.02092214673757553, 0.02122408151626587, 0.01971965655684471, 0.019400982186198235, 0.019122594967484474, 0.01938803307712078, 0.018824491649866104, 0.019196858629584312, 0.019839540123939514, 0.020707067102193832, 0.019190331920981407, 0.01776503212749958, 0.018891591578722, 0.01881597377359867, 0.017468705773353577, 0.017233561724424362, 0.0178174190223217, 0.017186537384986877, 0.01831471174955368, 0.018154846504330635, 0.01716088131070137, 0.017735837027430534, 0.019229499623179436, 0.018222644925117493, 0.01607453264296055, 0.016658810898661613, 0.019208699464797974, 0.019045598804950714, 0.017375178635120392, 0.018196264281868935, 0.017164474353194237, 0.017598288133740425, 0.018395861610770226, 0.017032554373145103, 0.019131114706397057, 0.018954671919345856, 0.018036335706710815, 0.0172731876373291, 0.01835375837981701, 0.01884990558028221, 0.019252529367804527, 0.018267614766955376, 0.019893575459718704, 0.020228730514645576, 0.01765735074877739, 0.018864311277866364, 0.01986721344292164, 0.01841157115995884, 0.019226355478167534, 0.018177248537540436, 0.01784912496805191, 0.017587371170520782, 0.016097204759716988, 0.01660066470503807, 0.01736212521791458, 0.017421089112758636, 0.017081573605537415, 0.017160002142190933, 0.016759958118200302, 0.01662893407046795, 0.017565693706274033, 0.016508273780345917, 0.016638576984405518, 0.01615004427731037, 0.016316235065460205, 0.016460591927170753, 0.017341097816824913, 0.017279868945479393, 0.015879126265645027, 0.016508853062987328, 0.017881784588098526, 0.017302192747592926, 0.01657128892838955, 0.016040589660406113, 0.01742273010313511, 0.018005453050136566, 0.016707299277186394, 0.01696866564452648, 0.019086891785264015, 0.017658500000834465, 0.016018563881516457, 0.016278330236673355, 0.016724945977330208, 0.016955040395259857, 0.015960702672600746, 0.015553259290754795, 0.016706908121705055, 0.016194725409150124], "position_loss": [0.01011318527162075, 0.010882986709475517, 0.015948448330163956, 0.0155535489320755, 0.00995783880352974, 0.0096676554530859, 0.012776820920407772, 0.012041670270264149, 0.01115746982395649, 0.010547122918069363, 0.010021180845797062, 0.009881428442895412, 0.009258314035832882, 0.009388585574924946, 0.008642179891467094, 0.00851412396878004, 0.008301683701574802, 0.008432830683887005, 0.008174309507012367, 0.008344084024429321, 0.008780871517956257, 0.00914432480931282, 0.008250212296843529, 0.007630618289113045, 0.008190616965293884, 0.008161710575222969, 0.007460888475179672, 0.007363874930888414, 0.007620607502758503, 0.007344271522015333, 0.007902929559350014, 0.00783359631896019, 0.007304010447114706, 0.007547005079686642, 0.008198543451726437, 0.007757180370390415, 0.0067479852586984634, 0.007008353713899851, 0.008286028169095516, 0.008217621594667435, 0.007373757194727659, 0.007741335313767195, 0.007253981661051512, 0.007452529389411211, 0.007726407144218683, 0.007148019969463348, 0.008200191892683506, 0.008137159049510956, 0.007577423006296158, 0.007271018344908953, 0.007861480116844177, 0.008085657842457294, 0.008143366314470768, 0.0077304476872086525, 0.0084864292293787, 0.00867642741650343, 0.0074530974961817265, 0.00798571202903986, 0.008399960584938526, 0.0077804275788366795, 0.008091169409453869, 0.007660612463951111, 0.00750297075137496, 0.0074034687131643295, 0.006756550632417202, 0.006983494386076927, 0.0073323543183505535, 0.007356779649853706, 0.00718501815572381, 0.007238413672894239, 0.007040445692837238, 0.006994451861828566, 0.007375651504844427, 0.006930881179869175, 0.006980640813708305, 0.006782423704862595, 0.006828976795077324, 0.006900016684085131, 0.007295644376426935, 0.007272358518093824, 0.006575417704880238, 0.00686304597184062, 0.007543595042079687, 0.007300386670976877, 0.006891840603202581, 0.0066740852780640125, 0.007284722290933132, 0.007567672990262508, 0.006959754042327404, 0.0071026929654181, 0.008121254853904247, 0.0075020515359938145, 0.0066584632731974125, 0.0067797391675412655, 0.006885394919663668, 0.006998615339398384, 0.006535302381962538, 0.006377636454999447, 0.006811630912125111, 0.006617153529077768], "gru_regularizer_loss": [0.12148785591125488, 0.12209475040435791, 0.11765657365322113, 0.11975039541721344, 0.12666156888008118, 0.12047205865383148, 0.12407448887825012, 0.1180177628993988, 0.12061452120542526, 0.11509103327989578, 0.11515901237726212, 0.11375950276851654, 0.10952740907669067, 0.11047027260065079, 0.111744225025177, 0.10886532813310623, 0.1114664152264595, 0.11206367611885071, 0.11237005889415741, 0.11317089945077896, 0.10467317700386047, 0.10992959141731262, 0.11928066611289978, 0.11202524602413177, 0.11228068917989731, 0.11121004074811935, 0.11224465072154999, 0.11090829223394394, 0.11284588277339935, 0.10981040447950363, 0.10957258939743042, 0.10867287218570709, 0.11074921488761902, 0.11370763182640076, 0.11972379684448242, 0.11438478529453278, 0.10944528877735138, 0.11220463365316391, 0.11276085674762726, 0.11153630167245865, 0.11177052557468414, 0.11444298177957535, 0.11296162009239197, 0.11382084339857101, 0.12210113555192947, 0.11445190012454987, 0.11306309700012207, 0.11167015135288239, 0.1199340671300888, 0.11456576734781265, 0.11275965720415115, 0.11384642124176025, 0.1208098903298378, 0.11518915742635727, 0.11724995076656342, 0.11714407801628113, 0.11291830241680145, 0.11769999563694, 0.12505897879600525, 0.1171576976776123, 0.12344039976596832, 0.11733494699001312, 0.11795805394649506, 0.1160881370306015, 0.11125488579273224, 0.11242742091417313, 0.11437112838029861, 0.11485910415649414, 0.11480113118886948, 0.11354683339595795, 0.11371641606092453, 0.11234739422798157, 0.11895336210727692, 0.11325114220380783, 0.11453589797019958, 0.11114399880170822, 0.11185736954212189, 0.11233069002628326, 0.11500142514705658, 0.11382317543029785, 0.11336715519428253, 0.11567698419094086, 0.11797277629375458, 0.11432640999555588, 0.11693234741687775, 0.11338767409324646, 0.11535146832466125, 0.11704516410827637, 0.11576712131500244, 0.11428578943014145, 0.11876681447029114, 0.11154177784919739, 0.11269930750131607, 0.11324550211429596, 0.11726981401443481, 0.11749570816755295, 0.11804065108299255, 0.1146942526102066, 0.12238530814647675, 0.11817625164985657],