{"loss": [0.02030891738831997, 0.021454501897096634, 0.0324786938726902, 0.03097989782691002, 0.02094097062945366, 0.02183951996266842, 0.023282745853066444, 0.022736549377441406, 0.021167660132050514, 0.020482441410422325, 0.02144623175263405, 0.021908940747380257, 0.022647153586149216, 0.02252243086695671, 0.022733362391591072, 0.021836332976818085, 0.018043583258986473, 0.018350306898355484, 0.021324221044778824, 0.020679427310824394, 0.020094294100999832, 0.019950663670897484, 0.01859375648200512, 0.018007956445217133, 0.018628563731908798, 0.019332606345415115, 0.017338473349809647, 0.018069976940751076, 0.017290199175477028, 0.017397843301296234, 0.01733173057436943, 0.0170910507440567, 0.017863774672150612, 0.01808704063296318, 0.018065577372908592, 0.018988555297255516, 0.019339337944984436, 0.019592655822634697, 0.01839006505906582, 0.01820646971464157, 0.019995497539639473, 0.019377602264285088, 0.018523797392845154, 0.019477317109704018, 0.015106083825230598, 0.01659092679619789, 0.018297694623470306, 0.016902446746826172, 0.019412295892834663, 0.017785416916012764, 0.016089756041765213, 0.016592996194958687, 0.01612151600420475, 0.016349302604794502, 0.015550168231129646, 0.0157050509005785, 0.015111216343939304, 0.015862541273236275, 0.01679438352584839, 0.01680457964539528, 0.015489717945456505, 0.015907755121588707, 0.016469689086079597, 0.016324331983923912, 0.014449340291321278, 0.016192814335227013, 0.016588907688856125, 0.017355753108859062, 0.017871851101517677, 0.018111763522028923, 0.016358263790607452, 0.01589643396437168, 0.016425272449851036, 0.016780320554971695, 0.01560252346098423, 0.01621285453438759, 0.014916615560650826, 0.01570774056017399, 0.016914980486035347, 0.01677851192653179, 0.016262685880064964, 0.016199028119444847, 0.016875820234417915, 0.016270171850919724, 0.016496451571583748, 0.016436589881777763, 0.01648864708840847, 0.01679972931742668, 0.01608758419752121, 0.01566626876592636, 0.016315719112753868, 0.016568228602409363, 0.015579895116388798, 0.015719689428806305, 0.016510529443621635, 0.016504772007465363, 0.015918470919132233, 0.015594076365232468, 0.016653086990118027, 0.016674570739269257], "position_loss": [0.008571206592023373, 0.00914518442004919, 0.01482994295656681, 0.014094610698521137, 0.008862228132784367, 0.009337488561868668, 0.009586494415998459, 0.009451890364289284, 0.009002131409943104, 0.008743842132389545, 0.009421534836292267, 0.009662794880568981, 0.01005241833627224, 0.01000828668475151, 0.010036910884082317, 0.009631152264773846, 0.007659798953682184, 0.007839173078536987, 0.009171663783490658, 0.00893468502908945, 0.00863022729754448, 0.00857510045170784, 0.007930194027721882, 0.007676326669752598, 0.00805820431560278, 0.008346953429281712, 0.007406272925436497, 0.007732091471552849, 0.00728727038949728, 0.007361196912825108, 0.007360261864960194, 0.00728462403640151, 0.007614482659846544, 0.0077215200290083885, 0.007805290166288614, 0.008204362355172634, 0.008406097069382668, 0.008520321920514107, 0.007819303311407566, 0.007779470644891262, 0.008609936572611332, 0.008354391902685165, 0.00806836411356926, 0.008495007641613483, 0.006390520837157965, 0.007059445604681969, 0.007720420137047768, 0.007131091319024563, 0.008369289338588715, 0.0076554096303880215, 0.006770849693566561, 0.007005625404417515, 0.00677460664883256, 0.006880041211843491, 0.006472777109593153, 0.006552681792527437, 0.006263106595724821, 0.006585019640624523, 0.006953965872526169, 0.00698266364634037, 0.00634533166885376, 0.006532084196805954, 0.006868060678243637, 0.006805400364100933, 0.0059633515775203705, 0.006727134343236685, 0.006944146938621998, 0.007286696694791317, 0.007612798362970352, 0.007718589622527361, 0.006789857521653175, 0.006606401409953833, 0.00693114660680294, 0.007073216140270233, 0.006424058694392443, 0.006716056726872921, 0.006096236873418093, 0.006424509920179844, 0.007015653885900974, 0.006955035030841827, 0.006732011213898659, 0.006709584966301918, 0.00700794393196702, 0.006754268426448107, 0.006716619245707989, 0.006732255220413208, 0.006810470949858427, 0.006960383616387844, 0.006554093211889267, 0.006391784176230431, 0.006761751137673855, 0.006860906258225441, 0.006332133896648884, 0.006418172270059586, 0.006806212477385998, 0.006818197667598724, 0.006556726526468992, 0.0064353919588029385, 0.007011984009295702, 0.007034140173345804], "gru_regularizer_loss": [0.11759915947914124, 0.11628958582878113, 0.11211339384317398, 0.10942155867815018, 0.11595207452774048, 0.1158260926604271, 0.13367676734924316, 0.12770046293735504, 0.12052300572395325, 0.11569098383188248, 0.10701222717761993, 0.10707448422908783, 0.1063133180141449, 0.10524233430624008, 0.10852368175983429, 0.10531339049339294, 0.10923449695110321, 0.10751987993717194, 0.11407008022069931, 0.10841640830039978, 0.11032308638095856, 0.1086755320429802, 0.1085311621427536, 0.10540776699781418, 0.10131031274795532, 0.1049993708729744, 0.10121457278728485, 0.1045437902212143, 0.10975730419158936, 0.10854757577180862, 0.10590213537216187, 0.10319455713033676, 0.10426164418458939, 0.1052461639046669, 0.10006850957870483, 0.10360562801361084, 0.10362938046455383, 0.10423494875431061, 0.10900642722845078, 0.10540007054805756, 0.10925160348415375, 0.10590885579586029, 0.10081462562084198, 0.1038856953382492, 0.09809397161006927, 0.10321187227964401, 0.11438990384340286, 0.10672102868556976, 0.10983578860759735, 0.10282779484987259, 0.1050771176815033, 0.1053011417388916, 0.10469210147857666, 0.10550897568464279, 0.10658104717731476, 0.10528256744146347, 0.10239428281784058, 0.10520213097333908, 0.10881751775741577, 0.10737630724906921, 0.10687483847141266, 0.10791941732168198, 0.10649598389863968, 0.1056346595287323, 0.09822139143943787, 0.10544043779373169, 0.1045968309044838, 0.10744304209947586, 0.10519804060459137, 0.10608959943056107, 0.1089729517698288, 0.10595369338989258, 0.10193385183811188, 0.10342716425657272, 0.10554903000593185, 0.10649114102125168, 0.10538110136985779, 0.1084052324295044, 0.10913354158401489, 0.10794845223426819, 0.10661004483699799, 0.10537900775671005, 0.11052894592285156, 0.10705863684415817, 0.11341558396816254, 0.11151169240474701, 0.109418585896492, 0.10978440195322037, 0.11172288656234741, 0.10817287862300873, 0.10498236119747162, 0.10642416030168533, 0.11019977927207947, 0.10872829705476761, 0.10778679698705673, 0.10632950067520142, 0.10933562368154526, 0.1063370555639267, 0.10429701209068298, 0.10361132770776749],