{"loss": [0.02082843706011772, 0.02288345992565155, 0.030331255868077278, 0.029487431049346924, 0.031265322118997574, 0.030228419229388237, 0.02520707994699478, 0.025562049821019173, 0.027827063575387, 0.027793973684310913, 0.023889878764748573, 0.024837348610162735, 0.022077081725001335, 0.02091609500348568, 0.019389521330595016, 0.01882060617208481, 0.021892521530389786, 0.02121301367878914, 0.01789710856974125, 0.018789852038025856, 0.01912570744752884, 0.0194807518273592, 0.018630707636475563, 0.019297927618026733, 0.018924325704574585, 0.018730774521827698, 0.017185676842927933, 0.016898179426789284, 0.019383054226636887, 0.018708787858486176, 0.017408205196261406, 0.017404021695256233, 0.0183863528072834, 0.018396683037281036, 0.01851169764995575, 0.018984582275152206, 0.016856417059898376, 0.01698840782046318, 0.018424909561872482, 0.017955157905817032, 0.01618047058582306, 0.01644914597272873, 0.018048511818051338, 0.01756034977734089, 0.017343519255518913, 0.017181502655148506, 0.016094239428639412, 0.016737263649702072, 0.018308652564883232, 0.018180130049586296, 0.017306042835116386, 0.01741846464574337, 0.01697046123445034, 0.017736054956912994, 0.01563420705497265, 0.017007362097501755, 0.01701013743877411, 0.01728583686053753, 0.01708841696381569, 0.016586188226938248, 0.015604215674102306, 0.016482478007674217, 0.018656093627214432, 0.017951056361198425, 0.01806475967168808, 0.018161214888095856, 0.017756089568138123, 0.018344737589359283, 0.017253288999199867, 0.017063871026039124, 0.019958969205617905, 0.019249923527240753, 0.017150823026895523, 0.017062313854694366, 0.0171368345618248, 0.016244372352957726, 0.017110740765929222, 0.01732562854886055, 0.01867855340242386, 0.018796686083078384, 0.01694912649691105, 0.017530087381601334, 0.018327292054891586, 0.01813729852437973, 0.01754867471754551, 0.01748170703649521, 0.017195163294672966, 0.017060045152902603, 0.016647696495056152, 0.016906065866351128, 0.017218418419361115, 0.017172476276755333, 0.01665334217250347, 0.016213001683354378, 0.018328510224819183, 0.017548469826579094, 0.01678783819079399, 0.0170242041349411, 0.016992948949337006, 0.016160758212208748], "position_loss": [0.008828285150229931, 0.00986314844340086, 0.013612920418381691, 0.013266895897686481, 0.01399257406592369, 0.013552846387028694, 0.010983671993017197, 0.01121402159333229, 0.012384612113237381, 0.012393847107887268, 0.010610805824398994, 0.011045518331229687, 0.009518750943243504, 0.009021557867527008, 0.008259709924459457, 0.008004754781723022, 0.009523238986730576, 0.00921852421015501, 0.007661942392587662, 0.008045453578233719, 0.008242548443377018, 0.00839904509484768, 0.00798703357577324, 0.008277145214378834, 0.008096272125840187, 0.008019428700208664, 0.007196000777184963, 0.007096505723893642, 0.00830618292093277, 0.00801375973969698, 0.007291185203939676, 0.007309692446142435, 0.007757530082017183, 0.007775896228849888, 0.007890594191849232, 0.008080797269940376, 0.006937388330698013, 0.007025616709142923, 0.007743922993540764, 0.0075471349991858006, 0.006704679690301418, 0.006828677374869585, 0.007523031905293465, 0.007340229116380215, 0.007236093282699585, 0.0071766674518585205, 0.006677628960460424, 0.006953227799385786, 0.0077013238333165646, 0.007656414527446032, 0.007168611511588097, 0.007244773209095001, 0.007081950083374977, 0.0074275485239923, 0.006412652786821127, 0.007025524973869324, 0.0070317755453288555, 0.0071473089046776295, 0.007019064389169216, 0.006821541115641594, 0.006353992037475109, 0.006736645009368658, 0.007763786241412163, 0.007479069754481316, 0.007596170995384455, 0.007636988535523415, 0.007413112558424473, 0.007700319867581129, 0.007131708785891533, 0.007073991931974888, 0.008371083065867424, 0.008083418011665344, 0.007116236723959446, 0.007093229331076145, 0.006996525917202234, 0.0066377208568155766, 0.0070533305406570435, 0.007168193813413382, 0.007853799499571323, 0.007911245338618755, 0.006993866991251707, 0.007275077980011702, 0.007626846432685852, 0.007545596919953823, 0.007289269007742405, 0.007255806587636471, 0.00708564929664135, 0.0070257592014968395, 0.006901373155415058, 0.007021957077085972, 0.0071727074682712555, 0.007159998174756765, 0.006840592250227928, 0.006679046433418989, 0.007654290180653334, 0.0073165008798241615, 0.006966353859752417, 0.007072655484080315, 0.006936036515980959, 0.006606500130146742], "gru_regularizer_loss": [0.1257481426000595, 0.12222826480865479, 0.12150032073259354, 0.11583548039197922, 0.12873443961143494, 0.12412627786397934, 0.13278613984584808, 0.12941153347492218, 0.12957394123077393, 0.1281171590089798, 0.11584772169589996, 0.1193934828042984, 0.1279670149087906, 0.12151922285556793, 0.12115888297557831, 0.1175462007522583, 0.11988941580057144, 0.11639446765184402, 0.11089982837438583, 0.11361268907785416, 0.11369461566209793, 0.11417955905199051, 0.11667297780513763, 0.11855453997850418, 0.11769077181816101, 0.11609005928039551, 0.1185958981513977, 0.11467448621988297, 0.11871758103370667, 0.11503984034061432, 0.11867555975914001, 0.11672037094831467, 0.11920611560344696, 0.11700945347547531, 0.11395284533500671, 0.11614026129245758, 0.12231612205505371, 0.11980542540550232, 0.12101425230503082, 0.11698783934116364, 0.11634916812181473, 0.11637796461582184, 0.12120532244443893, 0.1173279657959938, 0.12002748250961304, 0.11791573464870453, 0.11535905301570892, 0.11728119850158691, 0.11962413787841797, 0.11770270764827728, 0.12140025943517685, 0.11887425929307938, 0.11550231277942657, 0.11762551218271255, 0.11636605113744736, 0.12022777646780014, 0.11920301616191864, 0.11922004818916321, 0.12431600689888, 0.11984189599752426, 0.11800742149353027, 0.11991871893405914, 0.12452428042888641, 0.11998444050550461, 0.11851732432842255, 0.11840225756168365, 0.12025536596775055, 0.12001758068799973, 0.12140435725450516, 0.11898965388536453, 0.12616735696792603, 0.12140362709760666, 0.11941932141780853, 0.11744414269924164, 0.12705884873867035, 0.12036535143852234, 0.12336791306734085, 0.12275166064500809, 0.12104125320911407, 0.12065001577138901, 0.12016084790229797, 0.11974884569644928, 0.12184745073318481, 0.11974082887172699, 0.11878350377082825, 0.11701920628547668, 0.11908303201198578, 0.11712493002414703, 0.11758510768413544, 0.11774571985006332, 0.12094572186470032, 0.11880266666412354, 0.12433265149593353, 0.1201343834400177, 0.12417438626289368, 0.12005342543125153, 0.11787346005439758, 0.11797870695590973, 0.12699031829833984, 0.12054279446601868],