{"loss": [0.022212114185094833, 0.024766521528363228, 0.041924867779016495, 0.040488772094249725, 0.03662889450788498, 0.036804765462875366, 0.04105605557560921, 0.03835846483707428, 0.02628210186958313, 0.025548283010721207, 0.03511538356542587, 0.03563453257083893, 0.03455395996570587, 0.03395325690507889, 0.024338003247976303, 0.023932281881570816, 0.02912590466439724, 0.028490927070379257, 0.031449902802705765, 0.029886193573474884, 0.021073278039693832, 0.023027241230010986, 0.02605823054909706, 0.02641703188419342, 0.024198735132813454, 0.0243291724473238, 0.02179592102766037, 0.021838361397385597, 0.025895727798342705, 0.025708340108394623, 0.020000435411930084, 0.020050080493092537, 0.021478476002812386, 0.022090060636401176, 0.019794128835201263, 0.019665025174617767, 0.023203400894999504, 0.021952999755740166, 0.020979518070816994, 0.021221011877059937, 0.021574225276708603, 0.02110728621482849, 0.02090444043278694, 0.020131682977080345, 0.019504733383655548, 0.019176386296749115, 0.020939171314239502, 0.02047189511358738, 0.018772240728139877, 0.018259389325976372, 0.020248638466000557, 0.02038339525461197, 0.02101024240255356, 0.01997651346027851, 0.017939304932951927, 0.01830105669796467, 0.019412769004702568, 0.01921745389699936, 0.019593026489019394, 0.01919824816286564], "position_loss": [0.009282629005610943, 0.010613638907670975, 0.019077882170677185, 0.018447449430823326, 0.016820736229419708, 0.01689440757036209, 0.01884634979069233, 0.017607154324650764, 0.01126314140856266, 0.011012054048478603, 0.01561982836574316, 0.015951164066791534, 0.015542645007371902, 0.015310671180486679, 0.010517111048102379, 0.010350063443183899, 0.013053443282842636, 0.012777529656887054, 0.014210782945156097, 0.013479679822921753, 0.009103972464799881, 0.01003194972872734, 0.011231639422476292, 0.011474795639514923, 0.010532652027904987, 0.010613113641738892, 0.009420441463589668, 0.009455188177525997, 0.011509600095450878, 0.01140559371560812, 0.008474936708807945, 0.008524201810359955, 0.009148518554866314, 0.009469252079725266, 0.00821244902908802, 0.008194345980882645, 0.009904981590807438, 0.009368368424475193, 0.00898726936429739, 0.009093017317354679, 0.009124471805989742, 0.00896372739225626, 0.008750881999731064, 0.00843341089785099, 0.008058487437665462, 0.007962596602737904, 0.008827079087495804, 0.008646421134471893, 0.007655765861272812, 0.007470650598406792, 0.00848317053169012, 0.008566220290958881, 0.00885410513728857, 0.008423150517046452, 0.007427884265780449, 0.007612431421875954, 0.008101568557322025, 0.008032990619540215, 0.008182905614376068, 0.008036191575229168], "gru_regularizer_loss": [0.1589261293411255, 0.15647706389427185, 0.1601097136735916, 0.15476912260055542, 0.14756141602993011, 0.14729847013950348, 0.16278952360153198, 0.15236647427082062, 0.1655445247888565, 0.15698297321796417, 0.1606205403804779, 0.1575729250907898, 0.15433737635612488, 0.15161573886871338, 0.15386605262756348, 0.15197311341762543, 0.1513344645500183, 0.14736729860305786, 0.15076756477355957, 0.14661522209644318, 0.14058995246887207, 0.14726154506206512, 0.15673550963401794, 0.15383249521255493, 0.14661875367164612, 0.14745108783245087, 0.1463879495859146, 0.14525525271892548, 0.14346764981746674, 0.145152747631073, 0.14763933420181274, 0.14599090814590454, 0.1474403589963913, 0.1481660008430481, 0.15343628823757172, 0.1511039137840271, 0.15746018290519714, 0.14995990693569183, 0.1441417932510376, 0.1458623707294464, 0.1522011011838913, 0.14735037088394165, 0.15327860414981842, 0.1484282910823822, 0.15405386686325073, 0.1491987556219101, 0.15307164192199707, 0.14857929944992065, 0.15551887452602386, 0.15042750537395477, 0.14720168709754944, 0.14794553816318512, 0.15370920300483704, 0.14641541242599487, 0.14418411254882812, 0.145306795835495, 0.14755111932754517, 0.14597511291503906, 0.15083640813827515, 0.14655491709709167], "l2_xdx_activation_loss": [0.0006855287356302142, 0.0006578213069587946, 0.0007223324500955641, 0.0006817250978201628, 0.0005035994690842927, 0.0005139850545674562, 0.0005781495710834861, 0.000539825763553381, 0.00069978809915483, 0.0006511120009236038, 0.0007561700767837465, 0.0007184884743764997, 0.0006414275849238038, 0.0006049140938557684, 0.0005880363751202822, 0.0005704709328711033, 0.0005015535862185061, 0.00048706060624681413, 0.00050655024824664, 0.00048655644059181213, 0.0004861406341660768, 0.0004965713596902788, 0.0006755287176929414, 0.0006427017506211996, 0.0005554109811782837, 0.000542474677786231, 0.0004967157146893442, 0.0004914739984087646, 0.0004802797338925302, 0.0004815374850295484, 0.0005243849009275436, 0.0005135845858603716, 0.0005686745280399919, 0.0005562952137552202, 0.0006112850387580693, 0.0005880944663658738, 0.0006059409934096038, 0.0005718836328014731, 0.0005208498332649469, 0.0005251143011264503, 0.0006007527117617428, 0.0005684382631443441, 0.0006229592836461961, 0.0005931882769800723, 0.0006154022412374616, 0.0005860642995685339, 0.0005844280822202563, 0.0005640827585011721, 0.0006348357419483364, 0.0006042666500434279, 0.0006030884687788785, 0.000590161478612572, 0.0005879751988686621, 0.0005550142377614975, 0.0005468938616104424, 0.0005407037679105997, 0.0005777019541710615, 0.0005635692505165935, 0.000572611577808857, 0.0005531005444936454]}