{"loss": [0.020087553188204765, 0.023416215553879738, 0.03748974949121475, 0.03711026906967163, 0.031269997358322144, 0.032862454652786255, 0.02994599938392639, 0.029046574607491493, 0.029722876846790314, 0.030839214101433754, 0.027732640504837036, 0.0261550135910511, 0.02189018949866295, 0.023028770461678505, 0.02646670490503311, 0.026642752811312675, 0.021091097965836525, 0.02121591754257679, 0.023206008598208427, 0.022907430306077003, 0.021551119163632393, 0.022268079221248627, 0.019893143326044083, 0.019636208191514015, 0.022804493084549904, 0.022134030237793922, 0.02205098792910576, 0.020595582202076912, 0.018590740859508514, 0.0187363401055336, 0.017718136310577393, 0.018399678170681, 0.01886327937245369, 0.019067980349063873, 0.02014240436255932, 0.019154097884893417, 0.01925552450120449, 0.01916484534740448, 0.019372832030057907, 0.01974995993077755, 0.017879733815789223, 0.018769163638353348, 0.01912442222237587, 0.019657988101243973, 0.018375907093286514, 0.018322626128792763, 0.01951630227267742, 0.01886233501136303, 0.019157595932483673, 0.019755475223064423, 0.019868550822138786, 0.019289758056402206, 0.017374832183122635, 0.01791762374341488, 0.01893618516623974, 0.019227204844355583, 0.017225481569767, 0.017612377181649208, 0.018944144248962402, 0.018887847661972046], "position_loss": [0.008337602950632572, 0.00996689684689045, 0.017104418948292732, 0.016927793622016907, 0.013738286681473255, 0.014561946503818035, 0.013366860337555408, 0.012951860204339027, 0.013447186909615993, 0.013927734456956387, 0.012312402948737144, 0.011600032448768616, 0.00924699380993843, 0.009852507151663303, 0.01162906177341938, 0.01173444651067257, 0.00899654719978571, 0.009048652835190296, 0.010103203356266022, 0.00996415875852108, 0.009326715022325516, 0.009650549851357937, 0.008476381190121174, 0.008362661115825176, 0.009919759817421436, 0.009611413814127445, 0.00950002484023571, 0.008864962495863438, 0.007825045846402645, 0.007913453504443169, 0.0074376873672008514, 0.007746886927634478, 0.007994914427399635, 0.008066984824836254, 0.008482689037919044, 0.008059320040047169, 0.008075539954006672, 0.008037502877414227, 0.00818933080881834, 0.008330097422003746, 0.007436186075210571, 0.00782149750739336, 0.008054224774241447, 0.008264143019914627, 0.0076267351396381855, 0.007620834745466709, 0.008180349133908749, 0.00789711158722639, 0.008044571615755558, 0.00832293089479208, 0.008367100730538368, 0.008124412968754768, 0.00717275682836771, 0.0074461898766458035, 0.00791623443365097, 0.008060431107878685, 0.007102718576788902, 0.007262956816703081, 0.007921607233583927, 0.007891925983130932], "gru_regularizer_loss": [0.15000349283218384, 0.15274161100387573, 0.15161322057247162, 0.15229421854019165, 0.1535264253616333, 0.15576745569705963, 0.1481732875108719, 0.14531414210796356, 0.13771526515483856, 0.14342403411865234, 0.15077830851078033, 0.14451049268245697, 0.14955124258995056, 0.14976976811885834, 0.14570116996765137, 0.1465519517660141, 0.1436835527420044, 0.14583685994148254, 0.14402462542057037, 0.14315684139728546, 0.13811571896076202, 0.1425464004278183, 0.14099177718162537, 0.14046414196491241, 0.14389167726039886, 0.14139491319656372, 0.14766262471675873, 0.1394113004207611, 0.14163576066493988, 0.1405145674943924, 0.1382395178079605, 0.140635147690773, 0.13808611035346985, 0.14054685831069946, 0.1484106481075287, 0.14263007044792175, 0.1435367912054062, 0.14342933893203735, 0.139863520860672, 0.1430273950099945, 0.13837985694408417, 0.14389467239379883, 0.13843053579330444, 0.14353927969932556, 0.1442977488040924, 0.1434515118598938, 0.14655801653862, 0.14297623932361603, 0.14121223986148834, 0.14319683611392975, 0.14607053995132446, 0.14267988502979279, 0.14103341102600098, 0.14263616502285004, 0.14370237290859222, 0.14501966536045074, 0.1413707733154297, 0.14384621381759644, 0.1436578333377838, 0.1432972103357315], "l2_xdx_activation_loss": [0.0006370659684762359, 0.0006512976833619177, 0.0005878880620002747, 0.0005768740666098893, 0.0007523488020524383, 0.0007265915628522635, 0.0005764777306467295, 0.0005628663930110633, 0.00048341136425733566, 0.0005161300650797784, 0.000532978679984808, 0.0005029093008488417, 0.0006331912591122091, 0.0006083142943680286, 0.0005834848852828145, 0.000569075345993042, 0.0005533509538508952, 0.0005530425696633756, 0.0005194137338548899, 0.0005154768587090075, 0.0005051388870924711, 0.0005134670645929873, 0.0005097822286188602, 0.0005017099902033806, 0.0005083134747110307, 0.0004987129359506071, 0.0005243986961431801, 0.0004901427309960127, 0.0005077255773358047, 0.0005010579479858279, 0.00048641691682860255, 0.0004994796472601593, 0.0004971576854586601, 0.0005091420607641339, 0.0005639339215122163, 0.0005360126961022615, 0.0005559867713600397, 0.0005514769000001252, 0.0005314719746820629, 0.0005527901812456548, 0.0005408154102042317, 0.0005620347219519317, 0.0005435170023702085, 0.0005643979529850185, 0.0005594469257630408, 0.0005484414286911488, 0.0005629681400023401, 0.0005457439110614359, 0.000551737321075052, 0.0005588426138274372, 0.0005575082614086568, 0.0005376713816076517, 0.0005392884486354887, 0.0005325875245034695, 0.0005551911308430135, 0.0005516756791621447, 0.00053507270058617, 0.000548961223103106, 0.0005544110317714512, 0.0005566352047026157]}