{"loss": [0.022724110633134842, 0.02494526095688343, 0.04504444822669029, 0.044312670826911926, 0.03559286147356033, 0.03435060754418373, 0.030168119817972183, 0.030021432787179947, 0.03329740837216377, 0.03207898885011673, 0.022373966872692108, 0.021981485188007355, 0.026518046855926514, 0.02507612854242325, 0.025113364681601524, 0.02582494355738163, 0.02113788016140461, 0.021187730133533478, 0.0236017107963562, 0.02307264320552349, 0.022754095494747162, 0.02197854593396187, 0.020488416776061058, 0.021002475172281265, 0.021881140768527985, 0.022938445210456848, 0.022059140726923943, 0.021715663373470306, 0.021963199600577354, 0.021417809650301933, 0.02175719663500786, 0.02154691144824028, 0.017752885818481445, 0.018947847187519073, 0.02222614735364914, 0.022267550230026245, 0.02065902389585972, 0.02123604528605938, 0.01840796507894993, 0.019242193549871445, 0.021523263305425644, 0.021295905113220215, 0.019889989867806435, 0.02083881013095379, 0.017413776367902756, 0.018572989851236343, 0.02084919810295105, 0.02002304047346115, 0.01873246394097805, 0.018997779116034508, 0.020554471760988235, 0.020299050956964493, 0.019774459302425385, 0.01955624297261238, 0.019298303872346878, 0.01872800849378109, 0.01939310133457184, 0.0194102693349123, 0.019651850685477257, 0.019487546756863594], "position_loss": [0.009535335004329681, 0.010583198629319668, 0.020679669454693794, 0.020398974418640137, 0.015508071519434452, 0.014987366273999214, 0.013450303114950657, 0.013420739211142063, 0.015100580640137196, 0.014533845707774162, 0.009616624563932419, 0.00947517715394497, 0.01170586608350277, 0.01106349192559719, 0.011184376664459705, 0.011509659700095654, 0.009098831564188004, 0.009147688746452332, 0.01026322040706873, 0.010048054158687592, 0.009902941063046455, 0.009561578743159771, 0.008879518136382103, 0.009123394265770912, 0.009371914900839329, 0.00990166887640953, 0.009474141523241997, 0.009333335794508457, 0.009476324543356895, 0.00925701018422842, 0.009339404292404652, 0.00926757138222456, 0.007393194362521172, 0.007949570193886757, 0.00948282890021801, 0.009546499699354172, 0.008766685612499714, 0.009045341983437538, 0.00770157715305686, 0.008086830377578735, 0.009165930561721325, 0.009071309119462967, 0.008429721929132938, 0.008859420195221901, 0.007259326986968517, 0.0077775525860488415, 0.00873540248721838, 0.008406983688473701, 0.007716755848377943, 0.007856532000005245, 0.008633329533040524, 0.008555565029382706, 0.008284887298941612, 0.0082009918987751, 0.008008047007024288, 0.007784700952470303, 0.008008071221411228, 0.008062344044446945, 0.008175616152584553, 0.008129691705107689], "gru_regularizer_loss": [0.1451980471611023, 0.15024805068969727, 0.15130847692489624, 0.14639164507389069, 0.16366085410118103, 0.15958839654922485, 0.14356762170791626, 0.14016902446746826, 0.14097148180007935, 0.1372155249118805, 0.1409282237291336, 0.13683564960956573, 0.14238020777702332, 0.13594955205917358, 0.13011226058006287, 0.13370807468891144, 0.13807576894760132, 0.13635358214378357, 0.13909101486206055, 0.1351744830608368, 0.13837012648582458, 0.13470202684402466, 0.13044525682926178, 0.13173894584178925, 0.13722699880599976, 0.1393364816904068, 0.13903819024562836, 0.13705779612064362, 0.13791759312152863, 0.13411715626716614, 0.13692079484462738, 0.13527721166610718, 0.13122570514678955, 0.1364797055721283, 0.1431843787431717, 0.14089639484882355, 0.13651099801063538, 0.13900040090084076, 0.13358592987060547, 0.13687875866889954, 0.13917607069015503, 0.13768379390239716, 0.13219720125198364, 0.13575953245162964, 0.12856967747211456, 0.13437069952487946, 0.1456303894519806, 0.13885816931724548, 0.1396750807762146, 0.14006522297859192, 0.14153636991977692, 0.13753359019756317, 0.1384308636188507, 0.13673490285873413, 0.14014631509780884, 0.1360379159450531, 0.1422223448753357, 0.14006288349628448, 0.1423272043466568, 0.14016398787498474], "l2_xdx_activation_loss": [0.0007334862020798028, 0.0007584604318253696, 0.0007236733799800277, 0.0006832678918726742, 0.0009797032689675689, 0.0009263293468393385, 0.0006102784536778927, 0.00059242028510198, 0.0005618431023322046, 0.0005460459506139159, 0.00057681102771312, 0.0005539235426113009, 0.0005605032783932984, 0.0005295485025271773, 0.00048082819557748735, 0.0004891803255304694, 0.0005194851546548307, 0.0005092702340334654, 0.000561118999030441, 0.0005412620375864208, 0.0005211691022850573, 0.0005024549318477511, 0.00047464112867601216, 0.00047909736167639494, 0.0005880122189410031, 0.0005802453961223364, 0.0005731569253839552, 0.0005591367953456938, 0.0005434573977254331, 0.0005205385969020426, 0.0005693922284990549, 0.0005526648601517081, 0.0005510783521458507, 0.000560968357603997, 0.0006092144176363945, 0.0005881941760890186, 0.0005865119164809585, 0.0005847836146131158, 0.0005559823475778103, 0.0005662469775415957, 0.0005995453102514148, 0.0005918145761825144, 0.000569189724046737, 0.0005871233879588544, 0.0005361398216336966, 0.0005577239207923412, 0.0006403613951988518, 0.000606495188549161, 0.0006337316590361297, 0.0006276849308051169, 0.000623813655693084, 0.0006038595456629992, 0.000606456131208688, 0.000595301273278892, 0.000626579683739692, 0.000599072955083102, 0.0006512425607070327, 0.0006279812077991664, 0.0006254464969970286, 0.000608505099080503]}