{"loss": [0.02145489491522312, 0.024382663890719414, 0.03504624590277672, 0.03570238873362541, 0.03486844152212143, 0.03454044461250305, 0.02725478820502758, 0.02666080929338932, 0.03126972168684006, 0.030483774840831757, 0.03515017405152321, 0.032522693276405334, 0.034010931849479675, 0.032227933406829834, 0.024496955797076225, 0.024297168478369713, 0.02552066743373871, 0.02495434693992138, 0.024379193782806396, 0.024885913357138634, 0.023612570017576218, 0.02343031018972397, 0.02417648583650589, 0.023858480155467987, 0.023188689723610878, 0.0240679532289505, 0.02251640148460865, 0.02243715710937977, 0.021695805713534355, 0.022473294287919998, 0.021768780425190926, 0.02156059443950653, 0.02213194966316223, 0.021198701113462448, 0.024617241695523262, 0.024292029440402985, 0.023675957694649696, 0.02221514657139778, 0.019473746418952942, 0.01951649785041809, 0.02223411574959755, 0.022045642137527466, 0.02037130668759346, 0.019796350970864296, 0.02124815247952938, 0.020405985414981842, 0.021204199641942978, 0.02044069394469261, 0.017433978617191315, 0.017431994900107384, 0.021822461858391762, 0.020650530233979225, 0.019411422312259674, 0.018931038677692413, 0.01866942271590233, 0.018726004287600517, 0.019003892317414284, 0.01854303479194641, 0.019687192514538765, 0.02039896883070469], "position_loss": [0.00892262440174818, 0.01035731378942728, 0.015724511817097664, 0.016095377504825592, 0.015229090116918087, 0.015181533060967922, 0.011870414949953556, 0.011618654243648052, 0.014101642183959484, 0.01373253483325243, 0.01594971865415573, 0.014734137803316116, 0.015429944731295109, 0.014579915441572666, 0.010664943605661392, 0.010581759735941887, 0.011097402311861515, 0.010866658762097359, 0.010611120611429214, 0.0108625628054142, 0.010252236388623714, 0.010188668966293335, 0.010632841847836971, 0.010482563637197018, 0.010206031613051891, 0.010583948343992233, 0.009666494093835354, 0.009666777215898037, 0.009216364473104477, 0.009634395129978657, 0.009234973229467869, 0.009171436540782452, 0.009513145312666893, 0.009107504971325397, 0.010793600231409073, 0.010625511407852173, 0.010265184566378593, 0.009609432891011238, 0.00814854633063078, 0.00818568840622902, 0.009425004944205284, 0.009365647099912167, 0.008491972461342812, 0.008249588310718536, 0.009004877880215645, 0.00865997839719057, 0.009037518873810768, 0.008708279579877853, 0.0071923076175153255, 0.007224065717309713, 0.00913705863058567, 0.008675387129187584, 0.008002007380127907, 0.007829229347407818, 0.007717764936387539, 0.007782697677612305, 0.007881485857069492, 0.007701385300606489, 0.008219628594815731, 0.008573357947170734], "gru_regularizer_loss": [0.15028627216815948, 0.1542089581489563, 0.1576705425977707, 0.15659219026565552, 0.16886986792087555, 0.16378428041934967, 0.15295077860355377, 0.14895065128803253, 0.14121122658252716, 0.1385861039161682, 0.1485312134027481, 0.1398368924856186, 0.14389652013778687, 0.1405518651008606, 0.14357414841651917, 0.1423569619655609, 0.14874505996704102, 0.1446259617805481, 0.14103831350803375, 0.14192965626716614, 0.14227506518363953, 0.14055413007736206, 0.13755029439926147, 0.13671423494815826, 0.13103479146957397, 0.13741613924503326, 0.1452016532421112, 0.14288312196731567, 0.1444970667362213, 0.14406974613666534, 0.1460002362728119, 0.1438165009021759, 0.1439126431941986, 0.1381736397743225, 0.13830584287643433, 0.13810241222381592, 0.14313289523124695, 0.13706788420677185, 0.14162006974220276, 0.1405199021100998, 0.14555856585502625, 0.14372886717319489, 0.14727529883384705, 0.14353536069393158, 0.14484794437885284, 0.1385713666677475, 0.14153845608234406, 0.1376291811466217, 0.13920742273330688, 0.13750581443309784, 0.153948575258255, 0.14432381093502045, 0.14945727586746216, 0.14470072090625763, 0.14258387684822083, 0.14054863154888153, 0.14468124508857727, 0.1406325399875641, 0.1399735063314438, 0.14242717623710632], "l2_xdx_activation_loss": [0.0007018594769760966, 0.000708247534930706, 0.0006731032044626772, 0.0006481674499809742, 0.0009067855426110327, 0.000846110051497817, 0.0006610816926695406, 0.0006442635203711689, 0.0005510391783900559, 0.000543879228644073, 0.0005880732205696404, 0.0005516148521564901, 0.000570290198083967, 0.0005537928082048893, 0.000576706719584763, 0.0005696234875358641, 0.0006124017527326941, 0.00059118791250512, 0.0005817873170599341, 0.0005800941144116223, 0.000561380002181977, 0.0005487420130521059, 0.0005113643128424883, 0.000508334836922586, 0.0004883570363745093, 0.0005082293064333498, 0.0005767300608567894, 0.0005578551208600402, 0.0006056331330910325, 0.0005875332863070071, 0.0006125410436652601, 0.0005927825695835054, 0.0005551078356802464, 0.0005335821770131588, 0.0005485913134180009, 0.0005529251648113132, 0.0005710168625228107, 0.0005414641927927732, 0.0005864149425178766, 0.000579571002162993, 0.0006424369639717042, 0.0006252833409234881, 0.0006377999088726938, 0.0006202040240168571, 0.0005962362047284842, 0.0005663682240992785, 0.0005708551034331322, 0.0005488777533173561, 0.0005520267295651138, 0.0005358647904358804, 0.0006692163296975195, 0.0006184357334859669, 0.0006372079951688647, 0.000608120346441865, 0.0006022810703143477, 0.0005846370477229357, 0.0005976327229291201, 0.0005775760510005057, 0.0006156633025966585, 0.0006089234375394881]}