{"loss": [0.023999078199267387, 0.026610583066940308, 0.04996955394744873, 0.04865478724241257, 0.024276766926050186, 0.025576861575245857, 0.04139032959938049, 0.040653422474861145, 0.032074686139822006, 0.03130192682147026, 0.026592956855893135, 0.025861386209726334, 0.02739820070564747, 0.02755136601626873, 0.028333580121397972, 0.028504811227321625, 0.02552986890077591, 0.024800550192594528, 0.024250183254480362, 0.02369079552590847, 0.022562062367796898, 0.023163480684161186, 0.023993471637368202, 0.02416950650513172, 0.023884251713752747, 0.023653315380215645, 0.022130519151687622, 0.02195649966597557, 0.02104187197983265, 0.021894507110118866, 0.021853668615221977, 0.021616965532302856, 0.024294959381222725, 0.023530147969722748, 0.019004859030246735, 0.019433338195085526, 0.024010121822357178, 0.024133406579494476, 0.019704129546880722, 0.01982477307319641, 0.023724200204014778, 0.02323121950030327, 0.020305830985307693, 0.019995547831058502, 0.021974140778183937, 0.021216563880443573, 0.01964898593723774, 0.019438914954662323, 0.02048826962709427, 0.020259004086256027, 0.018328990787267685, 0.01849156618118286, 0.020205993205308914, 0.01914900541305542, 0.01869216188788414, 0.018954535946249962, 0.01884862408041954, 0.018705207854509354, 0.01785496436059475, 0.01822982355952263], "position_loss": [0.009995105676352978, 0.011353729292750359, 0.02333085611462593, 0.022624554112553596, 0.010329663753509521, 0.011050477623939514, 0.018483230844140053, 0.01823665201663971, 0.013742937706410885, 0.013498307205736637, 0.011462495662271976, 0.01116814836859703, 0.012112264521420002, 0.012146588414907455, 0.012593521736562252, 0.012602861039340496, 0.01102452538907528, 0.010736108757555485, 0.010364089161157608, 0.01014647912234068, 0.009535330347716808, 0.009837213903665543, 0.010389205999672413, 0.010421443730592728, 0.010301806963980198, 0.01015485916286707, 0.009356907568871975, 0.009319376200437546, 0.008897009305655956, 0.009282045997679234, 0.009324362501502037, 0.009209970012307167, 0.01054377295076847, 0.010207018814980984, 0.007840806618332863, 0.008083836175501347, 0.010382533073425293, 0.010438274592161179, 0.008150612004101276, 0.008236318826675415, 0.01026681438088417, 0.010040358640253544, 0.00835510715842247, 0.008267819881439209, 0.009217401966452599, 0.008913655765354633, 0.008103324100375175, 0.00801320094615221, 0.00848237331956625, 0.008396229706704617, 0.007441644091159105, 0.007560065947473049, 0.008271647617220879, 0.00785056222230196, 0.007685518357902765, 0.007799438200891018, 0.007780948653817177, 0.0077286758460104465, 0.007236258592456579, 0.007422051392495632], "gru_regularizer_loss": [0.17812806367874146, 0.1731606125831604, 0.16091254353523254, 0.1635792851448059, 0.17169377207756042, 0.16616280376911163, 0.1874273121356964, 0.1799372434616089, 0.19292284548282623, 0.18458548188209534, 0.17620059847831726, 0.17030492424964905, 0.15833868086338043, 0.1608116626739502, 0.1539662480354309, 0.15982520580291748, 0.16732686758041382, 0.1598593294620514, 0.16662847995758057, 0.16180850565433502, 0.1646406352519989, 0.1657118797302246, 0.1568884253501892, 0.1618233025074005, 0.15772998332977295, 0.16003675758838654, 0.16280804574489594, 0.1584433913230896, 0.15351231396198273, 0.15809056162834167, 0.15822328627109528, 0.15717823803424835, 0.15942609310150146, 0.15508584678173065, 0.16030055284500122, 0.1582532525062561, 0.1560254991054535, 0.1573086977005005, 0.16041281819343567, 0.15862765908241272, 0.15600180625915527, 0.1544896513223648, 0.1665506362915039, 0.16126243770122528, 0.1653047502040863, 0.15986259281635284, 0.16237467527389526, 0.16083770990371704, 0.16205152869224548, 0.16019898653030396, 0.16194280982017517, 0.1596013754606247, 0.17008358240127563, 0.1614772528409958, 0.15710586309432983, 0.15855644643306732, 0.15829548239707947, 0.1565713882446289, 0.15941399335861206, 0.16030064225196838], "l2_xdx_activation_loss": [0.0007421746267937124, 0.0007234851946122944, 0.0005658855079673231, 0.0005896095535717905, 0.0006331465556286275, 0.0006044048932380974, 0.0008495108340866864, 0.0007932283915579319, 0.0008861727546900511, 0.0008194640395231545, 0.0006349651957862079, 0.0006069920491427183, 0.0005297406460158527, 0.0005496705416589975, 0.0005352700245566666, 0.0005665914504788816, 0.0006021620938554406, 0.0005762255750596523, 0.0006182185024954379, 0.0005928957252763212, 0.0006146436207927763, 0.0006102904444560409, 0.0005483708227984607, 0.0005691079422831535, 0.0005674252170138061, 0.0005807222332805395, 0.000595852907281369, 0.000577416445594281, 0.0005705550429411232, 0.000582815264351666, 0.0005405482370406389, 0.0005413928302004933, 0.0005373625317588449, 0.0005213951226323843, 0.0005730586126446724, 0.0005606897175312042, 0.0005612445529550314, 0.0005609008367173374, 0.0005992369842715561, 0.0005882644327357411, 0.0005431626341305673, 0.0005348470876924694, 0.0006430140929296613, 0.0006154055008664727, 0.000628407287877053, 0.0005965190357528627, 0.0006058416911400855, 0.0006010230863466859, 0.0006339795654639602, 0.0006211616564542055, 0.0006084024207666516, 0.0005914507783018053, 0.0006535981083288789, 0.0006106803775765002, 0.0005829990841448307, 0.0005896752700209618, 0.0005675680586136878, 0.0005603579920716584, 0.0005957463290542364, 0.0005938822869211435]}