{"loss": [0.021305084228515625, 0.02506142482161522, 0.034927114844322205, 0.035421423614025116, 0.029433205723762512, 0.029485145583748817, 0.02872629649937153, 0.028606614097952843, 0.028218088671565056, 0.02969660982489586, 0.026389868929982185, 0.02565056085586548, 0.023279061540961266, 0.02401069924235344, 0.02484920807182789, 0.024158040061593056, 0.021590474992990494, 0.02106156200170517, 0.021715257316827774, 0.022461863234639168, 0.0219716913998127, 0.021657943725585938, 0.02263541892170906, 0.02230549231171608, 0.01903938129544258, 0.020333826541900635, 0.02141237072646618, 0.02165827713906765, 0.016864797100424767, 0.018342643976211548, 0.024207958951592445, 0.023937806487083435, 0.021767176687717438, 0.022109976038336754, 0.01951335370540619, 0.02103145234286785, 0.020806418731808662, 0.02078203856945038, 0.02303054742515087, 0.022614512592554092, 0.019315551966428757, 0.01883365400135517, 0.021502016112208366, 0.02045498788356781, 0.020337514579296112, 0.020047230646014214, 0.01874016784131527, 0.01908903196454048, 0.020541973412036896, 0.02020706795156002, 0.019762206822633743, 0.018822142854332924, 0.02145080454647541, 0.020566286519169807, 0.01956641860306263, 0.018992075696587563, 0.019496235996484756, 0.01911459118127823, 0.017527418211102486, 0.01860102452337742], "position_loss": [0.00884267222136259, 0.010750758461654186, 0.01584356278181076, 0.01600114069879055, 0.012943263165652752, 0.013038674369454384, 0.012592778541147709, 0.012562806718051434, 0.012459819205105305, 0.01317997369915247, 0.011557841673493385, 0.011229753494262695, 0.010052366182208061, 0.010403336957097054, 0.01076267845928669, 0.010462836362421513, 0.009179539978504181, 0.008961891755461693, 0.009305523708462715, 0.009672416374087334, 0.00932779349386692, 0.009196709841489792, 0.009719445370137691, 0.009564810432493687, 0.008078775368630886, 0.00863700732588768, 0.009161751717329025, 0.009274587035179138, 0.007001461926847696, 0.007662562653422356, 0.010499986819922924, 0.0103927506133914, 0.009294579736888409, 0.009466073475778103, 0.008228377439081669, 0.008911777287721634, 0.00876376312226057, 0.008770562708377838, 0.009796973317861557, 0.009624677710235119, 0.007921618409454823, 0.007739225868135691, 0.008974051102995872, 0.00854513794183731, 0.008361593820154667, 0.00826579611748457, 0.007694697473198175, 0.007844875566661358, 0.008599459193646908, 0.008444572798907757, 0.007988547906279564, 0.007616663351655006, 0.00886736623942852, 0.008496548980474472, 0.008020821958780289, 0.007781721651554108, 0.008061767555773258, 0.007892887108027935, 0.0070859696716070175, 0.007598651107400656], "gru_regularizer_loss": [0.15090122818946838, 0.15082253515720367, 0.14070731401443481, 0.14403682947158813, 0.150790274143219, 0.14655984938144684, 0.14926329255104065, 0.14959394931793213, 0.14550799131393433, 0.14859016239643097, 0.14923033118247986, 0.14494583010673523, 0.14147022366523743, 0.1426416039466858, 0.14800691604614258, 0.14389067888259888, 0.14614908397197723, 0.14229220151901245, 0.14026112854480743, 0.14123356342315674, 0.14610004425048828, 0.14447319507598877, 0.14342400431632996, 0.14226923882961273, 0.13182353973388672, 0.13903313875198364, 0.13890062272548676, 0.14031189680099487, 0.13141362369060516, 0.1382240653038025, 0.14362876117229462, 0.14190328121185303, 0.14146944880485535, 0.142175555229187, 0.1347607970237732, 0.14128060638904572, 0.14334693551063538, 0.14193417131900787, 0.14604833722114563, 0.14417891204357147, 0.14847218990325928, 0.1442221701145172, 0.1507149636745453, 0.14368680119514465, 0.14920522272586823, 0.14687520265579224, 0.14233805239200592, 0.14395329356193542, 0.14303267002105713, 0.1421024203300476, 0.15493272244930267, 0.14758579432964325, 0.152913436293602, 0.14818809926509857, 0.14852553606033325, 0.14460256695747375, 0.14453168213367462, 0.14321951568126678, 0.14244289696216583, 0.14561837911605835], "l2_xdx_activation_loss": [0.0007032147259451449, 0.0006835333770141006, 0.0006106107612140477, 0.0006592303980141878, 0.000679231365211308, 0.0006470393273048103, 0.0006823409930802882, 0.0006613265722990036, 0.0006140955374576151, 0.0006165592931210995, 0.0005935996887274086, 0.0005801709485240281, 0.0005861811805516481, 0.000592175405472517, 0.0006142326164990664, 0.0005974589730612934, 0.0005896063521504402, 0.0005712571437470615, 0.0005668383091688156, 0.0005678700399585068, 0.0006180063937790692, 0.0006062363972887397, 0.0005870675086043775, 0.0005840312805958092, 0.0005208363872952759, 0.0005561319412663579, 0.0005662581534124911, 0.0005682986811734736, 0.0005155506078153849, 0.0005447310977615416, 0.0005902039119973779, 0.0005773956072516739, 0.0005874127382412553, 0.0005849958979524672, 0.000569301366340369, 0.0005980022833682597, 0.0006147793028503656, 0.000606828834861517, 0.0006583431386388838, 0.0006407602340914309, 0.0006621681968681514, 0.0006372968200594187, 0.0006818918627686799, 0.0006422518636099994, 0.0007070624269545078, 0.0006819328409619629, 0.0006421013968065381, 0.0006528867525048554, 0.0006372134666889906, 0.0006319362437352538, 0.0007448987453244627, 0.0007039571646600962, 0.000728616607375443, 0.0006967394147068262, 0.0006794770015403628, 0.0006605066009797156, 0.000642098078969866, 0.0006318447412922978, 0.0006433202070184052, 0.0006488165236078203]}