{"loss": [0.025749962776899338, 0.026516806334257126, 0.05295742675662041, 0.05165446922183037, 0.023487895727157593, 0.024079415947198868, 0.04120982065796852, 0.041060540825128555, 0.03694166615605354, 0.03686511144042015, 0.028699278831481934, 0.028612591326236725, 0.029660165309906006, 0.029685761779546738, 0.026092516258358955, 0.02452736347913742, 0.02356969192624092, 0.02360985428094864, 0.029495561495423317, 0.028387149795889854, 0.023105325177311897, 0.023301124572753906, 0.02073678933084011, 0.020382944494485855, 0.02016107738018036, 0.02055233158171177, 0.023081030696630478, 0.02174568362534046, 0.020689481869339943, 0.020178910344839096, 0.018461382016539574, 0.0195754487067461, 0.020257553085684776, 0.020213831216096878, 0.020152967423200607, 0.02004631608724594, 0.02100505493581295, 0.020470699295401573, 0.01895313151180744, 0.018359076231718063, 0.018304482102394104, 0.018582452088594437, 0.01818198338150978, 0.01856316812336445, 0.018191523849964142, 0.018186884000897408, 0.018012456595897675, 0.018403062596917152, 0.019530445337295532, 0.01854138821363449, 0.021046604961156845, 0.0202162005007267, 0.019936969503760338, 0.018867360427975655, 0.019764982163906097, 0.019145701080560684, 0.0184641033411026, 0.017853617668151855, 0.01856907084584236, 0.018387148156762123], "position_loss": [0.010821516625583172, 0.011337959207594395, 0.023832125589251518, 0.02331467904150486, 0.009787018410861492, 0.010144664905965328, 0.01903783343732357, 0.018942803144454956, 0.016933642327785492, 0.016839075833559036, 0.012798397801816463, 0.012744277715682983, 0.012966888025403023, 0.013034028001129627, 0.011171710677444935, 0.01049283891916275, 0.009955448098480701, 0.010032434947788715, 0.01286444440484047, 0.01241491548717022, 0.00975186936557293, 0.009874897077679634, 0.008513573557138443, 0.008414100855588913, 0.008281252346932888, 0.008494634181261063, 0.009784437716007233, 0.009212966077029705, 0.008710548281669617, 0.008495651185512543, 0.007617711555212736, 0.008164474740624428, 0.008368140086531639, 0.00838310644030571, 0.008421999402344227, 0.008395831100642681, 0.00882552471011877, 0.008610979653894901, 0.007791695650666952, 0.007564059458673, 0.0074920859187841415, 0.007642872631549835, 0.007453106809407473, 0.007641589269042015, 0.007373922970145941, 0.007413068786263466, 0.007414320483803749, 0.007584874052554369, 0.007986770011484623, 0.007586995139718056, 0.008639251813292503, 0.008308444172143936, 0.008234395645558834, 0.007798696402460337, 0.008162817917764187, 0.00791899859905243, 0.007512870244681835, 0.007276942487806082, 0.00754973292350769, 0.0075012329034507275], "gru_regularizer_loss": [0.17637169361114502, 0.1670827716588974, 0.18604296445846558, 0.1824209988117218, 0.17040960490703583, 0.16485770046710968, 0.15216398239135742, 0.15197397768497467, 0.14909304678440094, 0.1516309529542923, 0.14732326567173004, 0.14849328994750977, 0.16328805685043335, 0.16008447110652924, 0.1663465052843094, 0.1582695096731186, 0.16421744227409363, 0.1612033247947693, 0.17053952813148499, 0.16218937933444977, 0.1620863676071167, 0.16135519742965698, 0.16615049540996552, 0.16026200354099274, 0.16046836972236633, 0.16028879582881927, 0.1626480668783188, 0.1549648493528366, 0.15392327308654785, 0.15179117023944855, 0.15194673836231232, 0.15432482957839966, 0.16120627522468567, 0.15822523832321167, 0.15569910407066345, 0.15335188806056976, 0.15742254257202148, 0.1528228521347046, 0.15904353559017181, 0.15384501218795776, 0.15514832735061646, 0.15507261455059052, 0.15189464390277863, 0.1526545286178589, 0.15704353153705597, 0.1546829342842102, 0.14932143688201904, 0.15062744915485382, 0.16249950230121613, 0.15465551614761353, 0.1663365662097931, 0.1603444367647171, 0.1618865579366684, 0.15415722131729126, 0.158380389213562, 0.1532478928565979, 0.15861506760120392, 0.15340806543827057, 0.15850277245044708, 0.15575425326824188], "l2_xdx_activation_loss": [0.0007807486108504236, 0.0007230312912724912, 0.0011439259396865964, 0.001066642813384533, 0.0007362654432654381, 0.0007135139312595129, 0.000537181505933404, 0.0005514081567525864, 0.0005274933646433055, 0.0005565612227655947, 0.000542761292308569, 0.0005460457177832723, 0.0006975143332965672, 0.0006719644297845662, 0.0006948873051442206, 0.0006526737124659121, 0.0006718836957588792, 0.0006439941353164613, 0.0006867694901302457, 0.0006448182975873351, 0.0006599179469048977, 0.0006456032278947532, 0.0006823894218541682, 0.0006503843469545245, 0.0006643071537837386, 0.00065306929172948, 0.0006282351678237319, 0.0005897113587707281, 0.0005760614294558764, 0.0005562430014833808, 0.000568507588468492, 0.0005674277199432254, 0.000636080396361649, 0.0006214649183675647, 0.0005836698110215366, 0.0005733884172514081, 0.0005929372273385525, 0.0005731811979785562, 0.0005927784950472414, 0.0005638460861518979, 0.0005892853369005024, 0.0005816697375848889, 0.0005852850154042244, 0.0005841584061272442, 0.0006240913062356412, 0.000604316359385848, 0.0005632102256640792, 0.0005753570003435016, 0.0006436464609578252, 0.0006066234782338142, 0.0007012547575868666, 0.0006649654824286699, 0.0006161137134768069, 0.0005758076440542936, 0.0006181905628181994, 0.0005914184730499983, 0.0006170805427245796, 0.0005882272962480783, 0.0006278693908825517, 0.000608723727054894]}