{"loss": [0.022496450692415237, 0.025491101667284966, 0.04929210618138313, 0.04657529294490814, 0.02732875384390354, 0.028660466894507408, 0.032517507672309875, 0.03123445063829422, 0.03369349613785744, 0.033627789467573166, 0.031128713861107826, 0.03045719489455223, 0.023488609120249748, 0.024754080921411514, 0.03230549395084381, 0.031683482229709625, 0.02383236028254032, 0.024016931653022766, 0.023376192897558212, 0.024133043363690376, 0.028448838740587234, 0.02785205841064453, 0.023349175229668617, 0.02278514951467514, 0.02033497579395771, 0.0212427768856287, 0.023910317569971085, 0.023581605404615402, 0.022792277857661247, 0.022398686036467552, 0.01931658945977688, 0.020645534619688988, 0.02130332589149475, 0.020741501823067665, 0.023582758381962776, 0.02285849303007126, 0.01992831379175186, 0.019047636538743973, 0.02031221054494381, 0.021494325250387192, 0.019974466413259506, 0.020274657756090164, 0.020740186795592308, 0.02109626680612564, 0.021499209105968475, 0.022459903731942177, 0.021773651242256165, 0.020152561366558075, 0.02083566226065159, 0.021770721301436424, 0.020170053467154503, 0.019785776734352112, 0.021159114316105843, 0.02141455188393593, 0.019341105595231056, 0.019814472645521164, 0.018653256818652153, 0.01950775645673275, 0.020052995532751083, 0.019531451165676117], "position_loss": [0.009358350187540054, 0.010917948558926582, 0.022603271529078484, 0.021361611783504486, 0.011686342768371105, 0.012379970401525497, 0.01432626973837614, 0.013840008527040482, 0.015169676393270493, 0.015165616758167744, 0.013838513754308224, 0.01353323832154274, 0.009934963658452034, 0.010548841208219528, 0.014352641068398952, 0.014096198603510857, 0.010233708657324314, 0.010324046015739441, 0.010099563747644424, 0.01045954879373312, 0.012665909714996815, 0.012373464182019234, 0.010052809491753578, 0.009810851886868477, 0.00855280552059412, 0.008985744789242744, 0.010217173025012016, 0.010114947333931923, 0.00979334581643343, 0.009617176838219166, 0.008138845674693584, 0.008746526204049587, 0.00898909941315651, 0.008763176389038563, 0.010095582343637943, 0.009793304838240147, 0.008125810883939266, 0.00778408907353878, 0.008449193090200424, 0.009002219885587692, 0.00821712240576744, 0.008399862796068192, 0.008660000748932362, 0.008845723234117031, 0.009059708565473557, 0.00951132457703352, 0.008980758488178253, 0.008300148881971836, 0.008778640069067478, 0.009214126504957676, 0.008311409503221512, 0.008176206611096859, 0.008913696743547916, 0.009048177860677242, 0.008058453910052776, 0.008279203437268734, 0.007681158371269703, 0.00808217003941536, 0.008264513686299324, 0.00806734524667263], "gru_regularizer_loss": [0.1641690880060196, 0.16113953292369843, 0.1720990389585495, 0.16395622491836548, 0.16738784313201904, 0.16701790690422058, 0.17214977741241455, 0.15900558233261108, 0.15236517786979675, 0.1506665050983429, 0.1549569070339203, 0.1531132310628891, 0.1563626229763031, 0.15952175855636597, 0.16083800792694092, 0.15654927492141724, 0.15227434039115906, 0.15318280458450317, 0.14720508456230164, 0.14869318902492523, 0.14661148190498352, 0.14591854810714722, 0.15253141522407532, 0.14876164495944977, 0.14899717271327972, 0.15218126773834229, 0.1580839455127716, 0.1534062922000885, 0.15138082206249237, 0.1498706042766571, 0.1424865424633026, 0.1486230045557022, 0.1539744734764099, 0.1496233493089676, 0.15478578209877014, 0.15035668015480042, 0.1628514975309372, 0.15530258417129517, 0.1494920253753662, 0.15473715960979462, 0.1553926020860672, 0.15340964496135712, 0.15235409140586853, 0.15297405421733856, 0.14952394366264343, 0.15288016200065613, 0.16601897776126862, 0.15578068792819977, 0.14766210317611694, 0.15138466656208038, 0.1571369171142578, 0.1526339054107666, 0.1490989625453949, 0.14976157248020172, 0.1476917266845703, 0.1490464210510254, 0.14911407232284546, 0.15237082540988922, 0.15628139674663544, 0.15172627568244934], "l2_xdx_activation_loss": [0.000712344772182405, 0.0006809281767345965, 0.0007878492469899356, 0.0007371613173745573, 0.0007603874546475708, 0.0007431064732372761, 0.0007141476962715387, 0.0006544501520693302, 0.0006098213489167392, 0.0005962866125628352, 0.0006336966180242598, 0.0006195199675858021, 0.0006846767500974238, 0.0006867187330499291, 0.0006636025500483811, 0.0006415224634110928, 0.0006137241143733263, 0.0006119951140135527, 0.0005679958849214017, 0.000575328478589654, 0.0005499592516571283, 0.0005483065033331513, 0.0005724042421206832, 0.0005582669982686639, 0.0005794551689177752, 0.0005828163702972233, 0.0006313679041340947, 0.0006055403500795364, 0.0005635832785628736, 0.0005548655171878636, 0.0005376679473556578, 0.0005550744826905429, 0.0005947848549112678, 0.000572629040107131, 0.0006142357015050948, 0.0005890955799259245, 0.0006823830772191286, 0.0006418013945221901, 0.000639291713014245, 0.0006471622036769986, 0.0006617553299292922, 0.0006466016639024019, 0.000631871575023979, 0.0006246838020160794, 0.0006278406362980604, 0.0006358081009238958, 0.0007169708842411637, 0.0006644747918471694, 0.0006002438603900373, 0.0006091973045840859, 0.0006582787027582526, 0.0006353314383886755, 0.000613233249168843, 0.0006065158522687852, 0.0005820828955620527, 0.0005881901597604156, 0.0005995892570354044, 0.0006062249885872006, 0.0006533745909109712, 0.0006261563394218683]}