{"loss": [0.02287786267697811, 0.023823192343115807, 0.03862331062555313, 0.03689514473080635, 0.02088487148284912, 0.02294330671429634, 0.02825821191072464, 0.02895837090909481, 0.026822030544281006, 0.027692487463355064, 0.024802733212709427, 0.024380004033446312, 0.021488383412361145, 0.021983355283737183, 0.02249928005039692, 0.021268144249916077, 0.023637011647224426, 0.023610727861523628, 0.020242206752300262, 0.02016264759004116, 0.021422874182462692, 0.02109711430966854, 0.01935337670147419, 0.01978571154177189, 0.020014608278870583, 0.0194622240960598, 0.02041824348270893, 0.01888045109808445, 0.01764274574816227, 0.01853848807513714, 0.019443463534116745, 0.01836877129971981, 0.020627200603485107, 0.019939301535487175, 0.016540957614779472, 0.017456213012337685, 0.019518110901117325, 0.01938743330538273, 0.017677076160907745, 0.017920436337590218, 0.01834714785218239, 0.018680844455957413, 0.0192293468862772, 0.019173966720700264, 0.018166866153478622, 0.017248433083295822, 0.017277464270591736, 0.017679300159215927, 0.017252391204237938, 0.017147235572338104, 0.017288867384195328, 0.01762969046831131, 0.01670488342642784, 0.01682967133820057, 0.018540238961577415, 0.017968950793147087, 0.0183248408138752, 0.01818522810935974, 0.018209170550107956, 0.017333364114165306], "position_loss": [0.009554159827530384, 0.010092407464981079, 0.01752161979675293, 0.016707012429833412, 0.008727489970624447, 0.009726550430059433, 0.012543494813144207, 0.012867064215242863, 0.01181802712380886, 0.01222223974764347, 0.010632634162902832, 0.010473489761352539, 0.009168047457933426, 0.009410901926457882, 0.009587395004928112, 0.009057233110070229, 0.010157743468880653, 0.010187814943492413, 0.008389626629650593, 0.008394194766879082, 0.008939740248024464, 0.008823016658425331, 0.008030842989683151, 0.00824025273323059, 0.00810839794576168, 0.007920934818685055, 0.00821680948138237, 0.007589851971715689, 0.007200234103947878, 0.007606703322380781, 0.00785988848656416, 0.007420942187309265, 0.008399547077715397, 0.008135290816426277, 0.006589796394109726, 0.007014897186309099, 0.008045738562941551, 0.008011819794774055, 0.007170502096414566, 0.0073018427938222885, 0.007555869873613119, 0.007710903882980347, 0.007855978794395924, 0.007853279821574688, 0.007354267872869968, 0.006980729755014181, 0.006988178472965956, 0.007179283536970615, 0.0068419091403484344, 0.006828697398304939, 0.006846095435321331, 0.007007895037531853, 0.006563473958522081, 0.0066498685628175735, 0.007328779902309179, 0.007123177871108055, 0.007369035389274359, 0.007328970357775688, 0.007254716008901596, 0.006912654265761375], "gru_regularizer_loss": [0.16055145859718323, 0.155766561627388, 0.1553230583667755, 0.15305738151073456, 0.15366321802139282, 0.15457364916801453, 0.1480439305305481, 0.15065772831439972, 0.14621105790138245, 0.15062600374221802, 0.1561768352985382, 0.15365999937057495, 0.1487339586019516, 0.1490945965051651, 0.15570716559886932, 0.14896133542060852, 0.15170709788799286, 0.14956383407115936, 0.15502408146858215, 0.1525774747133255, 0.1560179442167282, 0.1534043401479721, 0.14944979548454285, 0.14980244636535645, 0.16106224060058594, 0.15589384734630585, 0.16560828685760498, 0.15571878850460052, 0.14526015520095825, 0.14861318469047546, 0.1599387377500534, 0.15292209386825562, 0.16000962257385254, 0.15503817796707153, 0.14793744683265686, 0.15083028376102448, 0.1518908590078354, 0.1497889757156372, 0.14838533103466034, 0.14894050359725952, 0.14724108576774597, 0.14790906012058258, 0.15453284978866577, 0.15243591368198395, 0.15516945719718933, 0.14851179718971252, 0.1479707658290863, 0.14903144538402557, 0.15387843549251556, 0.15202133357524872, 0.15326112508773804, 0.15383730828762054, 0.15519385039806366, 0.1532336175441742, 0.16191045939922333, 0.15690146386623383, 0.15465819835662842, 0.1525258719921112, 0.15960387885570526, 0.15246278047561646], "l2_xdx_activation_loss": [0.0007209932082332671, 0.0006932207616046071, 0.0006752648623660207, 0.0006498341099359095, 0.0006307369330897927, 0.0006478066206909716, 0.0005632445099763572, 0.0005722053465433419, 0.0005742718349210918, 0.0005802328232675791, 0.000658215896692127, 0.0006317918887361884, 0.0005546339089050889, 0.0005565194878727198, 0.0005887901643291116, 0.0005543387960642576, 0.0006011350196786225, 0.0005794703029096127, 0.0006372213829308748, 0.0006158113246783614, 0.0006607211544178426, 0.0006386622553691268, 0.0005987142794765532, 0.0006020441651344299, 0.0007287135813385248, 0.0006867890479043126, 0.0007758300052955747, 0.0007141699898056686, 0.0005962085560895503, 0.0006126331863924861, 0.0007077496265992522, 0.0006655381293967366, 0.0007423200877383351, 0.0007057630573399365, 0.0006269795121625066, 0.0006390218040905893, 0.000635558448266238, 0.0006216180045157671, 0.0006170558044686913, 0.0006087648216634989, 0.0005873151822015643, 0.0005929648759774864, 0.0006570026744157076, 0.0006473318790085614, 0.0006351940101012588, 0.0006002679001539946, 0.0006067826179787517, 0.0006097889272496104, 0.0006762451957911253, 0.0006561922491528094, 0.0006876707193441689, 0.0006914917030371726, 0.0006749813910573721, 0.0006655149627476931, 0.0007541740196757019, 0.0007175093051046133, 0.000679711636621505, 0.0006669920985586941, 0.0007008821703493595, 0.0006607913528569043]}