{"loss": [0.02191317453980446, 0.02321813441812992, 0.03155394271016121, 0.030979957431554794, 0.020832885056734085, 0.02144557610154152, 0.025965463370084763, 0.024952396750450134, 0.02249845862388611, 0.022447222843766212, 0.021732881665229797, 0.021168973296880722, 0.016126930713653564, 0.017181936651468277, 0.01882157474756241, 0.01867683418095112, 0.019278576597571373, 0.018962064757943153, 0.017496613785624504, 0.01759050041437149, 0.018912246450781822, 0.018284069374203682, 0.016898581758141518, 0.01640516147017479, 0.017412832006812096, 0.017245516180992126, 0.017414147034287453, 0.01659022644162178, 0.016876934096217155, 0.01754594035446644, 0.016400231048464775, 0.01744139939546585, 0.017594050616025925, 0.01740018092095852, 0.01603134535253048, 0.01628897897899151, 0.01822134666144848, 0.01812870055437088, 0.016763273626565933, 0.01593596115708351, 0.01720476523041725, 0.017568416893482208, 0.01725519262254238, 0.017694110050797462, 0.01777830347418785, 0.017415113747119904, 0.01941327191889286, 0.019317055121064186, 0.017869554460048676, 0.01795102469623089, 0.01740606501698494, 0.018582968041300774, 0.0172349214553833, 0.017766766250133514, 0.018528953194618225, 0.019101202487945557, 0.020057525485754013, 0.018998468294739723, 0.01607525534927845, 0.016013165935873985, 0.019141048192977905, 0.018259312957525253, 0.015599923208355904, 0.016432764008641243, 0.01964663341641426, 0.01960393786430359, 0.01655910722911358, 0.017178229987621307, 0.017213892191648483, 0.01819545216858387, 0.01871863380074501, 0.017955344170331955, 0.015614884905517101, 0.0165094044059515, 0.017289090901613235, 0.017322126775979996, 0.018230602145195007, 0.017766093835234642, 0.01714973896741867, 0.01757783256471157, 0.016329238191246986, 0.016323979943990707, 0.017125772312283516, 0.016889523714780807, 0.016370104625821114, 0.017670325934886932, 0.019201159477233887, 0.019088827073574066, 0.016265589743852615, 0.016515448689460754, 0.0161282941699028, 0.016461767256259918, 0.016995467245578766, 0.01668594591319561, 0.018379341810941696, 0.017259670421481133, 0.015171509236097336, 0.015526356175541878, 0.017028603702783585, 0.017707327380776405], "position_loss": [0.009454939514398575, 0.01012485008686781, 0.014247069135308266, 0.013947591185569763, 0.008978774771094322, 0.009278444573283195, 0.011535834521055222, 0.011080293916165829, 0.009872705675661564, 0.009847634471952915, 0.009431099519133568, 0.009189773350954056, 0.006738067138940096, 0.0072263977490365505, 0.008061375468969345, 0.008009150624275208, 0.008288813754916191, 0.008163200691342354, 0.007378173526376486, 0.007457423489540815, 0.008012818172574043, 0.00775760505348444, 0.007084630895406008, 0.006887457799166441, 0.007364748511463404, 0.007300824858248234, 0.007294501177966595, 0.006957538425922394, 0.007156366482377052, 0.0074500516057014465, 0.006937052123248577, 0.007400474511086941, 0.00742572546005249, 0.007344638463109732, 0.006664708722382784, 0.006796017289161682, 0.007721281144768, 0.0076917922124266624, 0.006904836744070053, 0.006574323400855064, 0.0071658361703157425, 0.0073472135700285435, 0.007257475983351469, 0.007468972820788622, 0.007507349830120802, 0.007341218646615744, 0.008263790979981422, 0.008247551508247852, 0.0075574107468128204, 0.007601815741509199, 0.007382111623883247, 0.007911916822195053, 0.007306705694645643, 0.007523361127823591, 0.007849480025470257, 0.008127539418637753, 0.008421160280704498, 0.007975613698363304, 0.0066106379963457584, 0.006596867460757494, 0.008055414073169231, 0.007688100915402174, 0.006442465353757143, 0.006809106096625328, 0.008386146277189255, 0.008377674967050552, 0.006975987926125526, 0.007237144745886326, 0.007241071667522192, 0.007692545652389526, 0.007875562645494938, 0.007551575545221567, 0.006464306265115738, 0.006852780934423208, 0.007165111135691404, 0.007195826154202223, 0.007658612914383411, 0.007468265015631914, 0.0072038257494568825, 0.007395152468234301, 0.00664482219144702, 0.0066798035986721516, 0.0070741246454417706, 0.006978372577577829, 0.0068945493549108505, 0.007452902849763632, 0.008166100829839706, 0.008118990808725357, 0.006677145138382912, 0.006808956153690815, 0.006648967042565346, 0.006783187855035067, 0.007062332704663277, 0.006929395720362663, 0.007651699706912041, 0.007189533673226833, 0.006162930745631456, 0.00632896926254034, 0.007147324737161398, 0.007421322166919708], "gru_regularizer_loss": [0.10947930812835693, 0.10825011134147644, 0.10964686423540115, 0.10890839993953705, 0.1068117618560791, 0.10768718272447586, 0.10998541861772537, 0.10619524121284485, 0.10427964478731155, 0.10509327054023743, 0.10965573787689209, 0.10594172030687332, 0.10193604230880737, 0.10482067614793777, 0.10558784008026123, 0.10419539362192154, 0.10661724209785461, 0.10300720483064651, 0.10541325807571411, 0.10362207144498825, 0.10999538004398346, 0.10582775622606277, 0.10652358084917068, 0.10291998833417892, 0.10336298495531082, 0.1019822359085083, 0.10754638910293579, 0.10174786299467087, 0.09772494435310364, 0.10086636245250702, 0.09778062254190445, 0.10114606469869614, 0.10487064719200134, 0.10337087512016296, 0.10187593102455139, 0.10262932628393173, 0.10500118881464005, 0.10358501970767975, 0.11045361310243607, 0.10441318899393082, 0.10421083122491837, 0.10462489724159241, 0.10123895853757858, 0.10215338319540024, 0.10480129718780518, 0.10324741899967194, 0.1057468056678772, 0.10407817363739014, 0.10184940695762634, 0.10249962657690048, 0.09884409606456757, 0.10217087715864182, 0.09845207631587982, 0.10173413157463074, 0.10320843756198883, 0.10381484776735306, 0.11237477511167526, 0.10617399215698242, 0.10447844862937927, 0.10321775078773499, 0.10955989360809326, 0.10367795825004578, 0.09839775413274765, 0.10165239125490189, 0.10385891050100327, 0.10259655117988586, 0.09810104221105576, 0.10137191414833069, 0.10037882626056671, 0.10320936143398285, 0.10842154175043106, 0.10443530976772308, 0.09714718163013458, 0.1005769744515419, 0.10474085062742233, 0.1032576784491539, 0.10631468892097473, 0.10273575782775879, 0.10091596841812134, 0.10183524340391159, 0.10783407092094421, 0.10587211698293686, 0.10684987902641296, 0.10513006150722504, 0.09590529650449753, 0.10162690281867981, 0.10530310869216919, 0.10372484475374222, 0.10548840463161469, 0.10572493821382523, 0.10388391464948654, 0.10461939126253128, 0.10360480844974518, 0.10217899829149246, 0.1091066300868988, 0.10313989222049713, 0.10380279272794724, 0.10429544001817703, 0.1004025787115097, 0.10337695479393005],