{"loss": [0.021418068557977676, 0.024264466017484665, 0.04041174426674843, 0.03937412425875664, 0.026461023837327957, 0.026435568928718567, 0.03123505599796772, 0.03153494745492935, 0.022260552272200584, 0.021926380693912506, 0.023699436336755753, 0.024106502532958984, 0.023577187210321426, 0.022820500656962395, 0.022036442533135414, 0.021459568291902542, 0.020299045369029045, 0.021030059084296227, 0.021722309291362762, 0.02086620032787323, 0.02185594104230404, 0.022154856473207474, 0.01894531026482582, 0.018155526369810104, 0.019649723544716835, 0.019775304943323135, 0.017720164731144905, 0.018545957282185555, 0.01995639130473137, 0.020025402307510376, 0.016918577253818512, 0.017138278111815453, 0.01982278563082218, 0.019542427733540535, 0.01815325953066349, 0.01776147074997425, 0.018539316952228546, 0.0180066991597414, 0.018112516030669212, 0.017904751002788544, 0.017490722239017487, 0.017320821061730385, 0.017414646223187447, 0.01684666983783245, 0.017031192779541016, 0.01727284863591194, 0.016374336555600166, 0.01735076867043972, 0.018217401579022408, 0.01719660870730877, 0.016489237546920776, 0.017482897266745567, 0.01911395788192749, 0.018391557037830353, 0.018071463331580162, 0.017608724534511566, 0.01679321937263012, 0.017382090911269188, 0.01774747669696808, 0.01789025217294693, 0.017769597470760345, 0.017066750675439835, 0.01739310286939144, 0.01712418720126152, 0.01866975426673889, 0.01799990050494671, 0.018321633338928223, 0.019108064472675323, 0.017871813848614693, 0.01802210696041584, 0.017920099198818207, 0.017370380461215973, 0.017330331727862358, 0.017642391845583916, 0.018715551123023033, 0.018005559220910072, 0.01679314859211445, 0.01711127907037735, 0.019699804484844208, 0.02053540199995041, 0.018718674778938293, 0.019129015505313873, 0.01843346282839775, 0.017913073301315308, 0.01957814022898674, 0.018204020336270332, 0.019264807924628258, 0.01881294511258602, 0.018300551921129227, 0.017734937369823456, 0.017262816429138184, 0.01820259913802147, 0.018535541370511055, 0.019155971705913544, 0.018582426011562347, 0.017817921936511993, 0.020047755911946297, 0.019474636763334274, 0.017312927171587944, 0.017875494435429573], "position_loss": [0.009286932647228241, 0.010655407793819904, 0.018835848197340965, 0.01833382435142994, 0.011659064330160618, 0.011723296716809273, 0.014138848520815372, 0.01428614929318428, 0.009755365550518036, 0.009605001658201218, 0.010592787526547909, 0.010782437399029732, 0.010428424924612045, 0.010100669227540493, 0.00967204850167036, 0.009422879666090012, 0.00886955950409174, 0.009186399169266224, 0.00942787155508995, 0.009083444252610207, 0.009589056484401226, 0.009727127850055695, 0.008106918074190617, 0.0077683767303824425, 0.008575743064284325, 0.008598905056715012, 0.007638131268322468, 0.008009384386241436, 0.008663352578878403, 0.00869095791131258, 0.0071793608367443085, 0.007290027104318142, 0.008610623888671398, 0.008469587191939354, 0.007760670036077499, 0.007596278563141823, 0.007957114838063717, 0.007723454851657152, 0.007775242440402508, 0.007682515308260918, 0.007435551844537258, 0.0073625510558485985, 0.007421255111694336, 0.007189479190856218, 0.007194346282631159, 0.00731010502204299, 0.007019334938377142, 0.007444875314831734, 0.007745599374175072, 0.00730664050206542, 0.006947525776922703, 0.007399969734251499, 0.008177501149475574, 0.007883619517087936, 0.007652908563613892, 0.007477323990315199, 0.007192648481577635, 0.007448041811585426, 0.007704236079007387, 0.007750598713755608, 0.0075654536485672, 0.0072853141464293, 0.007364396937191486, 0.007253921590745449, 0.008004658855497837, 0.007700981572270393, 0.007974867708981037, 0.008274782449007034, 0.007587988395243883, 0.0076965102925896645, 0.007628970313817263, 0.007406717166304588, 0.007454235106706619, 0.007572440430521965, 0.008006546646356583, 0.007717560511082411, 0.007147096563130617, 0.007294335402548313, 0.008601564913988113, 0.008973301388323307, 0.008113643154501915, 0.0083079868927598, 0.007811633870005608, 0.00760143157094717, 0.008362744934856892, 0.007770777679979801, 0.008289533667266369, 0.008098514750599861, 0.007796594873070717, 0.007562191225588322, 0.0073361326940357685, 0.007752619683742523, 0.007930070161819458, 0.008181532844901085, 0.007949273101985455, 0.0076156058348715305, 0.008630701340734959, 0.00839505810290575, 0.0072815679013729095, 0.007548635825514793], "gru_regularizer_loss": [0.10345765203237534, 0.10445800423622131, 0.10401351749897003, 0.10273533314466476, 0.11122456192970276, 0.10700444877147675, 0.1018095463514328, 0.10390543937683105, 0.09952893853187561, 0.09873887896537781, 0.09632495790719986, 0.09737973660230637, 0.10188254714012146, 0.09846752882003784, 0.09946148842573166, 0.09673677384853363, 0.09339053183794022, 0.09688970446586609, 0.10365711897611618, 0.09835708886384964, 0.09761225432157516, 0.09864615648984909, 0.10098820924758911, 0.09634994715452194, 0.09348781406879425, 0.09554032236337662, 0.09265629202127457, 0.09585254639387131, 0.09783071279525757, 0.09871814399957657, 0.09670211374759674, 0.09613823145627975, 0.09589740633964539, 0.09555009007453918, 0.09816158562898636, 0.09558897465467453, 0.09910407662391663, 0.09634187817573547, 0.09640821814537048, 0.09572559595108032, 0.09713402390480042, 0.09652743488550186, 0.09814086556434631, 0.09512832015752792, 0.09668659418821335, 0.09772152453660965, 0.09065458178520203, 0.09467050433158875, 0.1014251559972763, 0.09643511474132538, 0.09499561041593552, 0.09825235605239868, 0.10345334559679031, 0.09832879155874252, 0.10215484350919724, 0.09885227680206299, 0.09297877550125122, 0.0949123203754425, 0.09304900467395782, 0.09454989433288574, 0.10186633467674255, 0.09670946002006531, 0.09957148134708405, 0.0984172523021698, 0.09961038827896118, 0.09699579328298569, 0.09095720201730728, 0.09685879200696945, 0.09971964359283447, 0.0983056128025055, 0.10081854462623596, 0.09763140231370926, 0.0942831039428711, 0.09620222449302673, 0.10157601535320282, 0.09669212251901627, 0.09572979062795639, 0.09676925092935562, 0.09497834742069244, 0.09812182933092117, 0.09681006520986557, 0.09766028821468353, 0.10299793630838394, 0.09974604099988937, 0.10492333024740219, 0.09786991029977798, 0.10014259815216064, 0.09748804569244385, 0.1009088009595871, 0.09778517484664917, 0.09575125575065613, 0.09907473623752594, 0.09897454082965851, 0.10091862827539444, 0.10095112770795822, 0.09786637872457504, 0.10179170221090317, 0.09860218316316605, 0.09904772788286209, 0.10005686432123184],