{"loss": [0.021294845268130302, 0.023331748321652412, 0.040111273527145386, 0.0389571338891983, 0.026328260079026222, 0.025646565482020378, 0.02805318497121334, 0.02757973223924637, 0.023776579648256302, 0.02423442155122757, 0.022125182673335075, 0.022754110395908356, 0.021007537841796875, 0.021296635270118713, 0.02166680246591568, 0.02233467437326908, 0.019936395809054375, 0.02072823792695999, 0.0215572752058506, 0.02199600450694561, 0.02005322091281414, 0.02028057910501957, 0.02193472720682621, 0.021963976323604584, 0.023144958540797234, 0.022280903533101082, 0.019199643284082413, 0.020503785461187363, 0.022078262642025948, 0.021758463233709335, 0.018592247739434242, 0.019108571112155914, 0.022959116846323013, 0.02350575476884842, 0.023086829110980034, 0.02258342318236828, 0.02099621668457985, 0.02078389748930931, 0.022795887663960457, 0.022415511310100555, 0.021326301619410515, 0.02042071707546711, 0.019691631197929382, 0.020612403750419617, 0.018134497106075287, 0.017311476171016693, 0.01916874200105667, 0.019472621381282806, 0.019787287339568138, 0.019230952486395836, 0.0187492985278368, 0.019195638597011566, 0.020367681980133057, 0.01975826360285282, 0.01918039284646511, 0.01830960437655449, 0.02062322571873665, 0.020485417917370796, 0.017253585159778595, 0.018276311457157135], "position_loss": [0.008973030373454094, 0.0100356200709939, 0.018039297312498093, 0.01751183718442917, 0.011416473425924778, 0.011110495775938034, 0.012294735759496689, 0.0121000986546278, 0.010255252942442894, 0.01044480036944151, 0.00946362130343914, 0.009760141372680664, 0.008945940993726254, 0.009080605581402779, 0.009188271127641201, 0.009523953311145306, 0.008420620113611221, 0.008766931481659412, 0.009282569400966167, 0.009479712694883347, 0.00847325287759304, 0.008579324930906296, 0.0093668969348073, 0.009400096721947193, 0.009873086586594582, 0.00949904229491949, 0.00805897917598486, 0.008644070476293564, 0.00940526369959116, 0.009268165566027164, 0.007724807132035494, 0.007985888049006462, 0.00993049144744873, 0.01016699057072401, 0.00990157388150692, 0.009670023806393147, 0.00875199493020773, 0.008708287961781025, 0.0097056794911623, 0.009534343145787716, 0.00891067460179329, 0.008546684868633747, 0.008143329992890358, 0.00856698863208294, 0.007275685202330351, 0.006955347955226898, 0.007883656769990921, 0.008021037094295025, 0.008047465234994888, 0.007840005680918694, 0.007620162330567837, 0.007827994413673878, 0.008464456535875797, 0.008220485411584377, 0.007791758980602026, 0.007452582474797964, 0.008521895855665207, 0.008494075387716293, 0.006965647451579571, 0.007455787621438503], "gru_regularizer_loss": [0.14502587914466858, 0.14295190572738647, 0.15996651351451874, 0.15713872015476227, 0.14803677797317505, 0.1440875381231308, 0.14618967473506927, 0.1422761231660843, 0.13913369178771973, 0.1427021622657776, 0.13952942192554474, 0.14078934490680695, 0.13934484124183655, 0.14039947092533112, 0.14274942874908447, 0.14301937818527222, 0.13637375831604004, 0.14029718935489655, 0.13450197875499725, 0.13619837164878845, 0.1362198442220688, 0.13757187128067017, 0.1402001976966858, 0.13887514173984528, 0.1453849971294403, 0.14108698070049286, 0.13318118453025818, 0.13942591845989227, 0.140738844871521, 0.1392766386270523, 0.13775299489498138, 0.13858956098556519, 0.1355104148387909, 0.1390283703804016, 0.14109082520008087, 0.13955645263195038, 0.14693579077720642, 0.14238470792770386, 0.14155179262161255, 0.1400783658027649, 0.14805632829666138, 0.14111709594726562, 0.1395094245672226, 0.1429463028907776, 0.1489609330892563, 0.14193043112754822, 0.14078640937805176, 0.14188294112682343, 0.14972618222236633, 0.14472760260105133, 0.1414554864168167, 0.14425984025001526, 0.14516164362430573, 0.1407211422920227, 0.14958174526691437, 0.1422426998615265, 0.14717784523963928, 0.14455468952655792, 0.14043644070625305, 0.1431608498096466], "l2_xdx_activation_loss": [0.0006324865389615297, 0.0006099742604419589, 0.0008106486056931317, 0.0007869996479712427, 0.0006712930626235902, 0.0006612112047150731, 0.000666916195768863, 0.0006519017624668777, 0.0006245568511076272, 0.0006389108020812273, 0.0006005262839607894, 0.0006082895561121404, 0.0005737132742069662, 0.00057678745361045, 0.0006205660756677389, 0.0006185024394653738, 0.0005767834954895079, 0.0005967781180515885, 0.0005486832233145833, 0.0005578432464972138, 0.0005811495357193053, 0.0005817146156914532, 0.0005992876249365509, 0.0005913207423873246, 0.0006479554576799273, 0.0006236262270249426, 0.000582934997510165, 0.0006067730137147009, 0.0006197589682415128, 0.0006094322889111936, 0.000588011636864394, 0.0005832769093103707, 0.000580653257202357, 0.0005934736109338701, 0.0006239013164304197, 0.0006155804148875177, 0.0006739333621226251, 0.0006474687834270298, 0.0006559805478900671, 0.000648324319627136, 0.0006744396523572505, 0.0006383686559274793, 0.0006696023629046977, 0.0006826311000622809, 0.0006974824354983866, 0.0006601347122341394, 0.000664164312183857, 0.0006702158134430647, 0.0007313414243981242, 0.0007008643005974591, 0.0006977831362746656, 0.0006986598018556833, 0.000662027217913419, 0.0006363366264849901, 0.000699995260220021, 0.0006603133515454829, 0.0007021946948952973, 0.0006835499079898, 0.0006389512564055622, 0.0006440183497034013]}