{"loss": [0.02180813066661358, 0.023648295551538467, 0.0394461452960968, 0.03738445043563843, 0.023190001025795937, 0.023385649546980858, 0.02142200991511345, 0.021361181512475014, 0.021840645000338554, 0.021487511694431305, 0.02057838626205921, 0.020689239725470543, 0.020351119339466095, 0.02109958417713642, 0.01810559257864952, 0.01774493232369423, 0.019891833886504173, 0.01992410607635975, 0.018514113500714302, 0.01828686147928238, 0.01879136823117733, 0.01797419786453247, 0.018600555136799812, 0.017915699630975723, 0.016527261584997177, 0.01667207106947899, 0.017178814858198166, 0.016980446875095367, 0.018381165340542793, 0.01885863021016121, 0.015571820549666882, 0.016535717993974686, 0.01737402379512787, 0.01836574822664261, 0.016364220529794693, 0.01608208380639553, 0.01728721521794796, 0.01721728779375553, 0.016999315470457077, 0.016914021223783493, 0.018078234046697617, 0.017078272998332977, 0.017501117661595345, 0.01734216697514057, 0.01650225929915905, 0.017285311594605446, 0.016023332253098488, 0.015636565163731575, 0.017732765525579453, 0.017521671950817108, 0.017384693026542664, 0.01729375496506691, 0.017101170495152473, 0.01685141772031784, 0.020084965974092484, 0.019063986837863922, 0.0177766103297472, 0.01766442321240902, 0.0179037656635046, 0.017337078228592873, 0.018134932965040207, 0.01739223673939705, 0.01954236626625061, 0.018482118844985962, 0.01738409325480461, 0.01771848089993, 0.018293088302016258, 0.01884043961763382, 0.01768847554922104, 0.017310304567217827, 0.016401750966906548, 0.01666709966957569, 0.019159400835633278, 0.01866062544286251, 0.019489606842398643, 0.018633956089615822, 0.017851732671260834, 0.017729587852954865, 0.017544597387313843, 0.018079273402690887, 0.015561914071440697, 0.016373736783862114, 0.017167165875434875, 0.01824215240776539, 0.01774117536842823, 0.017960108816623688, 0.017916245386004448, 0.01755547896027565, 0.01633686199784279, 0.016281049698591232, 0.017946265637874603, 0.01788719743490219, 0.016966423019766808, 0.017062338069081306, 0.017803741618990898, 0.01745389588177204, 0.017892232164740562, 0.017333930358290672, 0.01699173077940941, 0.016228087246418], "position_loss": [0.009323197416961193, 0.010263564065098763, 0.018052371218800545, 0.017028294503688812, 0.009734516963362694, 0.009891446679830551, 0.008812849409878254, 0.008850297890603542, 0.009325300343334675, 0.009173007681965828, 0.008748290129005909, 0.008823475800454617, 0.008657603524625301, 0.008985907770693302, 0.007494330871850252, 0.007357204332947731, 0.008429102599620819, 0.008413512259721756, 0.007712947204709053, 0.0075990185141563416, 0.00776134617626667, 0.007415140513330698, 0.007682031486183405, 0.007382364943623543, 0.006721989717334509, 0.006788599770516157, 0.0070004998706281185, 0.006908407434821129, 0.007708289660513401, 0.007876329123973846, 0.006291468162089586, 0.006722487974911928, 0.007256646174937487, 0.0076598310843110085, 0.0065861358307302, 0.006499757058918476, 0.007063395343720913, 0.007044460158795118, 0.006921757478266954, 0.006892531178891659, 0.0073632532730698586, 0.006956491153687239, 0.007168056908994913, 0.007110057398676872, 0.006709341891109943, 0.007050348445773125, 0.006355143617838621, 0.006223808974027634, 0.007304834201931953, 0.007206250447779894, 0.007055832073092461, 0.007026534993201494, 0.006955897901207209, 0.006842714734375477, 0.008349722251296043, 0.007929790765047073, 0.007250313647091389, 0.007230868097394705, 0.007264739368110895, 0.007039529737085104, 0.007424439303576946, 0.0071328929625451565, 0.00810263492166996, 0.007660513278096914, 0.007131319027394056, 0.007279204670339823, 0.007664218079298735, 0.00788827147334814, 0.00721589382737875, 0.007083386182785034, 0.006634956691414118, 0.0067511131055653095, 0.007872567512094975, 0.00769844138994813, 0.00809137150645256, 0.007725963834673166, 0.007341524586081505, 0.007290439680218697, 0.007206171751022339, 0.007455641869455576, 0.006227140314877033, 0.00658531254157424, 0.007075886707752943, 0.007542113307863474, 0.007292948197573423, 0.00738554447889328, 0.0072898101061582565, 0.007143841125071049, 0.0065543632954359055, 0.006540908943861723, 0.007333033252507448, 0.0073275500908494, 0.006872908677905798, 0.006928993854671717, 0.007292087189853191, 0.007146386429667473, 0.007303670048713684, 0.007077500224113464, 0.0068630315363407135, 0.006570396479219198], "gru_regularizer_loss": [0.1400703638792038, 0.13688239455223083, 0.14227627217769623, 0.1395098716020584, 0.147147074341774, 0.14460889995098114, 0.148676335811615, 0.14576584100723267, 0.1401488482952118, 0.1383676379919052, 0.13630476593971252, 0.13482631742954254, 0.13068266212940216, 0.1342441588640213, 0.13793666660785675, 0.13409370183944702, 0.13181357085704803, 0.13339777290821075, 0.1359136998653412, 0.13483554124832153, 0.1404089778661728, 0.13454002141952515, 0.13651622831821442, 0.13287484645843506, 0.13432127237319946, 0.13361570239067078, 0.13566765189170837, 0.13453103601932526, 0.1292412281036377, 0.13343408703804016, 0.1307380199432373, 0.1343182772397995, 0.12642218172550201, 0.13283701241016388, 0.13842520117759705, 0.13425414264202118, 0.13693618774414062, 0.13551557064056396, 0.1374320387840271, 0.13596206903457642, 0.14380991458892822, 0.1370115578174591, 0.13712716102600098, 0.13532599806785583, 0.13231578469276428, 0.13590337336063385, 0.1405363380908966, 0.136254221200943, 0.13470976054668427, 0.13371139764785767, 0.13836322724819183, 0.1369956135749817, 0.13676932454109192, 0.13546061515808105, 0.14357097446918488, 0.13670775294303894, 0.1403091549873352, 0.1381859928369522, 0.14260652661323547, 0.13815394043922424, 0.14040151238441467, 0.13415423035621643, 0.14067132771015167, 0.13424362242221832, 0.13461078703403473, 0.135842427611351, 0.1303502917289734, 0.13390475511550903, 0.140936478972435, 0.1365898996591568, 0.13336198031902313, 0.1344110667705536, 0.14207148551940918, 0.1374102234840393, 0.1401553899049759, 0.13590843975543976, 0.13662242889404297, 0.1354150027036667, 0.1340085119009018, 0.13512015342712402, 0.13267652690410614, 0.13591483235359192, 0.13055762648582458, 0.134657084941864, 0.13473907113075256, 0.13572077453136444, 0.139276385307312, 0.1372550129890442, 0.1375284492969513, 0.1359580159187317, 0.13729986548423767, 0.13562098145484924, 0.13728582859039307, 0.1358087956905365, 0.13704967498779297, 0.13513828814029694, 0.14009760320186615, 0.13581953942775726, 0.14063987135887146, 0.13404686748981476],