{"loss": [0.021411968395113945, 0.02618591859936714, 0.04969374090433121, 0.047587037086486816, 0.03549211099743843, 0.034349728375673294, 0.03842391073703766, 0.03853906691074371, 0.029971374198794365, 0.029389480128884315, 0.0299385916441679, 0.028969096019864082, 0.03057347610592842, 0.02940461039543152, 0.025958329439163208, 0.02586653269827366, 0.027333099395036697, 0.02696906588971615, 0.020349550992250443, 0.021141808480024338, 0.02535100094974041, 0.025097105652093887, 0.0252112727612257, 0.02447953075170517, 0.022052999585866928, 0.02140827476978302, 0.019587231799960136, 0.02046627551317215, 0.021645260974764824, 0.021643228828907013, 0.01967848651111126, 0.020452124997973442, 0.019233809784054756, 0.019948914647102356, 0.02130596525967121, 0.021980755031108856, 0.021289652213454247, 0.02222060225903988, 0.021171873435378075, 0.021415259689092636, 0.02110324800014496, 0.02106929011642933, 0.020160479471087456, 0.019497977569699287, 0.020890993997454643, 0.02090141922235489, 0.018702780827879906, 0.019419139251112938, 0.020170828327536583, 0.02026948519051075, 0.019992759451270103, 0.02040785178542137, 0.021204575896263123, 0.020878635346889496, 0.01996639370918274, 0.020485496148467064, 0.020169604569673538, 0.019575132057070732, 0.01916203275322914, 0.019272735342383385], "position_loss": [0.00899164192378521, 0.011229862459003925, 0.023041343316435814, 0.021950971335172653, 0.015568912960588932, 0.015133851207792759, 0.017185792326927185, 0.01728718727827072, 0.012871716171503067, 0.012642839923501015, 0.01307457685470581, 0.012676936574280262, 0.013473405502736568, 0.012921366840600967, 0.011139155365526676, 0.011144880205392838, 0.011873948387801647, 0.011746758595108986, 0.008576021529734135, 0.00892096571624279, 0.01104363240301609, 0.010927348397672176, 0.010939538478851318, 0.010626559145748615, 0.009297138080000877, 0.009036581963300705, 0.008224528282880783, 0.008617239072918892, 0.009159678593277931, 0.009173146449029446, 0.008279908448457718, 0.008624560199677944, 0.007988445460796356, 0.008347494527697563, 0.009053376503288746, 0.009348632767796516, 0.009020593017339706, 0.00943183433264494, 0.0089219706133008, 0.009014129638671875, 0.008855023421347141, 0.00884983316063881, 0.00826523918658495, 0.007992184720933437, 0.00872494000941515, 0.00870346650481224, 0.007628941908478737, 0.007961329072713852, 0.00831388495862484, 0.008346999064087868, 0.00821927934885025, 0.008414126932621002, 0.0088034113869071, 0.008663058280944824, 0.008202376775443554, 0.008457597345113754, 0.008242576383054256, 0.008011933416128159, 0.00790905300527811, 0.007971053011715412], "gru_regularizer_loss": [0.16378861665725708, 0.17067942023277283, 0.16318565607070923, 0.16633306443691254, 0.1787795126438141, 0.17050974071025848, 0.17238762974739075, 0.1728339046239853, 0.17756883800029755, 0.17501400411128998, 0.17323794960975647, 0.1659996062517166, 0.16638147830963135, 0.1627410650253296, 0.1666683554649353, 0.16252166032791138, 0.16681182384490967, 0.16236348450183868, 0.15531127154827118, 0.16016735136508942, 0.16058604419231415, 0.15993936359882355, 0.16470150649547577, 0.16032297909259796, 0.16706781089305878, 0.1624644547700882, 0.15414662659168243, 0.15861791372299194, 0.1599099040031433, 0.15879185497760773, 0.15210121870040894, 0.1568503975868225, 0.15838837623596191, 0.1595812737941742, 0.15456047654151917, 0.1591782569885254, 0.15382233262062073, 0.15875881910324097, 0.15547262132167816, 0.15797258913516998, 0.15961144864559174, 0.15876716375350952, 0.16628551483154297, 0.16212645173072815, 0.1590176671743393, 0.1614837348461151, 0.15825030207633972, 0.16025620698928833, 0.15997767448425293, 0.16183704137802124, 0.1594739556312561, 0.16142888367176056, 0.1621953547000885, 0.16106611490249634, 0.15985560417175293, 0.16119210422039032, 0.165572851896286, 0.16107584536075592, 0.15955954790115356, 0.1584252119064331], "l2_xdx_activation_loss": [0.0005965420859865844, 0.0006727416766807437, 0.0006593409925699234, 0.0006735299830324948, 0.0008551058126613498, 0.0007919184863567352, 0.0007757596322335303, 0.0007450618431903422, 0.0008170271175913513, 0.000784162781201303, 0.0006852949736639857, 0.0006513507105410099, 0.0006538923480547965, 0.0006444305763579905, 0.0006707205320708454, 0.0006501280586235225, 0.0006386368768289685, 0.0006169131956994534, 0.0005477406084537506, 0.0005656770663335919, 0.000552233075723052, 0.0005472794873639941, 0.0005613354151137173, 0.000540669250767678, 0.0005956233362667263, 0.0005697636515833437, 0.0005318450275808573, 0.0005481476546265185, 0.000575209385715425, 0.000569280527997762, 0.0005321608623489738, 0.0005444419221021235, 0.0005572864320129156, 0.0005523122381418943, 0.0005508108879439533, 0.0005635114503093064, 0.0005696893786080182, 0.000589389877859503, 0.0005906765582039952, 0.0006020332803018391, 0.0005986366886645555, 0.0005935918889008462, 0.0006553224520757794, 0.0006303878035396338, 0.0006165861850604415, 0.0006261569214984775, 0.0006204055971466005, 0.0006309138843789697, 0.0006473680841736495, 0.0006519796443171799, 0.0006527613149955869, 0.000654710631351918, 0.0006582072237506509, 0.0006468936335295439, 0.0006539690657518804, 0.0006524006021209061, 0.0006758492672815919, 0.0006464438629336655, 0.0005823844694532454, 0.0005817324854433537]}