{"loss": [0.01997227407991886, 0.021079592406749725, 0.03532068058848381, 0.034531012177467346, 0.024221815168857574, 0.02467552199959755, 0.026273250579833984, 0.02678028494119644, 0.02216471917927265, 0.022420775145292282, 0.025629254058003426, 0.02507684752345085, 0.02286607027053833, 0.022437892854213715, 0.019566254690289497, 0.019365869462490082, 0.0213155597448349, 0.021072331815958023, 0.018125280737876892, 0.018840698525309563, 0.020067058503627777, 0.01964883878827095, 0.01872161589562893, 0.020003221929073334, 0.018570592626929283, 0.018583310768008232, 0.020402198657393456, 0.019734956324100494, 0.01761658675968647, 0.017188142985105515, 0.01903199777007103, 0.01882471702992916, 0.016734587028622627, 0.017255762591958046, 0.018306182697415352, 0.017804548144340515, 0.017167462036013603, 0.017025908455252647, 0.018217703327536583, 0.017533285543322563, 0.01657039485871792, 0.01774880290031433, 0.017424995079636574, 0.017817240208387375, 0.016378255560994148, 0.016731061041355133, 0.017138468101620674, 0.01711905188858509, 0.01857159286737442, 0.018672676756978035, 0.01830100640654564, 0.017993547022342682, 0.017455467954277992, 0.016527272760868073, 0.017484379932284355, 0.0177055224776268, 0.015850119292736053, 0.015904128551483154, 0.017430659383535385, 0.016881950199604034, 0.015511059202253819, 0.015839532017707825, 0.01618199050426483, 0.01649000123143196, 0.01574820652604103, 0.016323290765285492, 0.016863109543919563, 0.016271071508526802, 0.0156965684145689, 0.015826575458049774, 0.01719341054558754, 0.016572900116443634, 0.01898397132754326, 0.01812540739774704, 0.018194496631622314, 0.01827899180352688, 0.015377316623926163, 0.016205959022045135, 0.02002597413957119, 0.019713491201400757, 0.016566531732678413, 0.016922101378440857, 0.018119482323527336, 0.01806582510471344, 0.019817881286144257, 0.01811394840478897, 0.017840135842561722, 0.017459983006119728, 0.0176897831261158, 0.017290599644184113, 0.019311202690005302, 0.018213652074337006, 0.01856854557991028, 0.01963024213910103, 0.016794947907328606, 0.016884898766875267, 0.02176532708108425, 0.021536756306886673, 0.018631968647241592, 0.017341872677206993], "position_loss": [0.008401414379477501, 0.009008247405290604, 0.016315527260303497, 0.015856005251407623, 0.010614919476211071, 0.01089781429618597, 0.011523265391588211, 0.011810746975243092, 0.009721574373543262, 0.009848945774137974, 0.011580203659832478, 0.011322909034788609, 0.010106763802468777, 0.00994335301220417, 0.008514451794326305, 0.008437195792794228, 0.009397530928254128, 0.009310310706496239, 0.007904388941824436, 0.008230387233197689, 0.008791613392531872, 0.008623555302619934, 0.008216897957026958, 0.008799638599157333, 0.007988767698407173, 0.008018051274120808, 0.008868739940226078, 0.008575833402574062, 0.007462607230991125, 0.007289987523108721, 0.008249294012784958, 0.008153880946338177, 0.0070877824909985065, 0.007337135728448629, 0.007741659879684448, 0.007543903309851885, 0.007257646415382624, 0.0072038304060697556, 0.0078042917884886265, 0.0075010028667747974, 0.007071235682815313, 0.007596155162900686, 0.00740284938365221, 0.0075928932055830956, 0.006915566977113485, 0.007084037642925978, 0.007208811119198799, 0.007224979344755411, 0.007934733293950558, 0.00797925516963005, 0.007708983961492777, 0.007607378996908665, 0.00731664476916194, 0.00692380266264081, 0.007397057022899389, 0.007491823751479387, 0.006509069353342056, 0.0065542482770979404, 0.007174219936132431, 0.00695762038230896, 0.0064096515998244286, 0.006560065317898989, 0.006730250548571348, 0.006877299398183823, 0.006429949309676886, 0.006700256373733282, 0.006961924023926258, 0.006725677754729986, 0.006391717121005058, 0.0064780861139297485, 0.0070925746113061905, 0.006840979214757681, 0.007973316125571728, 0.00761010916903615, 0.007667535450309515, 0.0077328733168542385, 0.006316842045634985, 0.006694301031529903, 0.008546048775315285, 0.008421255275607109, 0.006771095562726259, 0.006959075573831797, 0.007579505443572998, 0.007578985765576363, 0.008315116167068481, 0.007584556937217712, 0.007383416872471571, 0.00725180096924305, 0.007373815402388573, 0.0072207218036055565, 0.008109023794531822, 0.0076462882570922375, 0.007823796011507511, 0.008340534754097462, 0.006991688162088394, 0.007051797583699226, 0.009563361294567585, 0.00945648830384016, 0.0078065842390060425, 0.007275338750332594], "gru_regularizer_loss": [0.10799727588891983, 0.10334727168083191, 0.09915503114461899, 0.10201583802700043, 0.10664662718772888, 0.10290264338254929, 0.10804977267980576, 0.10687705129384995, 0.10097122192382812, 0.10066939145326614, 0.09832461923360825, 0.09709638357162476, 0.10419340431690216, 0.10069137066602707, 0.09852147102355957, 0.0970388650894165, 0.09849371761083603, 0.0954032614827156, 0.09067349880933762, 0.0928642749786377, 0.09913020581007004, 0.09624216705560684, 0.09226378053426743, 0.09568589180707932, 0.10009682178497314, 0.09837773442268372, 0.1014651507139206, 0.09808247536420822, 0.10139448940753937, 0.0983305275440216, 0.09772002696990967, 0.09651722759008408, 0.09706932306289673, 0.09705746173858643, 0.10420943051576614, 0.1004844605922699, 0.09872199594974518, 0.09722860157489777, 0.0979151800274849, 0.09503092616796494, 0.09256881475448608, 0.09624040126800537, 0.09733301401138306, 0.09749026596546173, 0.09682808071374893, 0.09700034558773041, 0.10128114372491837, 0.0996188223361969, 0.09929796308279037, 0.09941775351762772, 0.1028076782822609, 0.09933365881443024, 0.10162269324064255, 0.09691979736089706, 0.099062979221344, 0.09934733062982559, 0.10083138942718506, 0.09914786368608475, 0.10511575639247894, 0.10148501396179199, 0.09536687284708023, 0.09579337388277054, 0.09621647745370865, 0.09647661447525024, 0.10078182816505432, 0.10192312300205231, 0.10456416010856628, 0.10102122277021408, 0.10201011598110199, 0.10008683800697327, 0.10457104444503784, 0.10092252492904663, 0.10447698086500168, 0.10088786482810974, 0.10103106498718262, 0.0992044061422348, 0.09782831370830536, 0.09935338795185089, 0.10093241930007935, 0.09920753538608551, 0.10372339189052582, 0.10302089899778366, 0.10192085802555084, 0.10000540316104889, 0.10948697477579117, 0.10238085687160492, 0.1047462448477745, 0.10113810002803802, 0.10200852155685425, 0.09879255294799805, 0.10663891583681107, 0.1014111191034317, 0.09862033277750015, 0.09992519021034241, 0.09801752120256424, 0.09676253795623779, 0.09608296304941177, 0.09503255784511566, 0.10532031953334808, 0.0987601950764656],