{"loss": [0.021089687943458557, 0.023941146209836006, 0.034243471920490265, 0.034807201474905014, 0.03664650022983551, 0.03749694675207138, 0.024334030225872993, 0.024724869057536125, 0.035409118980169296, 0.03502191975712776, 0.03271506726741791, 0.0305778905749321, 0.021541599184274673, 0.02149191126227379, 0.0271614920347929, 0.02705114521086216, 0.019755776971578598, 0.021490629762411118, 0.02761540561914444, 0.02650192193686962, 0.028659585863351822, 0.027070116251707077, 0.0213178563863039, 0.02143900655210018, 0.020566144958138466, 0.021356653422117233, 0.0251100305467844, 0.024281736463308334, 0.024633819237351418, 0.023621149361133575, 0.021871935576200485, 0.021325642243027687, 0.021536340937018394, 0.02076103910803795, 0.021815508604049683, 0.022090354934334755, 0.02016417868435383, 0.020938431844115257, 0.01961692050099373, 0.019509533420205116, 0.019705303013324738, 0.0196104533970356, 0.021804187446832657, 0.021017946302890778, 0.020595010370016098, 0.0190370362251997, 0.02161807380616665, 0.02151583693921566, 0.018638387322425842, 0.019250458106398582, 0.019429657608270645, 0.01873232051730156, 0.019835030660033226, 0.018666746094822884, 0.017284899950027466, 0.01816668175160885, 0.018981117755174637, 0.018353499472141266, 0.017363499850034714, 0.0181126706302166], "position_loss": [0.00872446782886982, 0.010166206397116184, 0.015161109156906605, 0.015511615201830864, 0.016549764201045036, 0.016892675310373306, 0.01047174446284771, 0.010683722794055939, 0.01609712839126587, 0.01593206264078617, 0.014614148065447807, 0.013641970232129097, 0.00906753446906805, 0.009103751741349697, 0.011964116245508194, 0.011934946291148663, 0.00839875265955925, 0.009174161590635777, 0.012213465757668018, 0.011731796897947788, 0.012731267139315605, 0.012013541534543037, 0.009126885794103146, 0.009206070564687252, 0.008700013160705566, 0.009064772166311741, 0.01090235449373722, 0.010570090264081955, 0.010631251148879528, 0.010194781236350536, 0.009099148213863373, 0.008903200738132, 0.00904436968266964, 0.008717876859009266, 0.009302700869739056, 0.009424553252756596, 0.008440538309514523, 0.00878507737070322, 0.008094917982816696, 0.00806620717048645, 0.008187082596123219, 0.00816101673990488, 0.008998223580420017, 0.0087001733481884, 0.00841455440968275, 0.007763572037220001, 0.00912656169384718, 0.009082647040486336, 0.007660289295017719, 0.00796495657414198, 0.007951014675199986, 0.007672648411244154, 0.008123102597892284, 0.007644492667168379, 0.006991948001086712, 0.007402495481073856, 0.007691860664635897, 0.00744973961263895, 0.0070858909748494625, 0.007416320964694023], "gru_regularizer_loss": [0.16676853597164154, 0.16845625638961792, 0.18216738104820251, 0.17599402368068695, 0.16140763461589813, 0.1657150834798813, 0.16112303733825684, 0.15906819701194763, 0.1583000272512436, 0.15613366663455963, 0.168623149394989, 0.1605767011642456, 0.1675625741481781, 0.16204574704170227, 0.16129463911056519, 0.15881560742855072, 0.1497218906879425, 0.1578240692615509, 0.16044098138809204, 0.15314480662345886, 0.16119380295276642, 0.15396767854690552, 0.15431763231754303, 0.15244966745376587, 0.15506187081336975, 0.15785786509513855, 0.16438806056976318, 0.15668432414531708, 0.16422425210475922, 0.1588640660047531, 0.170019268989563, 0.1640710085630417, 0.16150283813476562, 0.15666382014751434, 0.15423709154129028, 0.1552160680294037, 0.15481550991535187, 0.15797241032123566, 0.15987399220466614, 0.15793853998184204, 0.15772300958633423, 0.15569834411144257, 0.17047767341136932, 0.16440187394618988, 0.17235857248306274, 0.16152313351631165, 0.15854692459106445, 0.1568809151649475, 0.1568576544523239, 0.1572641134262085, 0.1660696119070053, 0.1605067253112793, 0.16798433661460876, 0.16000455617904663, 0.15684601664543152, 0.15965308248996735, 0.16664299368858337, 0.1611444056034088, 0.1538672149181366, 0.1573123186826706], "l2_xdx_activation_loss": [0.0006573518621735275, 0.0006410528440028429, 0.00069952302146703, 0.0006743405247107148, 0.0006439622957259417, 0.0006844793679192662, 0.0005927663296461105, 0.0005885768332518637, 0.000543618225492537, 0.0005318160401657224, 0.0005998428096063435, 0.0005623907782137394, 0.0005766305257566273, 0.0005543126608245075, 0.0005397669738158584, 0.0005306953098624945, 0.00048668085946701467, 0.0005210184608586133, 0.0005276842857711017, 0.0005019562668167055, 0.000528033880982548, 0.0005007815780118108, 0.0005066327867098153, 0.0005004522390663624, 0.0005381627706810832, 0.000549173157196492, 0.0005534761003218591, 0.0005245665670372546, 0.0005760212661698461, 0.0005473119672387838, 0.0006574780563823879, 0.0006258400389924645, 0.0006105203647166491, 0.0005858785007148981, 0.0005555746611207724, 0.0005626920028589666, 0.0005779785569757223, 0.0005958474357612431, 0.0006091108662076294, 0.0005989073542878032, 0.000584298453759402, 0.0005768081755377352, 0.000700650445651263, 0.0006575228180736303, 0.0006804351578466594, 0.0006312168552540243, 0.0005928235477767885, 0.0005935743101872504, 0.0005827397108078003, 0.0005822968669235706, 0.0006219734787009656, 0.0005936484085395932, 0.0006359893595799804, 0.0005922334967181087, 0.0005771770956926048, 0.0005880489479750395, 0.0006433177040889859, 0.0006138543831184506, 0.0005506773013621569, 0.0005686304648406804]}