{"loss": [0.01946217566728592, 0.02165030501782894, 0.03727821260690689, 0.036610737442970276, 0.02410341612994671, 0.02407466061413288, 0.026045506820082664, 0.02591273933649063, 0.021359866484999657, 0.021734874695539474, 0.022295452654361725, 0.021504249423742294, 0.021419106051325798, 0.02157597802579403, 0.02077975682914257, 0.020596668124198914, 0.019511602818965912, 0.020130721852183342, 0.01932574063539505, 0.01902100257575512, 0.020616918802261353, 0.020220961421728134, 0.019285697489976883, 0.01974242553114891, 0.01817437633872032, 0.018589045852422714, 0.018920350819826126, 0.01910542882978916, 0.017266856506466866, 0.01722128316760063, 0.018325790762901306, 0.018158359453082085, 0.017082158476114273, 0.016680609434843063, 0.01860886812210083, 0.01753850281238556, 0.016380716115236282, 0.016797324642539024, 0.01785862445831299, 0.017451751977205276, 0.016932077705860138, 0.017201267182826996, 0.016666295006871223, 0.01695987954735756, 0.018031660467386246, 0.01710553839802742, 0.016612693667411804, 0.016534751281142235, 0.017228690907359123, 0.01673547923564911, 0.01571389101445675, 0.01608806475996971, 0.01668296381831169, 0.016804475337266922, 0.01593395695090294, 0.016349399462342262, 0.017448129132390022, 0.016991684213280678, 0.01629931479692459, 0.016548531129956245, 0.016638020053505898, 0.017162537202239037, 0.01659071445465088, 0.016712568700313568, 0.01614818535745144, 0.01655535399913788, 0.017016366124153137, 0.01764366589486599, 0.015653830021619797, 0.016133831813931465, 0.018112801015377045, 0.01673910766839981, 0.017191322520375252, 0.016688445582985878, 0.01751675270497799, 0.01747196726500988, 0.015550871379673481, 0.015933118760585785, 0.018097106367349625, 0.017961077392101288, 0.016033850610256195, 0.01647525280714035, 0.017297394573688507, 0.016566475853323936, 0.01831972226500511, 0.01728307455778122, 0.016721654683351517, 0.01619197614490986, 0.016428818926215172, 0.016782505437731743, 0.0171341709792614, 0.01685480587184429, 0.01535973884165287, 0.016236774623394012, 0.0160825215280056, 0.016326801851391792, 0.015951601788401604, 0.01634369045495987, 0.016802053898572922, 0.015935108065605164], "position_loss": [0.008087984286248684, 0.009092011488974094, 0.01714496873319149, 0.016823172569274902, 0.01063028909265995, 0.010612447746098042, 0.011595848016440868, 0.011552748270332813, 0.009252413176000118, 0.00940366555005312, 0.009685697965323925, 0.009339261800050735, 0.009333460591733456, 0.009370106272399426, 0.008926552720367908, 0.008797068148851395, 0.008310739882290363, 0.008581133559346199, 0.00823261123150587, 0.008095534518361092, 0.008849323727190495, 0.008681223727762699, 0.008138387463986874, 0.0083889439702034, 0.007677293848246336, 0.007883775979280472, 0.008092775009572506, 0.008181283250451088, 0.007252984680235386, 0.0072423540987074375, 0.007778012193739414, 0.0076966965571045876, 0.0070998575538396835, 0.006940575782209635, 0.00782060343772173, 0.007367931306362152, 0.00683639757335186, 0.007020486053079367, 0.007544472347944975, 0.007365697994828224, 0.007064614444971085, 0.007158822380006313, 0.006884136237204075, 0.007036581635475159, 0.0074424161575734615, 0.007060796022415161, 0.006877454929053783, 0.0068474821746349335, 0.007094758562743664, 0.006893486715853214, 0.0064163003116846085, 0.006599882151931524, 0.006889243144541979, 0.0069535174407064915, 0.006566676311194897, 0.0067535098642110825, 0.007269028574228287, 0.0070790816098451614, 0.0067491293884813786, 0.006837524473667145, 0.006861180532723665, 0.007110885344445705, 0.006839941721409559, 0.006877926178276539, 0.006682195700705051, 0.0068609146401286125, 0.0071269976906478405, 0.007388493977487087, 0.006376798264682293, 0.00660877488553524, 0.007495601195842028, 0.006930368021130562, 0.007042900193482637, 0.00684522558003664, 0.007293650880455971, 0.007278347387909889, 0.0063275862485170364, 0.006497358903288841, 0.00755018275231123, 0.007490946911275387, 0.00645495904609561, 0.006672216579318047, 0.007014111150056124, 0.006730439141392708, 0.007623710669577122, 0.007171069737523794, 0.006815103814005852, 0.006608802825212479, 0.006731389090418816, 0.006877168081700802, 0.006955004297196865, 0.006853459402918816, 0.0061850775964558125, 0.006536863744258881, 0.006522223819047213, 0.006637584418058395, 0.006475284695625305, 0.006629235576838255, 0.006773747969418764, 0.006429736036807299], "gru_regularizer_loss": [0.13228876888751984, 0.13652990758419037, 0.125390887260437, 0.1261463165283203, 0.12717249989509583, 0.12598149478435516, 0.12967541813850403, 0.12811769545078278, 0.12671777606010437, 0.12823575735092163, 0.12797033786773682, 0.12460073828697205, 0.12276938557624817, 0.12474571168422699, 0.12333142757415771, 0.12368632853031158, 0.12189537286758423, 0.12380572408437729, 0.12463781237602234, 0.1234738826751709, 0.12735606729984283, 0.12567506730556488, 0.1290895938873291, 0.128788560628891, 0.12674424052238464, 0.12702198326587677, 0.12211015820503235, 0.12305065989494324, 0.1240585595369339, 0.12289134413003922, 0.12243446707725525, 0.12160021811723709, 0.12509605288505554, 0.12194307893514633, 0.12786626815795898, 0.12202395498752594, 0.11811923235654831, 0.11988956481218338, 0.12275093048810959, 0.11987654119729996, 0.12086671590805054, 0.12276116013526917, 0.1244044154882431, 0.1250705122947693, 0.13345077633857727, 0.12716160714626312, 0.12578177452087402, 0.12442966550588608, 0.12925679981708527, 0.12559740245342255, 0.12457673996686935, 0.12518899142742157, 0.12568621337413788, 0.12618035078048706, 0.12217173725366592, 0.12343689054250717, 0.12547118961811066, 0.12223581224679947, 0.11988811194896698, 0.12188953906297684, 0.12381208688020706, 0.1249733492732048, 0.12429086863994598, 0.12550289928913116, 0.12075096368789673, 0.1224205493927002, 0.11818321794271469, 0.12197116762399673, 0.12480423599481583, 0.12538374960422516, 0.13394109904766083, 0.12510544061660767, 0.1306787133216858, 0.1266382932662964, 0.12436796724796295, 0.12334506958723068, 0.12344560027122498, 0.12463043630123138, 0.12660133838653564, 0.12536153197288513, 0.12802928686141968, 0.12849576771259308, 0.1335681825876236, 0.12741389870643616, 0.13052266836166382, 0.12451478838920593, 0.1298312395811081, 0.12595874071121216, 0.1262584924697876, 0.12753136456012726, 0.1318584829568863, 0.1298115849494934, 0.12262994050979614, 0.12731605768203735, 0.12635648250579834, 0.1272541582584381, 0.1257300078868866, 0.12732471525669098, 0.1345430165529251, 0.12792782485485077],