{"loss": [0.02068985626101494, 0.02215385064482689, 0.03459911048412323, 0.034169893711805344, 0.018496885895729065, 0.019803635776042938, 0.03433724865317345, 0.034131161868572235, 0.030751246958971024, 0.029866937547922134, 0.024729374796152115, 0.024159377440810204, 0.023778429254889488, 0.023068416863679886, 0.024739375337958336, 0.02462322823703289, 0.02150151878595352, 0.02159997634589672, 0.01815320923924446, 0.018732648342847824, 0.02046249620616436, 0.020258883014321327, 0.022889569401741028, 0.021590283140540123, 0.01935921236872673, 0.018524842336773872, 0.019652381539344788, 0.019052959978580475, 0.019521089270710945, 0.01910223253071308, 0.01765306480228901, 0.017890846356749535, 0.018170172348618507, 0.01778511144220829, 0.018629519268870354, 0.018032964318990707, 0.018355082720518112, 0.018170464783906937, 0.018848711624741554, 0.018680941313505173, 0.01795305870473385, 0.017395438626408577, 0.018557805567979813, 0.01843690127134323, 0.01998109370470047, 0.019299408420920372, 0.018942056223750114, 0.019402693957090378, 0.019983097910881042, 0.019694766029715538, 0.02000153437256813, 0.01931857503950596, 0.01824074797332287, 0.018236948177218437, 0.017536703497171402, 0.01785079948604107, 0.01881515607237816, 0.01895640790462494, 0.016239918768405914, 0.016266144812107086, 0.018002508208155632, 0.018235333263874054, 0.01741843856871128, 0.01743355020880699, 0.014802663587033749, 0.015792138874530792, 0.01831531524658203, 0.01729140430688858, 0.01835324801504612, 0.017816010862588882, 0.017370710149407387, 0.017307031899690628, 0.016936197876930237, 0.016806844621896744, 0.017126845195889473, 0.015958823263645172, 0.015943706035614014, 0.016243742778897285, 0.01836373470723629, 0.017303133383393288, 0.01755131222307682, 0.01745259389281273, 0.018711306154727936, 0.01816263422369957, 0.017421483993530273, 0.017053447663784027, 0.019115718081593513, 0.018102677538990974, 0.017831476405262947, 0.017802365124225616, 0.01593337208032608, 0.01625889725983143, 0.017716243863105774, 0.017160888761281967, 0.01684931479394436, 0.016003837808966637, 0.018387071788311005, 0.017769165337085724, 0.019856993108987808, 0.018494149670004845], "position_loss": [0.008642434142529964, 0.009355387650430202, 0.01566433720290661, 0.015442462638020515, 0.0076500773429870605, 0.008296061307191849, 0.01547437533736229, 0.01539728045463562, 0.013506166636943817, 0.013182311318814754, 0.010458824224770069, 0.010248156264424324, 0.010264203883707523, 0.00999223068356514, 0.010888769291341305, 0.010800879448652267, 0.009270356968045235, 0.009286279790103436, 0.007594344671815634, 0.007862281985580921, 0.008644379675388336, 0.008584828115999699, 0.009764645248651505, 0.009234827011823654, 0.008038626052439213, 0.00770732993260026, 0.00829545222222805, 0.008040330372750759, 0.00823425967246294, 0.00804818607866764, 0.00728596793487668, 0.007427251897752285, 0.007517946884036064, 0.007382345851510763, 0.007731520105153322, 0.007486453279852867, 0.007617160212248564, 0.007545870263129473, 0.007926390506327152, 0.007857931777834892, 0.007417480461299419, 0.007191562093794346, 0.00771225756034255, 0.0076681277714669704, 0.008406034670770168, 0.008109692484140396, 0.007934597320854664, 0.008144093677401543, 0.00843321718275547, 0.008312072604894638, 0.008481991477310658, 0.00816990714520216, 0.007567691616714001, 0.007582563441246748, 0.007269325200468302, 0.00740713719278574, 0.007840266451239586, 0.00791368167847395, 0.006589076481759548, 0.006628319621086121, 0.0074826995842158794, 0.007577905897051096, 0.007145038805902004, 0.0071667637676000595, 0.005907336249947548, 0.00635001715272665, 0.007535376586019993, 0.007111469283699989, 0.007561241276562214, 0.007341837044805288, 0.007106528151780367, 0.007089035585522652, 0.0068924748338758945, 0.00683190580457449, 0.006920150015503168, 0.006445121485739946, 0.00639144005253911, 0.0065284413285553455, 0.007502834312617779, 0.0070579638704657555, 0.007131482474505901, 0.00710590835660696, 0.007746062241494656, 0.007511741481721401, 0.007091564126312733, 0.00695442222058773, 0.007864268496632576, 0.007458282634615898, 0.007310974411666393, 0.007304865401238203, 0.0064325700514018536, 0.006579911801964045, 0.007276558317244053, 0.007038941606879234, 0.006778756156563759, 0.0064362115226686, 0.007544044405221939, 0.007285094819962978, 0.00822606310248375, 0.007670543156564236], "gru_regularizer_loss": [0.13735587894916534, 0.1377429962158203, 0.13400764763355255, 0.13363061845302582, 0.13397721946239471, 0.13472622632980347, 0.13831619918346405, 0.13813577592372894, 0.1504237949848175, 0.14297764003276825, 0.14841026067733765, 0.14523333311080933, 0.13889682292938232, 0.13274095952510834, 0.12800484895706177, 0.12997090816497803, 0.12808777391910553, 0.12993663549423218, 0.12841248512268066, 0.13011327385902405, 0.13658034801483154, 0.1330513060092926, 0.14246319234371185, 0.13397248089313507, 0.1384645402431488, 0.13257497549057007, 0.1326373815536499, 0.12941792607307434, 0.13190902769565582, 0.13080692291259766, 0.13432632386684418, 0.13267862796783447, 0.13566254079341888, 0.13207030296325684, 0.1366751492023468, 0.1327930986881256, 0.13347722589969635, 0.13230033218860626, 0.13159015774726868, 0.1306118667125702, 0.13579139113426208, 0.1321718841791153, 0.13348610699176788, 0.13257262110710144, 0.13515105843544006, 0.1319683939218521, 0.1304483413696289, 0.1319187730550766, 0.1323200911283493, 0.1313740313053131, 0.1338619440793991, 0.1308548003435135, 0.13295245170593262, 0.1317690908908844, 0.1297386884689331, 0.13096091151237488, 0.13414645195007324, 0.1332094669342041, 0.1327459216117859, 0.1315339207649231, 0.130026176571846, 0.13145595788955688, 0.13326352834701538, 0.13212305307388306, 0.12863704562187195, 0.1322384923696518, 0.13770286738872528, 0.131812185049057, 0.1366712599992752, 0.133048415184021, 0.13513411581516266, 0.13372844457626343, 0.13425439596176147, 0.13331802189350128, 0.14000214636325836, 0.13174955546855927, 0.13281133770942688, 0.13389073312282562, 0.1395394206047058, 0.13353385031223297, 0.1352924406528473, 0.1341571807861328, 0.13587386906147003, 0.13252109289169312, 0.1370152086019516, 0.13329166173934937, 0.14161406457424164, 0.1351630836725235, 0.13542984426021576, 0.13434720039367676, 0.1317169964313507, 0.13283886015415192, 0.1353597790002823, 0.13202933967113495, 0.13941562175750732, 0.13338567316532135, 0.13738468289375305, 0.133863627910614, 0.14188340306282043, 0.13332952558994293],