{"loss": [0.02047012560069561, 0.02247462421655655, 0.02974201925098896, 0.031192084774374962, 0.025887202471494675, 0.02603651024401188, 0.02637956663966179, 0.025751128792762756, 0.025840237736701965, 0.0260004960000515, 0.027665210887789726, 0.028565917164087296, 0.020043279975652695, 0.01992415077984333, 0.024503422901034355, 0.02325933240354061, 0.023608373478055, 0.023843172937631607, 0.022637946531176567, 0.02262318879365921, 0.024607881903648376, 0.0235420074313879, 0.01972132921218872, 0.019267771393060684, 0.021320175379514694, 0.021247822791337967, 0.01886075548827648, 0.01850859820842743, 0.017894096672534943, 0.018659427762031555, 0.01915975846350193, 0.019337715581059456, 0.018892692402005196, 0.018780233338475227, 0.017471665516495705, 0.01780075579881668, 0.018637899309396744, 0.018013983964920044, 0.01774379424750805, 0.017163235694169998, 0.018675271421670914, 0.018015844747424126, 0.01772918365895748, 0.017594320699572563, 0.01594412326812744, 0.017130568623542786, 0.017458701506257057, 0.01692458800971508, 0.01685204915702343, 0.01601104810833931, 0.016995210200548172, 0.01680530607700348, 0.017111385241150856, 0.016881948336958885, 0.015818223357200623, 0.01658323034644127, 0.018037723377346992, 0.017477719113230705, 0.015707701444625854, 0.016171282157301903, 0.01731076091527939, 0.017175907269120216, 0.015409314073622227, 0.016042670235037804, 0.019064143300056458, 0.01755441725254059, 0.016309557482600212, 0.01674695685505867, 0.017185796052217484, 0.01705542393028736, 0.016688372939825058, 0.01633249782025814, 0.017359428107738495, 0.016911175101995468, 0.017550842836499214, 0.01713509112596512, 0.018350761383771896, 0.017866389825940132, 0.016653981059789658, 0.016612300649285316, 0.018301233649253845, 0.018366174772381783, 0.01707025244832039, 0.017588164657354355, 0.01569613814353943, 0.015652649104595184, 0.016199477016925812, 0.01613594964146614, 0.01525574829429388, 0.016381841152906418, 0.017275309190154076, 0.017251260578632355, 0.01629820466041565, 0.01628296822309494, 0.017155375331640244, 0.016620248556137085, 0.01654106378555298, 0.015798576176166534, 0.016676228493452072, 0.016989311203360558], "position_loss": [0.008661492727696896, 0.009718691930174828, 0.013373145833611488, 0.013990157283842564, 0.011401165276765823, 0.011472044512629509, 0.011484034359455109, 0.01125792134553194, 0.011182272806763649, 0.011320214718580246, 0.012251908890902996, 0.012662353925406933, 0.00855467189103365, 0.008482815697789192, 0.01076893787831068, 0.010220830328762531, 0.010458643548190594, 0.010540624149143696, 0.00990554690361023, 0.009922845289111137, 0.010756563395261765, 0.01028921827673912, 0.008380583487451077, 0.008203458972275257, 0.009264502674341202, 0.00923984032124281, 0.007993015460669994, 0.007850255817174911, 0.00753065338358283, 0.00788847915828228, 0.008106043562293053, 0.008198317140340805, 0.007932470180094242, 0.007910509593784809, 0.007268071174621582, 0.0074312761425971985, 0.007783439010381699, 0.007531445007771254, 0.007201722357422113, 0.006987778004258871, 0.007749921642243862, 0.007475212216377258, 0.007353061344474554, 0.007300049997866154, 0.006549920421093702, 0.0070785414427518845, 0.007184724323451519, 0.006968701258301735, 0.00689151743426919, 0.006552547216415405, 0.007145517971366644, 0.0070707849226891994, 0.007100383751094341, 0.007015532813966274, 0.0065504563972353935, 0.006901163142174482, 0.0075555057264864445, 0.00733088469132781, 0.006486477795988321, 0.006701010279357433, 0.0071381074376404285, 0.007104333955794573, 0.0062502180226147175, 0.006551560014486313, 0.007928541861474514, 0.0072928424924612045, 0.006689624860882759, 0.006906831171363592, 0.007120479829609394, 0.007071953732520342, 0.00683894706889987, 0.0067106205970048904, 0.007109465543180704, 0.006929263938218355, 0.007272245362401009, 0.007095548789948225, 0.007598013151437044, 0.00742487795650959, 0.006877323612570763, 0.006863719783723354, 0.007698786910623312, 0.007714230101555586, 0.007045120000839233, 0.007297972682863474, 0.006430268287658691, 0.006417122203856707, 0.006634855177253485, 0.006624982226639986, 0.006276529282331467, 0.006759836338460445, 0.007182009052485228, 0.007193105760961771, 0.006635038182139397, 0.006647875998169184, 0.00707281706854701, 0.006863836664706469, 0.00664701871573925, 0.00637431675568223, 0.006833998952060938, 0.006971343420445919], "gru_regularizer_loss": [0.11662796139717102, 0.11437555402517319, 0.11102756857872009, 0.11550810933113098, 0.11467331647872925, 0.11354870349168777, 0.12067250162363052, 0.11621996015310287, 0.11964382976293564, 0.11739493906497955, 0.1105494350194931, 0.11529392749071121, 0.11266317963600159, 0.11206641793251038, 0.11445586383342743, 0.10930327326059341, 0.10571695119142532, 0.1076401099562645, 0.1101752519607544, 0.10896401852369308, 0.11542830616235733, 0.11169690638780594, 0.1132224053144455, 0.11002539098262787, 0.10977157950401306, 0.10847330838441849, 0.1101948469877243, 0.10874000191688538, 0.10778090357780457, 0.11044968664646149, 0.11027544736862183, 0.11080238968133926, 0.11193220317363739, 0.11022469401359558, 0.11070555448532104, 0.11131168901920319, 0.11482921242713928, 0.11120977997779846, 0.11841312050819397, 0.11434605717658997, 0.11497779190540314, 0.1114690825343132, 0.11254459619522095, 0.11113512516021729, 0.105356864631176, 0.11055609583854675, 0.11401857435703278, 0.1105417013168335, 0.11517229676246643, 0.10951382666826248, 0.10745887458324432, 0.10630590468645096, 0.1108892560005188, 0.10938187688589096, 0.10536117851734161, 0.10823842883110046, 0.11234530061483383, 0.10900232195854187, 0.10730034112930298, 0.10802526772022247, 0.11307993531227112, 0.11125581711530685, 0.10940393805503845, 0.11010025441646576, 0.11899188905954361, 0.11090962588787079, 0.10944470763206482, 0.11026111245155334, 0.11211635172367096, 0.11073986440896988, 0.11405381560325623, 0.11056534200906754, 0.11541013419628143, 0.1118033230304718, 0.11227589845657349, 0.11088020354509354, 0.11477556824684143, 0.11107051372528076, 0.11041721701622009, 0.1094479039311409, 0.1100168526172638, 0.11118430644273758, 0.11090126633644104, 0.11153822392225266, 0.1096639633178711, 0.10872001200914383, 0.11067751049995422, 0.10932403057813644, 0.10282416641712189, 0.10817135870456696, 0.1121939867734909, 0.11066912114620209, 0.11221395432949066, 0.11072225123643875, 0.11237549781799316, 0.1089378371834755, 0.11813289672136307, 0.11213771253824234, 0.11032108962535858, 0.11130501329898834],