{"loss": [0.021128006279468536, 0.023943496868014336, 0.036040712147951126, 0.03492249175906181, 0.026049764826893806, 0.026895631104707718, 0.031681258231401443, 0.031241336837410927, 0.025391319766640663, 0.024665826931595802, 0.022778835147619247, 0.022435326129198074, 0.02300039492547512, 0.022337963804602623, 0.02053324319422245, 0.021031351760029793, 0.0201716348528862, 0.020316189154982567, 0.019376548007130623, 0.01920115202665329, 0.021520547568798065, 0.02026151493191719, 0.018717648461461067, 0.01901661977171898, 0.020662572234869003, 0.019979435950517654, 0.018844647333025932, 0.018301384523510933, 0.019951868802309036, 0.02023346535861492, 0.01978365145623684, 0.019834250211715698, 0.02012275531888008, 0.01860404573380947, 0.01979876682162285, 0.018894487991929054, 0.019254056736826897, 0.019475426524877548, 0.018331419676542282, 0.018272656947374344, 0.01812182366847992, 0.018459344282746315, 0.018105467781424522, 0.017543654888868332, 0.01761179231107235, 0.01781543344259262, 0.017869966104626656, 0.01797633245587349, 0.017415091395378113, 0.01817658171057701, 0.0184929296374321, 0.0174980778247118, 0.017949920147657394, 0.018148750066757202, 0.01991163194179535, 0.018826095387339592, 0.018466291949152946, 0.01889699697494507, 0.019786562770605087, 0.019136818125844002, 0.01715015061199665, 0.017476186156272888, 0.017742976546287537, 0.017431937158107758, 0.01546187698841095, 0.01642310991883278, 0.017647698521614075, 0.017606506124138832, 0.017097629606723785, 0.016627736389636993, 0.015661882236599922, 0.017355667427182198, 0.01819990761578083, 0.018236646428704262, 0.01813102886080742, 0.01845560222864151, 0.01845158450305462, 0.017540721222758293, 0.020339660346508026, 0.020787179470062256, 0.01856512576341629, 0.01723296381533146, 0.020548852160573006, 0.02129332907497883, 0.02239380031824112, 0.02119707502424717, 0.020839137956500053, 0.02050732634961605, 0.020000005140900612, 0.01942593604326248, 0.01767641305923462, 0.01786593534052372, 0.02083246223628521, 0.020699767395853996, 0.018392352387309074, 0.018418172374367714, 0.01838868483901024, 0.01747945323586464, 0.019196558743715286, 0.01792316511273384], "position_loss": [0.008837157860398293, 0.010244118049740791, 0.016137389466166496, 0.015573135577142239, 0.011321313679218292, 0.011705390177667141, 0.013931028544902802, 0.013812273740768433, 0.010684936307370663, 0.010443711653351784, 0.00961480662226677, 0.009508196264505386, 0.009881255216896534, 0.009591322392225266, 0.00866527296602726, 0.008880105800926685, 0.008555117063224316, 0.008592947386205196, 0.008059430867433548, 0.007983751595020294, 0.00901996809989214, 0.008481115102767944, 0.007886185310781002, 0.008003482595086098, 0.00866084173321724, 0.008365954272449017, 0.007786793168634176, 0.007556945085525513, 0.008443308994174004, 0.00858093611896038, 0.008286494761705399, 0.0083405040204525, 0.00835479237139225, 0.007726259529590607, 0.008210595697164536, 0.007836395874619484, 0.008074203506112099, 0.00812812615185976, 0.007567135151475668, 0.007551178336143494, 0.0074475728906691074, 0.007632730063050985, 0.0075687384232878685, 0.007349034771323204, 0.007371340412646532, 0.007457030471414328, 0.007445084862411022, 0.00750089343637228, 0.007304005790501833, 0.007613120134919882, 0.007657170295715332, 0.007247858680784702, 0.007483734283596277, 0.007554984651505947, 0.008388017304241657, 0.007920629344880581, 0.007712106686085463, 0.007897713221609592, 0.008326580747961998, 0.008052022196352482, 0.007078366819769144, 0.007226673886179924, 0.00730403047055006, 0.007175053935497999, 0.006253665778785944, 0.006689849775284529, 0.007284611463546753, 0.007274136878550053, 0.006954810116440058, 0.006735927425324917, 0.006436479743570089, 0.0070974803529679775, 0.007563808932900429, 0.007604869082570076, 0.007595119532197714, 0.007706634700298309, 0.007659486960619688, 0.007259191945195198, 0.00878432672470808, 0.008952445350587368, 0.007694108411669731, 0.0071510691195726395, 0.008749283850193024, 0.009124699980020523, 0.009510575793683529, 0.009010126814246178, 0.008905049413442612, 0.008784781210124493, 0.008553841151297092, 0.008278352208435535, 0.007364901248365641, 0.007417518179863691, 0.009020542725920677, 0.008930685929954052, 0.007772013545036316, 0.007768770679831505, 0.007669768761843443, 0.007308840751647949, 0.007981632836163044, 0.007464297115802765], "gru_regularizer_loss": [0.1410260647535324, 0.14064595103263855, 0.14392749965190887, 0.1431090235710144, 0.13514423370361328, 0.13875821232795715, 0.15190160274505615, 0.14576803147792816, 0.15753082931041718, 0.15090616047382355, 0.145219087600708, 0.1421786993741989, 0.13857856392860413, 0.1343126744031906, 0.13120847940444946, 0.1326783299446106, 0.12970229983329773, 0.13158786296844482, 0.1333964318037033, 0.13220714032649994, 0.14131218194961548, 0.1344013810157776, 0.12687814235687256, 0.12845318019390106, 0.13472352921962738, 0.13094329833984375, 0.13468419015407562, 0.13080479204654694, 0.1318398416042328, 0.13229192793369293, 0.1346626877784729, 0.13252387940883636, 0.14277057349681854, 0.13306711614131927, 0.13831336796283722, 0.1317829042673111, 0.12790392339229584, 0.1299714893102646, 0.13149642944335938, 0.1301257461309433, 0.13221944868564606, 0.13247330486774445, 0.1321307122707367, 0.12794651091098785, 0.12659260630607605, 0.12782339751720428, 0.13016235828399658, 0.12886659801006317, 0.12301971763372421, 0.12727147340774536, 0.13491703569889069, 0.12849076092243195, 0.12841907143592834, 0.1297125220298767, 0.13541029393672943, 0.12905079126358032, 0.13131779432296753, 0.13216577470302582, 0.13500356674194336, 0.13083039224147797, 0.12834599614143372, 0.12931758165359497, 0.13359993696212769, 0.13164207339286804, 0.12710830569267273, 0.13035975396633148, 0.13237406313419342, 0.13088862597942352, 0.13452275097370148, 0.1311296820640564, 0.11779197305440903, 0.1282864362001419, 0.12991811335086823, 0.12854091823101044, 0.12646514177322388, 0.12835124135017395, 0.13328954577445984, 0.12744106352329254, 0.12340229749679565, 0.12540213763713837, 0.1380017250776291, 0.12876498699188232, 0.13028328120708466, 0.13064199686050415, 0.14444461464881897, 0.13682012259960175, 0.13382652401924133, 0.12959180772304535, 0.13297918438911438, 0.12943142652511597, 0.12812381982803345, 0.12772522866725922, 0.1265263706445694, 0.12584105134010315, 0.12614238262176514, 0.12522588670253754, 0.13339561223983765, 0.12670579552650452, 0.14057393372058868, 0.1309608519077301],