{"loss": [0.02127174846827984, 0.025437384843826294, 0.04374149814248085, 0.042689282447099686, 0.03218016028404236, 0.03282233327627182, 0.037090856581926346, 0.03644488751888275, 0.022776398807764053, 0.022332813590765, 0.03201325982809067, 0.030613481998443604, 0.026874324306845665, 0.02623760513961315, 0.02242627926170826, 0.022831931710243225, 0.024337543174624443, 0.0236368365585804, 0.019955113530158997, 0.02035222202539444, 0.024829091504216194, 0.024153726175427437, 0.023833200335502625, 0.022431394085288048, 0.019930493086576462, 0.02026609517633915, 0.019542023539543152, 0.019212139770388603, 0.019490525126457214, 0.01890137791633606, 0.0200765673071146, 0.019374826923012733, 0.018309801816940308, 0.01822424866259098, 0.019782908260822296, 0.01911591738462448, 0.01803184486925602, 0.017607560381293297, 0.0186351016163826, 0.01796082779765129, 0.01661859266459942, 0.01707126945257187, 0.018217140808701515, 0.018097225576639175, 0.01839270628988743, 0.01792011968791485, 0.01870867609977722, 0.018222929909825325, 0.018279192969202995, 0.017746135592460632, 0.017685525119304657, 0.016776002943515778, 0.018607616424560547, 0.018308866769075394, 0.018084721639752388, 0.017323452979326248, 0.017366738989949226, 0.01674226112663746, 0.0174106415361166, 0.01758209615945816, 0.017116136848926544, 0.016749564558267593, 0.01713644713163376, 0.017181385308504105, 0.01757693849503994, 0.016935547813773155, 0.016428586095571518, 0.016827458515763283, 0.016377175226807594, 0.01609078422188759, 0.016632501035928726, 0.01655023731291294, 0.01510931272059679, 0.01648346334695816, 0.019140396267175674, 0.018310988321900368, 0.017325153574347496, 0.017706304788589478, 0.022232936695218086, 0.0216412004083395, 0.01991129294037819, 0.020229343324899673, 0.021677378565073013, 0.021647902205586433, 0.019734345376491547, 0.018941892310976982, 0.020173294469714165, 0.020825408399105072, 0.02130589261651039, 0.020873550325632095, 0.018437325954437256, 0.01813257858157158, 0.02061155065894127, 0.019386829808354378, 0.01868211105465889, 0.018192391842603683, 0.018292032182216644, 0.018123684450984, 0.01597416400909424, 0.016422213986516], "position_loss": [0.00908504519611597, 0.01110215112566948, 0.019868278875947, 0.01944918930530548, 0.014033684507012367, 0.014450364746153355, 0.016602175310254097, 0.016335200518369675, 0.009696360677480698, 0.009515240788459778, 0.014346190728247166, 0.013722668401896954, 0.011901013553142548, 0.011592527851462364, 0.009563310071825981, 0.009797101840376854, 0.01054845005273819, 0.010256226174533367, 0.008363926783204079, 0.00854055117815733, 0.010843923315405846, 0.010538958944380283, 0.010281609371304512, 0.00966141652315855, 0.008450249210000038, 0.008599991910159588, 0.008131430484354496, 0.00799704808741808, 0.008129937574267387, 0.007873998023569584, 0.00847841240465641, 0.008143557235598564, 0.0076768710277974606, 0.007625194266438484, 0.008253537118434906, 0.007969695143401623, 0.007456148974597454, 0.00727057782933116, 0.0077761090360581875, 0.007488781586289406, 0.006784456316381693, 0.006977749988436699, 0.007463817484676838, 0.0074097830802202225, 0.007637310773134232, 0.007422750350087881, 0.007751367054879665, 0.007544088643044233, 0.007513991557061672, 0.007300808094441891, 0.0071853529661893845, 0.006814027205109596, 0.0076983352191746235, 0.007568134926259518, 0.007511476054787636, 0.007188842631876469, 0.007164547219872475, 0.006927977781742811, 0.0072404975071549416, 0.0072962259873747826, 0.007069145329296589, 0.006903605069965124, 0.007021424360573292, 0.007047924678772688, 0.0072551448829472065, 0.006969609297811985, 0.006733619142323732, 0.006908002775162458, 0.006634499412029982, 0.006514279171824455, 0.006812009960412979, 0.006770471576601267, 0.006159051787108183, 0.0067345271818339825, 0.008026519790291786, 0.007687161210924387, 0.007216511759907007, 0.00737353228032589, 0.00957393553107977, 0.009311400353908539, 0.008457490243017673, 0.008560847491025925, 0.009325978346168995, 0.009318789467215538, 0.00831073522567749, 0.007959811016917229, 0.008656727150082588, 0.008926261216402054, 0.009218141436576843, 0.009008858352899551, 0.007754610851407051, 0.00764323677867651, 0.008814927190542221, 0.008273608051240444, 0.007818058133125305, 0.007612963672727346, 0.007747565396130085, 0.007658781949430704, 0.006593789905309677, 0.006801013369113207], "gru_regularizer_loss": [0.11541767418384552, 0.11858590692281723, 0.13395285606384277, 0.12891563773155212, 0.1339835524559021, 0.13037970662117004, 0.1281498372554779, 0.1257244050502777, 0.12096796929836273, 0.11783870309591293, 0.12112078070640564, 0.11596625298261642, 0.1178629994392395, 0.11657325178384781, 0.12110628187656403, 0.11925297230482101, 0.12047415971755981, 0.11688502877950668, 0.11771070957183838, 0.11833349615335464, 0.11752647161483765, 0.11457666009664536, 0.11915310472249985, 0.1139802560210228, 0.11421510577201843, 0.11493798345327377, 0.12099768966436386, 0.11776062846183777, 0.11965160071849823, 0.11637604236602783, 0.11693960428237915, 0.11423999816179276, 0.11349427700042725, 0.11269216984510422, 0.11978769302368164, 0.11633104830980301, 0.11632958054542542, 0.11343361437320709, 0.11617307364940643, 0.11290831118822098, 0.1132432296872139, 0.1142202615737915, 0.11805067956447601, 0.11680017411708832, 0.11484719812870026, 0.11351091414690018, 0.11763601005077362, 0.1145082339644432, 0.1177709698677063, 0.11434537917375565, 0.12024973332881927, 0.11484578251838684, 0.11747843027114868, 0.11583364009857178, 0.11765794456005096, 0.11268504709005356, 0.11613397300243378, 0.111039899289608, 0.1123868077993393, 0.11320153623819351, 0.11467701941728592, 0.11193319410085678, 0.1148633360862732, 0.11365795135498047, 0.11490590870380402, 0.11204949021339417, 0.1114424392580986, 0.11219023168087006, 0.1156223863363266, 0.11270508170127869, 0.11298239231109619, 0.11195475608110428, 0.10694272816181183, 0.11209280043840408, 0.11685977876186371, 0.11170212179422379, 0.1110919862985611, 0.11196751147508621, 0.1165378987789154, 0.11335490643978119, 0.1116003766655922, 0.1129886582493782, 0.11395249515771866, 0.11272010207176208, 0.11767464131116867, 0.114126056432724, 0.10977234691381454, 0.11110938340425491, 0.1108473688364029, 0.10984861850738525, 0.11409987509250641, 0.11088214814662933, 0.11552369594573975, 0.11041978746652603, 0.11432855576276779, 0.11124385893344879, 0.11033615469932556, 0.1093989834189415, 0.1085330918431282, 0.10917124152183533],