{"loss": [0.022124215960502625, 0.02533533237874508, 0.04395771771669388, 0.04453227296471596, 0.035471294075250626, 0.03441371023654938, 0.027350397780537605, 0.026796281337738037, 0.03720210865139961, 0.036218561232089996, 0.02876344509422779, 0.029067818075418472, 0.023678850382566452, 0.023052671924233437, 0.030375562608242035, 0.03172098845243454, 0.030917514115571976, 0.03111419826745987, 0.022787339985370636, 0.02289184369146824, 0.027352282777428627, 0.027308354154229164, 0.03033909946680069, 0.029761262238025665, 0.026625677943229675, 0.026666859164834023, 0.021621383726596832, 0.021218564361333847, 0.026307683438062668, 0.02582114189863205, 0.024582182988524437, 0.023878470063209534, 0.020532257854938507, 0.02119119092822075, 0.023415755480527878, 0.024276312440633774, 0.025592757388949394, 0.02389238402247429, 0.021847780793905258, 0.021786732599139214, 0.02231813222169876, 0.022358795627951622, 0.019577786326408386, 0.019788408651947975, 0.02251497469842434, 0.02228536829352379, 0.02291315235197544, 0.022690776735544205, 0.021314766258001328, 0.020723560824990273, 0.0188603438436985, 0.02100004442036152, 0.019815027713775635, 0.020278627052903175, 0.0207719374448061, 0.021281864494085312, 0.021058544516563416, 0.0216977559030056, 0.017710063606500626, 0.01852390170097351], "position_loss": [0.009466759860515594, 0.011004392057657242, 0.020189104601740837, 0.02046925388276577, 0.015850668773055077, 0.015358271077275276, 0.011921566911041737, 0.011708691716194153, 0.016818514093756676, 0.01638476736843586, 0.012876496650278568, 0.012966266833245754, 0.010131235234439373, 0.009916291572153568, 0.013307184912264347, 0.014033257961273193, 0.013514983467757702, 0.013664019294083118, 0.009824717417359352, 0.009854637086391449, 0.012162115424871445, 0.012108211405575275, 0.013632172718644142, 0.013329203240573406, 0.011922735720872879, 0.011863147839903831, 0.009227842092514038, 0.009062301367521286, 0.011449494399130344, 0.011250724084675312, 0.01055253017693758, 0.010268033482134342, 0.008769907988607883, 0.009094337932765484, 0.010304918512701988, 0.01066371239721775, 0.011269772425293922, 0.010478030890226364, 0.009448603726923466, 0.009428377263247967, 0.009592363610863686, 0.00964217260479927, 0.008255246095359325, 0.008388295769691467, 0.009764978662133217, 0.009663786739110947, 0.010012242943048477, 0.009906556457281113, 0.009099597111344337, 0.00884305126965046, 0.007836183533072472, 0.008815255016088486, 0.008394676260650158, 0.008575225248932838, 0.008872450329363346, 0.009121698327362537, 0.00908762589097023, 0.009349613450467587, 0.007358164060860872, 0.007691873237490654], "gru_regularizer_loss": [0.13502845168113708, 0.13915634155273438, 0.13816741108894348, 0.14057406783103943, 0.1445813775062561, 0.14229826629161835, 0.14093635976314545, 0.1357700675725937, 0.14669369161128998, 0.14124299585819244, 0.1309988796710968, 0.13547226786613464, 0.14254426956176758, 0.1355225145816803, 0.1459205597639084, 0.14411719143390656, 0.14819371700286865, 0.14694684743881226, 0.13430127501487732, 0.13467390835285187, 0.1293022334575653, 0.12863987684249878, 0.12771621346473694, 0.12801198661327362, 0.12140387296676636, 0.12661902606487274, 0.1342868208885193, 0.13033334910869598, 0.13863518834114075, 0.1341598480939865, 0.14196722209453583, 0.13675686717033386, 0.13068164885044098, 0.13090097904205322, 0.1230965256690979, 0.12723785638809204, 0.13197225332260132, 0.1258872151374817, 0.1284189075231552, 0.126909077167511, 0.13356535136699677, 0.13120457530021667, 0.13399294018745422, 0.1315731257200241, 0.1313289850950241, 0.12948139011859894, 0.1302996724843979, 0.1281980723142624, 0.13398674130439758, 0.12959055602550507, 0.12611451745033264, 0.13193491101264954, 0.1269165277481079, 0.13030771911144257, 0.12782910466194153, 0.1282978355884552, 0.1244240403175354, 0.1276128888130188, 0.12650829553604126, 0.128132164478302], "l2_xdx_activation_loss": [0.0006131315603852272, 0.0006446557817980647, 0.0007322722813114524, 0.0007290022913366556, 0.0007743746973574162, 0.0007577236392535269, 0.0006989614339545369, 0.0006733937771059573, 0.0006990419351495802, 0.0006785262376070023, 0.0005664821364916861, 0.0005931813502684236, 0.0006633064476773143, 0.0006212819134816527, 0.0007669894839636981, 0.0007374275592155755, 0.0008015304920263588, 0.0007718900451436639, 0.0005979579873383045, 0.0006116044241935015, 0.000578003644477576, 0.0006015046965330839, 0.0005988579941913486, 0.000607239780947566, 0.0005217166617512703, 0.0005577856209129095, 0.0006072709802538157, 0.0005965366144664586, 0.0006737748626619577, 0.0006590255070477724, 0.0006854769890196621, 0.0006579383625648916, 0.0005615355330519378, 0.0005641627358272672, 0.0005246450891718268, 0.0005584970931522548, 0.0005774903111159801, 0.0005588103667832911, 0.0005551219219341874, 0.0005532899522222579, 0.0005989110213704407, 0.0005871288594789803, 0.0005754478042945266, 0.000565021822694689, 0.0005569022614508867, 0.0005539862904697657, 0.0005282165948301554, 0.0005315538728609681, 0.0005915609654039145, 0.0005801775259897113, 0.0006419368437491357, 0.0006830542697571218, 0.0005851627793163061, 0.0006080260500311852, 0.0005825753323733807, 0.0005848233122378588, 0.0005460110842250288, 0.0005737939500249922, 0.0005758772022090852, 0.0006192710716277361]}