{"loss": [0.02145402505993843, 0.024397235363721848, 0.03789375722408295, 0.03807929530739784, 0.02665119059383869, 0.025436794385313988, 0.02360585704445839, 0.022883640602231026, 0.027149885892868042, 0.026054421439766884, 0.023970896378159523, 0.022690394893288612, 0.022672444581985474, 0.022108158096671104, 0.020646551623940468, 0.0197977926582098, 0.02101343311369419, 0.021318955346941948, 0.018834810703992844, 0.02004907839000225, 0.01894529163837433, 0.018324153497815132, 0.01960824802517891, 0.01896296627819538, 0.017745187506079674, 0.017595527693629265, 0.017575951293110847, 0.017519671469926834, 0.01720760390162468, 0.0171803068369627, 0.018557511270046234, 0.017667723819613457, 0.017145052552223206, 0.017512168735265732, 0.018491720780730247, 0.018026210367679596, 0.017668016254901886, 0.01778465323150158, 0.01808619312942028, 0.017883118242025375, 0.01796133443713188, 0.0182054340839386, 0.017880771309137344, 0.017777463421225548, 0.018615031614899635, 0.017766254022717476, 0.018104396760463715, 0.017438165843486786, 0.01961517333984375, 0.019608814269304276, 0.017053943127393723, 0.017120152711868286, 0.01956580951809883, 0.019743310287594795, 0.01732204668223858, 0.017071787267923355, 0.019486209377646446, 0.020090222358703613, 0.018888015300035477, 0.018540816381573677, 0.020689252763986588, 0.02009013667702675, 0.018159324303269386, 0.018386244773864746, 0.016886617988348007, 0.01701764389872551, 0.016440851613879204, 0.017573999240994453, 0.018060483038425446, 0.018005527555942535, 0.018122117966413498, 0.017579160630702972, 0.016845379024744034, 0.017566492781043053, 0.017596442252397537, 0.017600908875465393, 0.016963280737400055, 0.01688607782125473, 0.016810422763228416, 0.017217207700014114, 0.017507404088974, 0.016990862786769867, 0.017836308106780052, 0.01781124621629715, 0.017006684094667435, 0.01761973276734352, 0.015161391347646713, 0.01600002497434616, 0.01972005143761635, 0.018830392509698868, 0.018130237236618996, 0.018075302243232727, 0.01645532250404358, 0.0166375320404768, 0.019187990576028824, 0.01848987117409706, 0.01678767055273056, 0.01632373221218586, 0.017072640359401703, 0.016929075121879578], "position_loss": [0.009291796945035458, 0.010775340721011162, 0.017434073612093925, 0.01742180995643139, 0.011510930955410004, 0.010986767709255219, 0.010238926857709885, 0.009916495531797409, 0.011943855322897434, 0.011489436961710453, 0.010232198983430862, 0.009700741618871689, 0.009671220555901527, 0.00945023912936449, 0.008829181082546711, 0.008471953682601452, 0.009123780764639378, 0.0092500364407897, 0.008120544254779816, 0.00864099245518446, 0.008039198815822601, 0.007765254005789757, 0.008397611789405346, 0.008112482726573944, 0.007375974673777819, 0.0073161073960363865, 0.007355452980846167, 0.007334006950259209, 0.00718649523332715, 0.007188064511865377, 0.0077516790479421616, 0.007376169785857201, 0.0071804458275437355, 0.007348822429776192, 0.007813943549990654, 0.007615495938807726, 0.007468696683645248, 0.007531678304076195, 0.007627853192389011, 0.0075287725776433945, 0.007519328035414219, 0.007639606948941946, 0.007490791846066713, 0.007451572455465794, 0.007736380212008953, 0.0074006435461342335, 0.007508696522563696, 0.007228256203234196, 0.008356303907930851, 0.00836093258112669, 0.007051378022879362, 0.007100132759660482, 0.008346805348992348, 0.008416648022830486, 0.007250641472637653, 0.007170769851654768, 0.008374666795134544, 0.008639645762741566, 0.008004212751984596, 0.007854124531149864, 0.008806785568594933, 0.008565626107156277, 0.007667163386940956, 0.007763721980154514, 0.007051617372781038, 0.007128299213945866, 0.006854921579360962, 0.007353179156780243, 0.007529705762863159, 0.007519532460719347, 0.007518159691244364, 0.007298475131392479, 0.006988799665123224, 0.007292998488992453, 0.007298379670828581, 0.00729629211127758, 0.006894208956509829, 0.00687961233779788, 0.006970156915485859, 0.007142305374145508, 0.0072803618386387825, 0.007062201853841543, 0.007486701011657715, 0.007486959919333458, 0.007130768150091171, 0.007390953600406647, 0.006226173602044582, 0.006600818131119013, 0.008349001407623291, 0.007979671470820904, 0.007566872052848339, 0.007546904031187296, 0.006773047614842653, 0.006852643098682165, 0.00814907904714346, 0.007828840054571629, 0.0068573011085391045, 0.006673500407487154, 0.007124909665435553, 0.007068666163831949], "gru_regularizer_loss": [0.1057414710521698, 0.10433017462491989, 0.10385242104530334, 0.10822045803070068, 0.11857888102531433, 0.11276090145111084, 0.10713134706020355, 0.10413823276758194, 0.11381756514310837, 0.1082349494099617, 0.1178302988409996, 0.11174975335597992, 0.11079518496990204, 0.10722657293081284, 0.10826953500509262, 0.10304434597492218, 0.09975854307413101, 0.10013605654239655, 0.09724009037017822, 0.1012115627527237, 0.10380039364099503, 0.10076861828565598, 0.10398609191179276, 0.10101553052663803, 0.10685215145349503, 0.10521046072244644, 0.10439480096101761, 0.10291676968336105, 0.10323085635900497, 0.10186133533716202, 0.10929164290428162, 0.10412575304508209, 0.10123045742511749, 0.10150834172964096, 0.10344939678907394, 0.1002352312207222, 0.10027945041656494, 0.09920845925807953, 0.10334155708551407, 0.10185224562883377, 0.10263195633888245, 0.10276884585618973, 0.10505010932683945, 0.10329708456993103, 0.10970129072666168, 0.10438573360443115, 0.10681931674480438, 0.10346551984548569, 0.1051865965127945, 0.10326247662305832, 0.1027972623705864, 0.10136578977108002, 0.10136190056800842, 0.10161475837230682, 0.10314522683620453, 0.10007140040397644, 0.10152918100357056, 0.10315556079149246, 0.10284165292978287, 0.09983611851930618, 0.1052742749452591, 0.10202711075544357, 0.09931744635105133, 0.09973891824483871, 0.10281628370285034, 0.10138419270515442, 0.0962425023317337, 0.09989665448665619, 0.10580077767372131, 0.1041029691696167, 0.10798647254705429, 0.1042506992816925, 0.10163731873035431, 0.10349493473768234, 0.10327707976102829, 0.10181791335344315, 0.10522694885730743, 0.10340816527605057, 0.10219447314739227, 0.10233518481254578, 0.10514281690120697, 0.10176590085029602, 0.10212387144565582, 0.10077320039272308, 0.09885862469673157, 0.10087653994560242, 0.09650088101625443, 0.09880079329013824, 0.10601243376731873, 0.1010957807302475, 0.10618127882480621, 0.10426332801580429, 0.1013922244310379, 0.10021200776100159, 0.10235581547021866, 0.09948314726352692, 0.10695745795965195, 0.103413887321949, 0.10224899649620056, 0.10079177469015121],