{"loss": [0.019805826246738434, 0.02301432192325592, 0.04440394788980484, 0.04316597431898117, 0.020260198041796684, 0.020246721804142, 0.03798612952232361, 0.03751922398805618, 0.037261541932821274, 0.03426656872034073, 0.024225307628512383, 0.024395007640123367, 0.028591902926564217, 0.02787480130791664, 0.029287995770573616, 0.02867511846125126, 0.02233547903597355, 0.02206127531826496, 0.023623432964086533, 0.023419149219989777, 0.025617245584726334, 0.025166256353259087, 0.02098269574344158, 0.020188242197036743, 0.022170094773173332, 0.02119552716612816, 0.02431403659284115, 0.023054828867316246, 0.01998782530426979, 0.0196333397179842, 0.02236364223062992, 0.02112461067736149, 0.020509418100118637, 0.020186202600598335, 0.01893780007958412, 0.018985724076628685, 0.019011419266462326, 0.0188580509275198, 0.020494509488344193, 0.019707320258021355, 0.020916743203997612, 0.01971922256052494, 0.019139595329761505, 0.019188636913895607, 0.018624532967805862, 0.018702218309044838, 0.01837722584605217, 0.01846793293952942, 0.016293466091156006, 0.017125030979514122, 0.018517378717660904, 0.017959076911211014, 0.01886603981256485, 0.018193969503045082, 0.01822848804295063, 0.018608560785651207, 0.017548823729157448, 0.018173152580857277, 0.016861198469996452, 0.018319830298423767, 0.017203956842422485, 0.01734071969985962, 0.018274962902069092, 0.018131032586097717, 0.017352264374494553, 0.018480153754353523, 0.01743176206946373, 0.01781162992119789, 0.018107032403349876, 0.01881454326212406, 0.017196666449308395, 0.016749165952205658, 0.018407966941595078, 0.01790238358080387, 0.018400568515062332, 0.01748206466436386, 0.017454802989959717, 0.016892872750759125, 0.01778188906610012, 0.01732644811272621, 0.015641693025827408, 0.01638210192322731, 0.01901949569582939, 0.01840408518910408, 0.016822364181280136, 0.016930358484387398, 0.015323303639888763, 0.01571379415690899, 0.015910722315311432, 0.016284285113215446, 0.017366547137498856, 0.016043253242969513, 0.018933936953544617, 0.018056094646453857, 0.017026429995894432, 0.016485553234815598, 0.015149162150919437, 0.01598583348095417, 0.01756071299314499, 0.017428096383810043], "position_loss": [0.008351397700607777, 0.009977011010050774, 0.02016693353652954, 0.01963651180267334, 0.008327753283083439, 0.008391322568058968, 0.017341861501336098, 0.017052996903657913, 0.017021862789988518, 0.015633493661880493, 0.010484226047992706, 0.010614816099405289, 0.01256420835852623, 0.012295768596231937, 0.013131158426404, 0.012858867645263672, 0.009613499976694584, 0.009518051519989967, 0.01036962028592825, 0.010282452218234539, 0.011322778649628162, 0.011109772138297558, 0.008954126387834549, 0.00862856861203909, 0.00956976693123579, 0.009178589098155499, 0.010668368078768253, 0.010127189569175243, 0.008542362600564957, 0.008393201045691967, 0.009651122614741325, 0.009110279381275177, 0.008799928240478039, 0.008650611154735088, 0.008035215549170971, 0.008076278492808342, 0.008043098263442516, 0.007952617481350899, 0.00870541948825121, 0.008336572907865047, 0.008907625451683998, 0.008390720933675766, 0.008062344044446945, 0.008105718530714512, 0.007908927276730537, 0.00793546810746193, 0.007773047313094139, 0.0078078326769173145, 0.0067521617747843266, 0.007108929101377726, 0.007711710873991251, 0.007479241117835045, 0.007871049456298351, 0.00756825739517808, 0.0076937321573495865, 0.007860386744141579, 0.007338797673583031, 0.0076014939695596695, 0.007083647884428501, 0.007693076506257057, 0.007106729783117771, 0.007200689986348152, 0.0075713591650128365, 0.007520410697907209, 0.007239609956741333, 0.007690303958952427, 0.007208617404103279, 0.0073900604620575905, 0.00762216467410326, 0.007935791276395321, 0.007062047719955444, 0.006892402656376362, 0.007681647315621376, 0.007456991355866194, 0.007698770146816969, 0.007313753943890333, 0.00723606813699007, 0.006988880690187216, 0.007360783871263266, 0.007179122883826494, 0.006478930823504925, 0.0067907292395830154, 0.007920810021460056, 0.007672020234167576, 0.006890086457133293, 0.006945418659597635, 0.006178243085741997, 0.006366319488734007, 0.006431355606764555, 0.006592617370188236, 0.007032946217805147, 0.006502310745418072, 0.00783686526119709, 0.007472299970686436, 0.006964539177715778, 0.00672874366864562, 0.00611730944365263, 0.0064821140840649605, 0.007183447480201721, 0.007149100303649902], "gru_regularizer_loss": [0.1157013475894928, 0.11483444273471832, 0.13019651174545288, 0.12773212790489197, 0.12516118586063385, 0.11947284638881683, 0.115143783390522, 0.11576802283525467, 0.12022514641284943, 0.11256267130374908, 0.11856767535209656, 0.11669400334358215, 0.12338952720165253, 0.11905655264854431, 0.11662006378173828, 0.115030936896801, 0.11727212369441986, 0.11541397124528885, 0.11342531442642212, 0.11191681027412415, 0.11550011485815048, 0.11394117772579193, 0.11783264577388763, 0.11385203897953033, 0.11850340664386749, 0.11251112073659897, 0.11765193939208984, 0.11185537278652191, 0.11321869492530823, 0.11201409250497818, 0.11831112205982208, 0.11271798610687256, 0.11246857047080994, 0.11176832765340805, 0.11288739740848541, 0.11196111142635345, 0.1127266213297844, 0.11234024167060852, 0.11481192708015442, 0.11228778958320618, 0.11763472110033035, 0.11211372911930084, 0.11341527104377747, 0.11228802800178528, 0.11000563204288483, 0.11114677041769028, 0.110481858253479, 0.11152663826942444, 0.1082560122013092, 0.11182395368814468, 0.11586333811283112, 0.11269725859165192, 0.11681647598743439, 0.11353320628404617, 0.10995159298181534, 0.1113642156124115, 0.10853692889213562, 0.11209036409854889, 0.10515543073415756, 0.11149636656045914, 0.11428341269493103, 0.11294608563184738, 0.11507004499435425, 0.1139356791973114, 0.10749875754117966, 0.11381374299526215, 0.11156408488750458, 0.11261604726314545, 0.1094570904970169, 0.11277258396148682, 0.11708900332450867, 0.11353777348995209, 0.11598102748394012, 0.11276577413082123, 0.11612831801176071, 0.1107076108455658, 0.11475222557783127, 0.1115344911813736, 0.11602066457271576, 0.11272089928388596, 0.10700680315494537, 0.11050081253051758, 0.11795160174369812, 0.11420558393001556, 0.11401517689228058, 0.11306806653738022, 0.11118777096271515, 0.11239457130432129, 0.11229333281517029, 0.11384175717830658, 0.12156780064105988, 0.11342104524374008, 0.12023404240608215, 0.11450693011283875, 0.11615532636642456, 0.11300089955329895, 0.1094636395573616, 0.11304759979248047, 0.11815107613801956, 0.11658183485269547],