{"loss": [0.02205931581556797, 0.02546222321689129, 0.044824086129665375, 0.04369324818253517, 0.03900815173983574, 0.038103003054857254, 0.03989459201693535, 0.03969474136829376, 0.03231493756175041, 0.03270705044269562, 0.030801359564065933, 0.02996833063662052, 0.024106139317154884, 0.025287074968218803, 0.027526292949914932, 0.027295943349599838, 0.027468034997582436, 0.026204591616988182, 0.024976875633001328, 0.024613192304968834, 0.026878653094172478, 0.026493722572922707, 0.024807726964354515, 0.02434591017663479, 0.02277153730392456, 0.02334599755704403, 0.02289823442697525, 0.02277402952313423, 0.020672455430030823, 0.02105892449617386, 0.021758250892162323, 0.020664460957050323, 0.02243281714618206, 0.021653110161423683, 0.02337237261235714, 0.02177862636744976, 0.022745881229639053, 0.021406389772892, 0.020680760964751244, 0.019747868180274963, 0.020831864327192307, 0.019635789096355438, 0.02234751544892788, 0.02174415811896324, 0.02043200470507145, 0.019344797357916832, 0.021817835047841072, 0.021932683885097504, 0.020295768976211548, 0.020301537588238716, 0.02115088887512684, 0.01992725022137165, 0.0217653326690197, 0.021482517942786217, 0.019417693838477135, 0.01905699260532856, 0.020482007414102554, 0.020349223166704178, 0.018795201554894447, 0.018670890480279922], "position_loss": [0.009298170916736126, 0.011010106652975082, 0.02006525546312332, 0.01963958330452442, 0.017475582659244537, 0.01709395833313465, 0.018318330869078636, 0.018168700858950615, 0.014556343667209148, 0.014744330197572708, 0.013553857803344727, 0.01321989856660366, 0.010248213075101376, 0.010875130072236061, 0.012057005427777767, 0.011983348987996578, 0.012129170820116997, 0.011550243012607098, 0.01094513013958931, 0.010812508873641491, 0.011948215775191784, 0.01176995038986206, 0.010940037667751312, 0.01072002574801445, 0.009867433458566666, 0.010150815360248089, 0.009818200953304768, 0.009792895056307316, 0.008724506944417953, 0.008923623710870743, 0.009130553342401981, 0.0086715929210186, 0.009470841847360134, 0.009141252376139164, 0.009931692853569984, 0.009259667247533798, 0.009572822600603104, 0.009003269486129284, 0.008485897444188595, 0.00810372456908226, 0.008443222381174564, 0.007952327840030193, 0.009189454838633537, 0.008945303037762642, 0.008296635001897812, 0.007856146432459354, 0.009182450361549854, 0.009214558638632298, 0.008289549499750137, 0.008342081680893898, 0.008600673638284206, 0.0081049595028162, 0.009206706658005714, 0.009081965312361717, 0.007913362234830856, 0.007804069202393293, 0.008362996391952038, 0.008345335721969604, 0.007661154959350824, 0.007635658141225576], "gru_regularizer_loss": [0.16331693530082703, 0.1640043407678604, 0.19731208682060242, 0.18662410974502563, 0.17640085518360138, 0.1704922467470169, 0.1540069282054901, 0.1570034623146057, 0.15451335906982422, 0.15583589673042297, 0.1714763194322586, 0.1654643416404724, 0.16919884085655212, 0.1682637482881546, 0.16642118990421295, 0.16325229406356812, 0.16308318078517914, 0.1578279584646225, 0.1564951241016388, 0.15182974934577942, 0.15119916200637817, 0.14991074800491333, 0.14961209893226624, 0.14848174154758453, 0.1522950679063797, 0.15310944616794586, 0.15940439701080322, 0.15685676038265228, 0.15758265554904938, 0.15803450345993042, 0.16697892546653748, 0.15875907242298126, 0.16301128268241882, 0.15798155963420868, 0.16613887250423431, 0.15521642565727234, 0.1658419370651245, 0.15770432353019714, 0.16858595609664917, 0.16073310375213623, 0.17341090738773346, 0.16479963064193726, 0.16984939575195312, 0.1669142246246338, 0.1715104579925537, 0.16306298971176147, 0.15877097845077515, 0.16048230230808258, 0.165878564119339, 0.16307997703552246, 0.17718346416950226, 0.16790945827960968, 0.15911617875099182, 0.15741123259067535, 0.16667096316814423, 0.16110259294509888, 0.16785413026809692, 0.1648351103067398, 0.16450124979019165, 0.16196191310882568], "l2_xdx_activation_loss": [0.0006095789722166955, 0.0006002994487062097, 0.0009064618498086929, 0.0008489235769957304, 0.0007639718824066222, 0.0007363674812950194, 0.0005722659989260137, 0.0005954125663265586, 0.0005520161939784884, 0.0005529870395548642, 0.0006592716090381145, 0.0006242746021598577, 0.000638886122033, 0.0006177037139423192, 0.0005823345272801816, 0.0005652190302498639, 0.0005259316531009972, 0.000508253404404968, 0.00050686567556113, 0.0004896034952253103, 0.0004897210164926946, 0.00048454891657456756, 0.00047682083095423877, 0.0004733239475172013, 0.0005042173434048891, 0.0005040683317929506, 0.0005555730895139277, 0.00053953449241817, 0.0005488491151481867, 0.0005434217746369541, 0.0006087617948651314, 0.0005775380413979292, 0.0006199836498126388, 0.0005965735763311386, 0.0006155099836178124, 0.0005686864024028182, 0.0006469162181019783, 0.0006072466494515538, 0.0006740122917108238, 0.0006440058932639658, 0.000736747111659497, 0.0006940228049643338, 0.0007563473773188889, 0.000727780454326421, 0.0007075193570926785, 0.0006669337744824588, 0.0006213848246261477, 0.000632558309007436, 0.000685604230966419, 0.0006618342595174909, 0.0007255456293933094, 0.0006790554616600275, 0.0005865623825229704, 0.000581134925596416, 0.0006410629139281809, 0.0006122518097981811, 0.0006921340245753527, 0.0006697092903777957, 0.0006089357775636017, 0.0005929608596488833]}