{"loss": [0.019691552966833115, 0.02252131886780262, 0.04395485296845436, 0.042154114693403244, 0.03257780149579048, 0.032867949455976486, 0.0398353636264801, 0.03820748254656792, 0.027725571766495705, 0.027916328981518745, 0.02640320546925068, 0.027444103732705116, 0.02522459626197815, 0.02481571026146412, 0.022039745002985, 0.022299515083432198, 0.02529463730752468, 0.024693982675671577, 0.02056071348488331, 0.02070503681898117, 0.02465764805674553, 0.023420706391334534, 0.01913185976445675, 0.018985938280820847, 0.020369580015540123, 0.01986827701330185, 0.01793859899044037, 0.018691081553697586, 0.02015754207968712, 0.01900232583284378, 0.020079348236322403, 0.02017311565577984, 0.02115459553897381, 0.020569084212183952, 0.020079348236322403, 0.020380698144435883, 0.01987871341407299, 0.02080449089407921, 0.019379889592528343, 0.01903047412633896, 0.020457684993743896, 0.020037110894918442, 0.02167956531047821, 0.02189846895635128, 0.018296873196959496, 0.017709728330373764, 0.021430455148220062, 0.020383477210998535, 0.01725979894399643, 0.017673933878540993, 0.019593680277466774, 0.01903260126709938, 0.01886148750782013, 0.01876918412744999, 0.017618488520383835, 0.01816471666097641, 0.019908152520656586, 0.019075699150562286, 0.018698621541261673, 0.018374036997556686, 0.018200142309069633, 0.018699659034609795, 0.019796982407569885, 0.020171143114566803, 0.020316310226917267, 0.018920859321951866, 0.020955083891749382, 0.020641734823584557, 0.020177997648715973, 0.020046142861247063, 0.020022176206111908, 0.01949136145412922, 0.020393818616867065, 0.019638294354081154, 0.01827762834727764, 0.019506940618157387, 0.019953127950429916, 0.019385555759072304, 0.01989239640533924, 0.0194129329174757, 0.017651887610554695, 0.01733335107564926, 0.020979085937142372, 0.019375380128622055, 0.01984596624970436, 0.01843641884624958, 0.018068216741085052, 0.018343083560466766, 0.018439728766679764, 0.017990775406360626, 0.019347842782735825, 0.019276946783065796, 0.01785852573812008, 0.017512507736682892, 0.01848246529698372, 0.01836383156478405, 0.017969518899917603, 0.017334209755063057, 0.01895533874630928, 0.0187782384455204], "position_loss": [0.00820282194763422, 0.009678857401013374, 0.01973821222782135, 0.018928222358226776, 0.014342166483402252, 0.014528785832226276, 0.018207013607025146, 0.017465652897953987, 0.012305958196520805, 0.012382186949253082, 0.011633994989097118, 0.012099872343242168, 0.010800207033753395, 0.010644033551216125, 0.009386871941387653, 0.009502807632088661, 0.010987281799316406, 0.010668668895959854, 0.008534885942935944, 0.008620291948318481, 0.010541708208620548, 0.010004444047808647, 0.007839804515242577, 0.007759029511362314, 0.008525614626705647, 0.008298433385789394, 0.007428575772792101, 0.007759254891425371, 0.00835936889052391, 0.00787552073597908, 0.00845374446362257, 0.008487901650369167, 0.008871662430465221, 0.008641639724373817, 0.008380268700420856, 0.008510032668709755, 0.00834469310939312, 0.008743423037230968, 0.008134854026138783, 0.007984251715242863, 0.008496357128024101, 0.008341040462255478, 0.009222319349646568, 0.009283691644668579, 0.007563164923340082, 0.007323971018195152, 0.009128030389547348, 0.008682727813720703, 0.007149215321987867, 0.007319523952901363, 0.008247359655797482, 0.00800026673823595, 0.007880108430981636, 0.007838948629796505, 0.007350537925958633, 0.007586048915982246, 0.008366159163415432, 0.007977171801030636, 0.007726901676505804, 0.007613235153257847, 0.007578373420983553, 0.007761224173009396, 0.008394024334847927, 0.008547219447791576, 0.008530727587640285, 0.007910385727882385, 0.00888039730489254, 0.008765455335378647, 0.008557463996112347, 0.008475599810481071, 0.00843781977891922, 0.00818618293851614, 0.008597460575401783, 0.008249683305621147, 0.0076215146109461784, 0.00819385051727295, 0.008420072495937347, 0.008148256689310074, 0.00830902811139822, 0.008096680976450443, 0.007199729792773724, 0.007086865603923798, 0.00881303008645773, 0.00813690572977066, 0.008204024285078049, 0.007610484957695007, 0.007480795495212078, 0.007581235840916634, 0.007644815370440483, 0.0074491254054009914, 0.00801819283515215, 0.007994481362402439, 0.007352821994572878, 0.0072179255075752735, 0.007705563213676214, 0.007648429833352566, 0.007335194852203131, 0.007082192227244377, 0.007899695076048374, 0.007835826836526394], "gru_regularizer_loss": [0.14765027165412903, 0.14348454773426056, 0.15994083881378174, 0.15691769123077393, 0.15545575320720673, 0.15144391357898712, 0.15033642947673798, 0.14354218542575836, 0.14000006020069122, 0.14105980098247528, 0.13816824555397034, 0.14224281907081604, 0.14884525537490845, 0.14641794562339783, 0.14326831698417664, 0.1424197405576706, 0.14344650506973267, 0.14289599657058716, 0.14751942455768585, 0.14602679014205933, 0.15148630738258362, 0.14488691091537476, 0.14665569365024567, 0.14563171565532684, 0.143891841173172, 0.1421399861574173, 0.13668206334114075, 0.14025871455669403, 0.1489088237285614, 0.14197301864624023, 0.13966819643974304, 0.14064139127731323, 0.14738544821739197, 0.14281398057937622, 0.14126050472259521, 0.14237800240516663, 0.13734395802021027, 0.1411186009645462, 0.1390695571899414, 0.1373889148235321, 0.14640377461910248, 0.14218910038471222, 0.13950100541114807, 0.141287162899971, 0.1412944495677948, 0.13723088800907135, 0.14442531764507294, 0.1378858983516693, 0.13578729331493378, 0.1373695731163025, 0.14078843593597412, 0.13718748092651367, 0.1397726684808731, 0.13846419751644135, 0.13301128149032593, 0.1348295956850052, 0.14055556058883667, 0.13720329105854034, 0.142555370926857, 0.13867385685443878, 0.13378986716270447, 0.1379811018705368, 0.13638193905353546, 0.13765129446983337, 0.1437958925962448, 0.13758215308189392, 0.14274418354034424, 0.1389182209968567, 0.13499301671981812, 0.1362486034631729, 0.13952426612377167, 0.13643836975097656, 0.1413993537425995, 0.13783200085163116, 0.13437582552433014, 0.1377297341823578, 0.13836756348609924, 0.1369076371192932, 0.14180277287960052, 0.13842132687568665, 0.14097711443901062, 0.1372072398662567, 0.14739176630973816, 0.1381160169839859, 0.14727118611335754, 0.13844585418701172, 0.13799524307250977, 0.13789527118206024, 0.13968446850776672, 0.13633671402931213, 0.14070497453212738, 0.13949349522590637, 0.1404673159122467, 0.13671453297138214, 0.13757887482643127, 0.1364554464817047, 0.14325177669525146, 0.13878345489501953, 0.13934147357940674, 0.13772863149642944],