{"loss": [0.0204581618309021, 0.023183763027191162, 0.03477597236633301, 0.03416891396045685, 0.02745969220995903, 0.027831358835101128, 0.02414349652826786, 0.02338416688144207, 0.028439685702323914, 0.028614427894353867, 0.021937629207968712, 0.021704040467739105, 0.023939060047268867, 0.023936599493026733, 0.023745153099298477, 0.022914834320545197, 0.019532950595021248, 0.019573543220758438, 0.021902844309806824, 0.022276755422353745, 0.019657030701637268, 0.01961524412035942, 0.01963978260755539, 0.02021494321525097, 0.021355781704187393, 0.021147293969988823, 0.020616915076971054, 0.01988178677856922, 0.01701495423913002, 0.018659163266420364, 0.01848088577389717, 0.01806337758898735, 0.017064696177840233, 0.017661647871136665, 0.01848563179373741, 0.01828882470726967, 0.01913994736969471, 0.01799640990793705, 0.018071362748742104, 0.01814340241253376, 0.018093504011631012, 0.01795395277440548, 0.016721203923225403, 0.017683541402220726, 0.016158340498805046, 0.016852967441082, 0.018000196665525436, 0.017115363851189613, 0.017318032681941986, 0.01688951626420021, 0.01697433926165104, 0.016413994133472443, 0.017668699845671654, 0.01794477552175522, 0.016523275524377823, 0.016046736389398575, 0.017090916633605957, 0.017023751512169838, 0.01805352419614792, 0.017378568649291992, 0.017230985686182976, 0.01700620725750923, 0.01851039007306099, 0.017481576651334763, 0.017037689685821533, 0.01655725948512554, 0.016735073179006577, 0.01656481623649597, 0.018361322581768036, 0.018031015992164612, 0.016808563843369484, 0.016709161922335625, 0.017139052972197533, 0.01664797030389309, 0.0176983755081892, 0.0171970147639513, 0.01573704183101654, 0.016397833824157715, 0.017895253375172615, 0.017744090408086777, 0.018507827073335648, 0.018524758517742157, 0.018204279243946075, 0.018259547650814056, 0.017423877492547035, 0.01787273772060871, 0.021495729684829712, 0.021493814885616302, 0.01929885521531105, 0.019754083827137947, 0.016711829230189323, 0.017566749826073647, 0.017215102910995483, 0.017514945939183235, 0.016475174576044083, 0.016608277335762978, 0.01869804784655571, 0.017252283170819283, 0.0174908097833395, 0.016617171466350555], "position_loss": [0.008777621202170849, 0.010110549628734589, 0.015919813886284828, 0.015613055787980556, 0.011935648508369923, 0.012188348919153214, 0.010406115092337132, 0.010152047500014305, 0.01278699841350317, 0.012851912528276443, 0.009605230763554573, 0.009478430263698101, 0.010508098639547825, 0.010552845895290375, 0.010239548981189728, 0.009892472997307777, 0.008234274573624134, 0.008302873931825161, 0.009642020799219608, 0.009805840440094471, 0.008506749756634235, 0.008484162390232086, 0.008406872861087322, 0.008682058192789555, 0.009088975377380848, 0.008988662622869015, 0.008781238459050655, 0.008457073010504246, 0.00724541861563921, 0.007957179099321365, 0.007615034468472004, 0.007467933930456638, 0.00713698286563158, 0.007371409796178341, 0.007763553876429796, 0.007665994111448526, 0.008029821328818798, 0.0075462800450623035, 0.007526963949203491, 0.007550245150923729, 0.007458939682692289, 0.007426482159644365, 0.006946292705833912, 0.007360036019235849, 0.006734081078320742, 0.007004862185567617, 0.007437874097377062, 0.0070638637989759445, 0.0071432143449783325, 0.006974516436457634, 0.0070272209122776985, 0.006788021884858608, 0.007411296479403973, 0.007531787734478712, 0.006805166602134705, 0.006617329083383083, 0.007143622264266014, 0.007119542919099331, 0.0075681195594370365, 0.00728721683844924, 0.007254013791680336, 0.007149332202970982, 0.00775148905813694, 0.007315686903893948, 0.007095362991094589, 0.00689969677478075, 0.006945894565433264, 0.006878616288304329, 0.0077788932248950005, 0.007617380935698748, 0.007041075266897678, 0.006997182033956051, 0.007142509333789349, 0.006943433545529842, 0.007435356266796589, 0.007231372874230146, 0.006526561453938484, 0.006823950447142124, 0.007511858828365803, 0.007432660087943077, 0.007849561981856823, 0.007845005951821804, 0.007742139510810375, 0.007776640355587006, 0.007409893907606602, 0.007590817753225565, 0.009307014755904675, 0.009335402399301529, 0.00819597952067852, 0.00841168686747551, 0.00703743752092123, 0.007394163869321346, 0.0073118568398058414, 0.007424750365316868, 0.006903352681547403, 0.006966046057641506, 0.007786116097122431, 0.00717633031308651, 0.0073366533033549786, 0.006968112662434578], "gru_regularizer_loss": [0.09294161200523376, 0.09269622713327408, 0.09358647465705872, 0.09300681948661804, 0.10147549957036972, 0.09917248785495758, 0.10151595622301102, 0.0947805643081665, 0.09158768504858017, 0.09228459000587463, 0.09007860720157623, 0.08964972198009491, 0.09199988842010498, 0.09029599279165268, 0.09763853251934052, 0.09441114962100983, 0.09480991214513779, 0.0929201990365982, 0.08711748570203781, 0.08785156160593033, 0.08743710070848465, 0.08779004216194153, 0.08981193602085114, 0.09050312638282776, 0.0965171828866005, 0.09557756781578064, 0.09539183229207993, 0.09258605539798737, 0.08268901705741882, 0.08852066099643707, 0.09779951721429825, 0.09460107237100601, 0.08719690144062042, 0.08999339491128922, 0.09204103797674179, 0.0912514179944992, 0.09542324393987656, 0.09072685241699219, 0.09212485700845718, 0.09167194366455078, 0.0945054143667221, 0.09287279099225998, 0.0879727303981781, 0.09068124741315842, 0.08570099622011185, 0.0887337327003479, 0.09580438584089279, 0.0915081650018692, 0.09416888654232025, 0.09125663340091705, 0.09193369001150131, 0.08932247757911682, 0.08874543756246567, 0.08935951441526413, 0.09198838472366333, 0.08923323452472687, 0.08970414847135544, 0.0887913927435875, 0.09181344509124756, 0.08886201679706573, 0.08869750797748566, 0.08783765137195587, 0.09446115046739578, 0.08999652415513992, 0.09150783717632294, 0.08877209573984146, 0.09008586406707764, 0.08901214599609375, 0.08925056457519531, 0.08849785476922989, 0.08902817219495773, 0.08817961066961288, 0.09156990796327591, 0.08883171528577805, 0.09083998203277588, 0.08806338906288147, 0.0869874507188797, 0.08790009468793869, 0.09002184867858887, 0.08939463645219803, 0.08935225009918213, 0.08997739851474762, 0.08821091055870056, 0.08743289113044739, 0.08545588701963425, 0.08770949393510818, 0.0907278060913086, 0.08930453658103943, 0.09066672623157501, 0.09112264215946198, 0.08595356345176697, 0.08867181092500687, 0.0855875164270401, 0.0867326557636261, 0.08768422901630402, 0.08704051375389099, 0.09572765976190567, 0.08955328911542892, 0.09124836325645447, 0.08714058250188828],