{"loss": [0.023346075788140297, 0.025649981573224068, 0.04022810235619545, 0.03872067853808403, 0.03164486587047577, 0.03352340683341026, 0.02781539596617222, 0.02716778963804245, 0.030483275651931763, 0.03171365708112717, 0.036355458199977875, 0.03561565279960632, 0.02532748505473137, 0.024806180968880653, 0.033224716782569885, 0.033660054206848145, 0.03245310112833977, 0.03367272764444351, 0.022219382226467133, 0.022267132997512817, 0.026547802612185478, 0.02690792642533779, 0.03131572902202606, 0.030362725257873535, 0.023976659402251244, 0.024046162143349648, 0.02355445735156536, 0.024337636306881905, 0.02403336577117443, 0.02451642043888569, 0.020541241392493248, 0.02140701748430729, 0.02707238867878914, 0.027102239429950714, 0.02508711628615856, 0.023606201633810997, 0.02172648161649704, 0.021438701078295708, 0.021770909428596497, 0.022298745810985565, 0.021073471754789352, 0.021463248878717422, 0.024837680160999298, 0.02318018488585949, 0.02131509780883789, 0.021287323907017708, 0.023520169779658318, 0.024324215948581696, 0.020424693822860718, 0.0208752304315567, 0.028338724747300148, 0.02739415504038334, 0.021726202219724655, 0.0207082349807024, 0.023338619619607925, 0.0246458537876606, 0.022235477343201637, 0.021703636273741722, 0.0222760159522295, 0.02164420858025551], "position_loss": [0.009850874543190002, 0.011048157699406147, 0.01830536313354969, 0.017619021236896515, 0.013723148964345455, 0.014671062119305134, 0.012130537070333958, 0.011834184639155865, 0.013552749529480934, 0.014062336646020412, 0.016465967521071434, 0.016123076900839806, 0.011066875420510769, 0.010859777219593525, 0.015070725232362747, 0.015327829867601395, 0.014519303105771542, 0.01514837983995676, 0.009468927048146725, 0.0095370477065444, 0.011777213774621487, 0.01194844115525484, 0.013942615129053593, 0.013480279594659805, 0.010404215194284916, 0.010441239923238754, 0.01026868261396885, 0.010658839717507362, 0.010411334224045277, 0.01065617986023426, 0.008728351444005966, 0.009122956544160843, 0.011905445717275143, 0.011907504871487617, 0.010755162686109543, 0.010106825269758701, 0.009171849116683006, 0.009083382785320282, 0.009298384189605713, 0.009508528746664524, 0.00882064737379551, 0.009007229469716549, 0.010683408007025719, 0.009963938035070896, 0.009023550897836685, 0.009035593830049038, 0.010022323578596115, 0.01041047926992178, 0.0084034139290452, 0.008642502129077911, 0.012537411414086819, 0.012088808231055737, 0.009181154891848564, 0.00873270258307457, 0.009975911118090153, 0.010603107511997223, 0.009246015921235085, 0.009048301726579666, 0.009375753812491894, 0.00910956785082817], "gru_regularizer_loss": [0.15669295191764832, 0.1526748239994049, 0.15679186582565308, 0.15219177305698395, 0.15898369252681732, 0.16126462817192078, 0.151729017496109, 0.1485431045293808, 0.1391104906797409, 0.1450555920600891, 0.14275948703289032, 0.14177639782428741, 0.1467086374759674, 0.14239995181560516, 0.1435742825269699, 0.14146214723587036, 0.14712338149547577, 0.14855101704597473, 0.14684560894966125, 0.14436185359954834, 0.13703635334968567, 0.13812895119190216, 0.14476710557937622, 0.1432453840970993, 0.13826313614845276, 0.13909633457660675, 0.1378941684961319, 0.13865430653095245, 0.1407821774482727, 0.1413326859474182, 0.1373104304075241, 0.14076976478099823, 0.1427200883626938, 0.14372295141220093, 0.15227454900741577, 0.14533200860023499, 0.14706483483314514, 0.1428309977054596, 0.13727232813835144, 0.14132046699523926, 0.14411897957324982, 0.14493176341056824, 0.1518428921699524, 0.14271192252635956, 0.14391446113586426, 0.1421264261007309, 0.14427363872528076, 0.1468755453824997, 0.14656995236873627, 0.14516112208366394, 0.14346837997436523, 0.14016751945018768, 0.14493995904922485, 0.14104709029197693, 0.1422344148159027, 0.14545787870883942, 0.15377068519592285, 0.1490754336118698, 0.14911319315433502, 0.14505332708358765], "l2_xdx_activation_loss": [0.0006921334424987435, 0.0006753067136742175, 0.0006828198092989624, 0.0006532404222525656, 0.0008692449191585183, 0.0008558800327591598, 0.0006786781596019864, 0.0006709977169521153, 0.0006618918851017952, 0.0007124766707420349, 0.0006649767747148871, 0.0006502466858364642, 0.0005752166034653783, 0.0005538762779906392, 0.0005488424212671816, 0.000529591750819236, 0.0006474205874837935, 0.0006298186490312219, 0.0006040250300429761, 0.0005828076391480863, 0.0005406713462434709, 0.0005429182783700526, 0.0006606098031625152, 0.0006562377675436437, 0.0005948662874288857, 0.0005905735888518393, 0.0005457172519527376, 0.0005441384855657816, 0.0006006252951920033, 0.0005965778254903853, 0.0005701450863853097, 0.0005841360543854535, 0.000611098250374198, 0.0006163333309814334, 0.0006843484588898718, 0.0006460769800469279, 0.0006370451301336288, 0.0006142086931504309, 0.0006001395522616804, 0.0006224949611350894, 0.0006633290904574096, 0.0006661569350399077, 0.0006504784105345607, 0.0006080633029341698, 0.0006092836265452206, 0.000597956997808069, 0.0006772622582502663, 0.000677833566442132, 0.0007170549361035228, 0.0007125377305783331, 0.0006094053969718516, 0.0006046209018677473, 0.0006378308753482997, 0.0006104533676989377, 0.0006544837960973382, 0.0006613527075387537, 0.0007349122315645218, 0.0007050925050862134, 0.000677458243444562, 0.0006578455795533955]}