{"loss": [0.020390737801790237, 0.022658076137304306, 0.033489130437374115, 0.031810663640499115, 0.028359970077872276, 0.027674220502376556, 0.02901599183678627, 0.02887624129652977, 0.025779809802770615, 0.026729721575975418, 0.023617742583155632, 0.023335449397563934, 0.021590914577245712, 0.020955726504325867, 0.01749843917787075, 0.0188735481351614, 0.020014556124806404, 0.01999431662261486, 0.020770203322172165, 0.02136991173028946, 0.01871543563902378, 0.018798504024744034, 0.020884297788143158, 0.020149042829871178, 0.020158907398581505, 0.018614329397678375, 0.019672434777021408, 0.020262517035007477, 0.01837330311536789, 0.018471933901309967, 0.02149580419063568, 0.020190203562378883, 0.019852519035339355, 0.018634341657161713, 0.019479524344205856, 0.01910128816962242, 0.01936463639140129, 0.019595948979258537, 0.017519088461995125, 0.019193356856703758, 0.018857130780816078, 0.01825251802802086, 0.019503194838762283, 0.018909243866801262, 0.018218453973531723, 0.017062215134501457, 0.01818006858229637, 0.0183526873588562, 0.018867552280426025, 0.01864558830857277, 0.017543397843837738, 0.017540941014885902, 0.017039213329553604, 0.018144264817237854, 0.019951554015278816, 0.018817899748682976, 0.01844361424446106, 0.019190127030014992, 0.017393453046679497, 0.016927704215049744, 0.018561866134405136, 0.018719522282481194, 0.015908118337392807, 0.016568006947636604, 0.01722286455333233, 0.016757003962993622, 0.016928547993302345, 0.017160387709736824, 0.015498626977205276, 0.016664432361721992, 0.016276102513074875, 0.016688762232661247, 0.017177263274788857, 0.016809212043881416, 0.01653897948563099, 0.016088875010609627, 0.015487050637602806, 0.016744451597332954, 0.017249230295419693, 0.017247827723622322, 0.01651155948638916, 0.016500817611813545, 0.01664416864514351, 0.016680147498846054, 0.01624877005815506, 0.017371756955981255, 0.016656190156936646, 0.01617017760872841, 0.01789143495261669, 0.018083728849887848, 0.016640547662973404, 0.01624440588057041, 0.018476199358701706, 0.017004162073135376, 0.015637867152690887, 0.01601414382457733, 0.016595065593719482, 0.01654108241200447, 0.015589393675327301, 0.01618940383195877], "position_loss": [0.008751863613724709, 0.009923015721142292, 0.01486761961132288, 0.014099488966166973, 0.012674705125391483, 0.012348145246505737, 0.012874539941549301, 0.012821820564568043, 0.011302794329822063, 0.011712317354977131, 0.01009424589574337, 0.009983625262975693, 0.009225219488143921, 0.008975008502602577, 0.007379582617431879, 0.00798843428492546, 0.008534583263099194, 0.008545960299670696, 0.00902022048830986, 0.009253434836864471, 0.007889016531407833, 0.0079275481402874, 0.008761362172663212, 0.008456316776573658, 0.008541833609342575, 0.007879605516791344, 0.008482430130243301, 0.008709673769772053, 0.0078109800815582275, 0.007847297936677933, 0.00920849572867155, 0.008643072098493576, 0.008397214114665985, 0.007877334952354431, 0.00835865642875433, 0.008200811222195625, 0.008369400165975094, 0.008442463353276253, 0.007453378289937973, 0.008219292387366295, 0.007983381859958172, 0.007725819945335388, 0.008327227085828781, 0.008041869848966599, 0.0076495870016515255, 0.0071614268235862255, 0.0074933175928890705, 0.007603833917528391, 0.007969602011144161, 0.00786871649324894, 0.0073409718461334705, 0.007353333756327629, 0.0072236512787640095, 0.007686058524996042, 0.008474372327327728, 0.00796857662498951, 0.007883594371378422, 0.008164163678884506, 0.007150033488869667, 0.006962749641388655, 0.00782947801053524, 0.00789167545735836, 0.006495027337223291, 0.0067713381722569466, 0.007103345822542906, 0.006904489826411009, 0.007089474704116583, 0.007163434289395809, 0.006431266665458679, 0.006920272950083017, 0.006753139663487673, 0.006927525158971548, 0.007141911890357733, 0.006986558437347412, 0.0068468088284134865, 0.006653833668678999, 0.006502868141978979, 0.006998735945671797, 0.007244423497468233, 0.007249076385051012, 0.006910028401762247, 0.00690709613263607, 0.006988622713834047, 0.007006978616118431, 0.006730550434440374, 0.007222701329737902, 0.006824452430009842, 0.006630025338381529, 0.007617139723151922, 0.007682470139116049, 0.006870454642921686, 0.00670999102294445, 0.007670538499951363, 0.007058669347316027, 0.0064421771094202995, 0.006594592705368996, 0.006902157794684172, 0.006876496132463217, 0.006452315952628851, 0.006706124171614647], "gru_regularizer_loss": [0.11648689210414886, 0.11485473066568375, 0.12366539984941483, 0.11969893425703049, 0.1181931123137474, 0.11599167436361313, 0.12423591315746307, 0.12313028424978256, 0.11729121208190918, 0.1225864589214325, 0.12347333133220673, 0.12122704088687897, 0.12256692349910736, 0.1183648481965065, 0.1102297455072403, 0.11527861654758453, 0.113843634724617, 0.11257178336381912, 0.10805943608283997, 0.11159311234951019, 0.11655409634113312, 0.11520496010780334, 0.12140730023384094, 0.11745259165763855, 0.12266014516353607, 0.11460479348897934, 0.10904508829116821, 0.11292791366577148, 0.11299213767051697, 0.11222652345895767, 0.1209903210401535, 0.1149405762553215, 0.12042181193828583, 0.11476639658212662, 0.11805304139852524, 0.11445973813533783, 0.11156164109706879, 0.11280099302530289, 0.10791812837123871, 0.11326277256011963, 0.11884284019470215, 0.11502724140882492, 0.11542756855487823, 0.11256738752126694, 0.12042135000228882, 0.1147889718413353, 0.12307165563106537, 0.12087108194828033, 0.11775468289852142, 0.11634901165962219, 0.11880530416965485, 0.11688306927680969, 0.10758741199970245, 0.11321993917226791, 0.11896185576915741, 0.11336137354373932, 0.11063380539417267, 0.11433560401201248, 0.12355974316596985, 0.11982999742031097, 0.1148645281791687, 0.11631444841623306, 0.11437329649925232, 0.11580700427293777, 0.11958737671375275, 0.11614581197500229, 0.110541433095932, 0.11221972107887268, 0.10675426572561264, 0.11235108971595764, 0.11271394789218903, 0.11405423283576965, 0.1153879463672638, 0.11183590441942215, 0.11689887195825577, 0.11328792572021484, 0.10631807148456573, 0.11214935779571533, 0.1138673797249794, 0.1124575138092041, 0.11171986907720566, 0.11071986705064774, 0.11240769922733307, 0.11100387573242188, 0.11085004359483719, 0.11414074897766113, 0.11811832338571548, 0.11438384652137756, 0.10862225294113159, 0.11004262417554855, 0.11484138667583466, 0.1115058958530426, 0.12141512334346771, 0.11348524689674377, 0.11042116582393646, 0.11195283383131027, 0.11128335446119308, 0.11000446230173111, 0.10900507122278214, 0.10976596921682358],