{"loss": [0.02264251746237278, 0.02298908308148384, 0.029327016323804855, 0.028835466131567955, 0.029134873300790787, 0.02825450897216797, 0.025235038250684738, 0.025725848972797394, 0.02592572569847107, 0.025722576305270195, 0.020966941490769386, 0.022175714373588562, 0.02297108992934227, 0.022973256185650826, 0.02037195861339569, 0.020288826897740364, 0.019237250089645386, 0.01949290744960308, 0.01997768133878708, 0.019761748611927032, 0.01861562579870224, 0.018655549734830856, 0.017557237297296524, 0.018569516018033028, 0.021107442677021027, 0.019653327763080597, 0.017374293878674507, 0.017806611955165863, 0.01947680674493313, 0.019315751269459724, 0.01809253916144371, 0.01801689714193344, 0.018710006028413773, 0.017515357583761215, 0.01721552200615406, 0.01761469617486, 0.01825796626508236, 0.017488665878772736, 0.017689116299152374, 0.017242662608623505, 0.017420455813407898, 0.017296209931373596, 0.01775609701871872, 0.017382953315973282, 0.016917459666728973, 0.017152555286884308, 0.01672419160604477, 0.01767537370324135, 0.015671726316213608, 0.017310233786702156, 0.017623838037252426, 0.016930602490901947, 0.017636794596910477, 0.017195288091897964, 0.016087211668491364, 0.01689956896007061, 0.018267277628183365, 0.01810934767127037, 0.01686018705368042, 0.017455104738473892, 0.016874462366104126, 0.016891278326511383, 0.019660519436001778, 0.01944384165108204, 0.016856255009770393, 0.017406286671757698, 0.017094817012548447, 0.017054641619324684, 0.01882060244679451, 0.017649296671152115, 0.01731651835143566, 0.016782820224761963, 0.0164174921810627, 0.016272086650133133, 0.016304735094308853, 0.015348202548921108, 0.01789204217493534, 0.016793645918369293, 0.018565738573670387, 0.01853940635919571, 0.01495241280645132, 0.016047000885009766, 0.019361604005098343, 0.018827060237526894, 0.019400520250201225, 0.018088193610310555, 0.017456060275435448, 0.018201641738414764, 0.017711983993649483, 0.017868081107735634, 0.018449487164616585, 0.018303070217370987, 0.019640836864709854, 0.018908198922872543, 0.01948782056570053, 0.018873373046517372, 0.01847277395427227, 0.018826374784111977, 0.02061712183058262, 0.019497741013765335], "position_loss": [0.009727582335472107, 0.009997276589274406, 0.012792396359145641, 0.012636183761060238, 0.012911918573081493, 0.012536868453025818, 0.011037916876375675, 0.011316384188830853, 0.011489721946418285, 0.011369473300874233, 0.009047762490808964, 0.009593144059181213, 0.009956280700862408, 0.009945078752934933, 0.00855848379433155, 0.008542909286916256, 0.00810056459158659, 0.008219937793910503, 0.008338086307048798, 0.008249086327850819, 0.007629127707332373, 0.007630965672433376, 0.007242907769978046, 0.007628403604030609, 0.008700501173734665, 0.008106429129838943, 0.007023482117801905, 0.007222395855933428, 0.00816722959280014, 0.008104604668915272, 0.007450923323631287, 0.007428339682519436, 0.007721829228103161, 0.007218452170491219, 0.007146729156374931, 0.007322174031287432, 0.007544633001089096, 0.007241707760840654, 0.007339185569435358, 0.0071622407995164394, 0.007265882566571236, 0.007217489182949066, 0.007204427849501371, 0.007085186894983053, 0.006906808819621801, 0.0069906809367239475, 0.00692135700955987, 0.0073063308373093605, 0.006407957058399916, 0.007109445985406637, 0.007201948203146458, 0.00690407445654273, 0.007310320157557726, 0.0071330866776406765, 0.006648664362728596, 0.006985758896917105, 0.007656199857592583, 0.007583404425531626, 0.006881038658320904, 0.007155884522944689, 0.0069015552289783955, 0.006913511082530022, 0.00834303442388773, 0.00823974795639515, 0.006931880488991737, 0.007180673535913229, 0.006926173344254494, 0.006916295271366835, 0.007782425731420517, 0.007290887180715799, 0.007079666946083307, 0.006863254122436047, 0.006735942792147398, 0.0066842082887887955, 0.006626575719565153, 0.006224971730262041, 0.007393293548375368, 0.006932171061635017, 0.007841693237423897, 0.007827269844710827, 0.006037382874637842, 0.006532835774123669, 0.008153012953698635, 0.007916031405329704, 0.008070112206041813, 0.007521955296397209, 0.007349250838160515, 0.007641381584107876, 0.007356645073741674, 0.007431120611727238, 0.007705047260969877, 0.007626781705766916, 0.008342268876731396, 0.008009163662791252, 0.008256587199866772, 0.008023148402571678, 0.007797074504196644, 0.007944593206048012, 0.00879067275673151, 0.008326949551701546], "gru_regularizer_loss": [0.12694387137889862, 0.12123925238847733, 0.13207976520061493, 0.12789174914360046, 0.12887930870056152, 0.12481506913900375, 0.12197468429803848, 0.1206481084227562, 0.11795227974653244, 0.11907769739627838, 0.11415500938892365, 0.11911230534315109, 0.119325190782547, 0.12023646384477615, 0.1205420196056366, 0.1195402443408966, 0.11854240298271179, 0.11956553906202316, 0.12271536886692047, 0.12165924906730652, 0.12237465381622314, 0.12212251126766205, 0.11649775505065918, 0.12142261117696762, 0.13123571872711182, 0.12326705455780029, 0.12060298025608063, 0.12184087187051773, 0.12029071152210236, 0.11942974478006363, 0.12167355418205261, 0.12038613855838776, 0.12464190274477005, 0.11908849328756332, 0.11612243950366974, 0.11745187640190125, 0.1231401264667511, 0.11776808649301529, 0.12114518880844116, 0.1178586483001709, 0.11873039603233337, 0.11773909628391266, 0.12565883994102478, 0.12196306139230728, 0.1202099621295929, 0.1215711459517479, 0.11504465341567993, 0.11934692412614822, 0.11190450191497803, 0.1183089017868042, 0.12252839654684067, 0.11932861804962158, 0.12056592106819153, 0.11741752177476883, 0.11487220227718353, 0.11818812787532806, 0.11849600076675415, 0.11754897236824036, 0.1195373386144638, 0.12053179740905762, 0.11985565721988678, 0.11907965689897537, 0.11800837516784668, 0.11742349714040756, 0.11765722185373306, 0.1190270185470581, 0.12289407849311829, 0.12173187732696533, 0.12512804567813873, 0.11946943402290344, 0.12283000349998474, 0.11933456361293793, 0.11919260025024414, 0.11795975267887115, 0.12307620048522949, 0.11757110059261322, 0.12511807680130005, 0.11935370415449142, 0.1176234632730484, 0.11671434342861176, 0.1146838441491127, 0.11776912212371826, 0.12203937768936157, 0.11888328939676285, 0.12511000037193298, 0.11769076436758041, 0.11225754022598267, 0.1160978227853775, 0.11922197043895721, 0.1183665469288826, 0.11946211010217667, 0.118693046271801, 0.1192302256822586, 0.116248220205307, 0.1218905821442604, 0.11642515659332275, 0.11494565010070801, 0.11742091178894043, 0.12453749775886536, 0.11709030717611313],