{"loss": [0.022821446880698204, 0.026024477556347847, 0.04038769379258156, 0.03967015817761421, 0.02801378257572651, 0.0300222709774971, 0.03562510013580322, 0.035818472504615784, 0.036881886422634125, 0.03645935654640198, 0.030598705634474754, 0.030674738809466362, 0.02482813037931919, 0.024291880428791046, 0.027433689683675766, 0.02772325649857521, 0.031378183513879776, 0.03000112995505333, 0.022778261452913284, 0.022240612655878067, 0.02448923885822296, 0.02446017600595951, 0.023792419582605362, 0.02407020889222622, 0.02136470004916191, 0.02133249305188656, 0.022666074335575104, 0.02169748581945896, 0.019913217052817345, 0.02030913345515728, 0.020752662792801857, 0.020589902997016907, 0.019894277676939964, 0.01990296132862568, 0.02032691426575184, 0.02071988768875599, 0.020564589649438858, 0.019215278327465057, 0.01838647574186325, 0.018537983298301697, 0.019870782271027565, 0.019002577289938927, 0.017680775374174118, 0.017183523625135422, 0.018500860780477524, 0.017909787595272064, 0.017776936292648315, 0.017627345398068428, 0.018033631145954132, 0.017536407336592674, 0.0177737008780241, 0.017418868839740753, 0.01737828738987446, 0.01720104180276394, 0.016332047060132027, 0.016268469393253326, 0.017501354217529297, 0.016883233562111855, 0.01744673401117325, 0.017117522656917572, 0.016316886991262436, 0.0166817344725132, 0.016657739877700806, 0.017210062593221664, 0.01574147678911686, 0.015792470425367355, 0.0171210914850235, 0.017637699842453003, 0.01771441660821438, 0.016844671219587326, 0.01852106675505638, 0.01852782629430294, 0.017113294452428818, 0.01742025837302208, 0.017212148755788803, 0.017846928909420967, 0.016546446830034256, 0.016477063298225403, 0.01658736541867256, 0.01622219756245613, 0.017801694571971893, 0.017205867916345596, 0.016900181770324707, 0.016519276425242424, 0.016340166330337524, 0.017042554914951324, 0.01634187065064907, 0.016253747045993805, 0.01558372937142849, 0.015969697386026382, 0.015475842170417309, 0.016236113384366035, 0.016092702746391296, 0.01601547747850418, 0.015391180291771889, 0.015903059393167496, 0.014452124945819378, 0.015272625721991062, 0.01699843443930149, 0.01696886122226715], "position_loss": [0.009811333380639553, 0.011434085667133331, 0.018269360065460205, 0.017975373193621635, 0.0122498394921422, 0.013180632144212723, 0.016146354377269745, 0.016216635704040527, 0.016767043620347977, 0.01659972220659256, 0.013681159354746342, 0.013697881251573563, 0.010649658739566803, 0.010436435230076313, 0.011935603804886341, 0.012084992602467537, 0.013803880661725998, 0.013182561844587326, 0.00968017615377903, 0.009454631246626377, 0.010654618963599205, 0.010652517899870872, 0.010443825274705887, 0.010543838143348694, 0.009141935966908932, 0.009146539494395256, 0.00955522432923317, 0.009180048480629921, 0.008412463590502739, 0.008609786629676819, 0.008829093538224697, 0.008760700933635235, 0.008407308720052242, 0.008441156707704067, 0.008763084188103676, 0.008892025798559189, 0.008723466657102108, 0.008136142045259476, 0.00764152267947793, 0.007724908646196127, 0.008300981484353542, 0.007929074577987194, 0.007272081915289164, 0.007073194719851017, 0.007718238979578018, 0.007454883772879839, 0.007326791062951088, 0.007259862497448921, 0.0073968106880784035, 0.007212544325739145, 0.007300919387489557, 0.007173639256507158, 0.007178577594459057, 0.0071030789986252785, 0.006679539568722248, 0.006669807713478804, 0.007151939906179905, 0.00689441105350852, 0.007187355775386095, 0.007055982016026974, 0.006677726283669472, 0.006836824119091034, 0.006821450777351856, 0.007059053517878056, 0.006434359587728977, 0.0064476486295461655, 0.007127206306904554, 0.007365011610090733, 0.007375461980700493, 0.007022168021649122, 0.007750364486128092, 0.007752083241939545, 0.007126028649508953, 0.00723005086183548, 0.0071994708850979805, 0.007454564329236746, 0.006833820138126612, 0.006792768370360136, 0.00683344341814518, 0.006691256072372198, 0.007338724099099636, 0.007091628387570381, 0.00701299449428916, 0.006860891357064247, 0.006747425999492407, 0.007022851146757603, 0.006687402259558439, 0.006643348839133978, 0.006363619584590197, 0.006537729874253273, 0.006343313958495855, 0.00666087307035923, 0.006570408120751381, 0.0065538701601326466, 0.0062628076411783695, 0.006481325253844261, 0.005824257154017687, 0.006188490428030491, 0.007034072652459145, 0.007010351400822401], "gru_regularizer_loss": [0.12016811966896057, 0.11840736865997314, 0.13250312209129333, 0.1290944367647171, 0.12126731872558594, 0.1254369020462036, 0.11770071089267731, 0.11847385764122009, 0.12232363969087601, 0.11891736090183258, 0.11855471134185791, 0.11938758939504623, 0.12374479323625565, 0.11978337168693542, 0.12340933084487915, 0.12168294936418533, 0.1275852918624878, 0.12318163365125656, 0.12160535156726837, 0.1179119199514389, 0.11938290297985077, 0.11777248978614807, 0.1136428564786911, 0.11451656371355057, 0.11875202506780624, 0.11658981442451477, 0.13108620047569275, 0.12390461564064026, 0.11788597702980042, 0.11765454709529877, 0.12116003036499023, 0.118963323533535, 0.11852854490280151, 0.11654189974069595, 0.11165919899940491, 0.11460292339324951, 0.12073653936386108, 0.1146635115146637, 0.11844740808010101, 0.11663872748613358, 0.12329922616481781, 0.11739376187324524, 0.12000435590744019, 0.11596916615962982, 0.11811816692352295, 0.11459742486476898, 0.11713069677352905, 0.11554522067308426, 0.1242721676826477, 0.1197386160492897, 0.12318351864814758, 0.11880519986152649, 0.12074589729309082, 0.1184760332107544, 0.11848556250333786, 0.11642542481422424, 0.12359445542097092, 0.119221992790699, 0.12070205807685852, 0.11669990420341492, 0.11770400404930115, 0.11789316684007645, 0.11844513565301895, 0.11864129453897476, 0.11672285199165344, 0.11526388674974442, 0.11502940952777863, 0.11519152671098709, 0.12082812935113907, 0.11460290849208832, 0.11785443127155304, 0.11605367064476013, 0.11463293433189392, 0.11539483070373535, 0.11304561793804169, 0.11571502685546875, 0.1155334934592247, 0.11399272084236145, 0.11863894760608673, 0.11468929797410965, 0.12368549406528473, 0.11905816942453384, 0.1169801652431488, 0.11319449543952942, 0.11474703252315521, 0.11730478703975677, 0.11912523210048676, 0.11726649850606918, 0.11456647515296936, 0.11474797129631042, 0.11312106251716614, 0.11572901159524918, 0.11707237362861633, 0.11509254574775696, 0.11535464227199554, 0.11589226126670837, 0.11343065649271011, 0.11582061648368835, 0.11709970235824585, 0.11547794938087463],