{"loss": [0.02351691946387291, 0.024838073179125786, 0.0441526398062706, 0.042776983231306076, 0.03066316619515419, 0.031030161306262016, 0.03187685087323189, 0.031084218993782997, 0.022037994116544724, 0.02355813793838024, 0.02636781521141529, 0.02712836302816868, 0.022565148770809174, 0.02239839732646942, 0.02638895809650421, 0.026560798287391663, 0.020381376147270203, 0.0212798323482275, 0.020508140325546265, 0.021220223978161812, 0.02040749043226242, 0.021379683166742325, 0.022145895287394524, 0.021175093948841095, 0.023657115176320076, 0.022317510098218918, 0.019682584330439568, 0.02106393687427044, 0.021856538951396942, 0.021121038123965263, 0.01866636425256729, 0.018964281305670738, 0.01901300996541977, 0.0193878673017025, 0.018849238753318787, 0.018882066011428833, 0.018277717754244804, 0.0182481799274683, 0.01883140578866005, 0.018764443695545197, 0.019187387079000473, 0.018301518633961678, 0.016415508463978767, 0.01778721809387207, 0.02152412384748459, 0.020906317979097366, 0.018777713179588318, 0.01858123391866684, 0.0212106853723526, 0.021034441888332367, 0.01772969774901867, 0.01851181872189045, 0.02007787488400936, 0.01997893676161766, 0.01931288279592991, 0.018434345722198486, 0.018148252740502357, 0.01890740543603897, 0.019648369401693344, 0.01877225749194622], "position_loss": [0.009865481406450272, 0.010615474544465542, 0.019776692613959312, 0.01915769651532173, 0.013592792674899101, 0.013781744986772537, 0.014163339510560036, 0.01375572383403778, 0.00889961514621973, 0.009709758684039116, 0.011067893356084824, 0.011473235674202442, 0.009467659518122673, 0.00939389131963253, 0.011589016765356064, 0.011638530530035496, 0.008583213202655315, 0.008989812806248665, 0.008370640687644482, 0.008762563578784466, 0.008434910327196121, 0.008908022195100784, 0.009261751547455788, 0.008860725909471512, 0.010101675987243652, 0.009493236429989338, 0.008270745165646076, 0.00886034220457077, 0.00915874820202589, 0.008858266286551952, 0.007552057970315218, 0.007709312718361616, 0.007680105976760387, 0.007859816774725914, 0.007700669579207897, 0.007735522463917732, 0.007380074355751276, 0.007388169411569834, 0.007585269398987293, 0.007586364168673754, 0.007662860210984945, 0.007306498009711504, 0.006484643090516329, 0.007076177280396223, 0.008726629428565502, 0.008510592393577099, 0.007523493375629187, 0.007450118660926819, 0.008864614181220531, 0.008792659267783165, 0.0071674371138215065, 0.007524659391492605, 0.008174560032784939, 0.008152667433023453, 0.007790897041559219, 0.007438112515956163, 0.007327565923333168, 0.00768045661970973, 0.007979479618370533, 0.007633035536855459], "gru_regularizer_loss": [0.1624925136566162, 0.1561596691608429, 0.1703643500804901, 0.16864435374736786, 0.15465834736824036, 0.15333254635334015, 0.1556481570005417, 0.15645785629749298, 0.16537532210350037, 0.16458123922348022, 0.16312381625175476, 0.16457942128181458, 0.15698112547397614, 0.15544308722019196, 0.14699965715408325, 0.1483832448720932, 0.14677560329437256, 0.15013688802719116, 0.15754659473896027, 0.15713036060333252, 0.1530679613351822, 0.15534238517284393, 0.16007354855537415, 0.1534929722547531, 0.15799084305763245, 0.15178367495536804, 0.14198529720306396, 0.15006355941295624, 0.15661656856536865, 0.15208590030670166, 0.15503200888633728, 0.1552349478006363, 0.15601414442062378, 0.15635894238948822, 0.15519586205482483, 0.15333561599254608, 0.15631404519081116, 0.15462833642959595, 0.15674887597560883, 0.15477047860622406, 0.16475774347782135, 0.15776999294757843, 0.1478937417268753, 0.15394002199172974, 0.16516874730587006, 0.16012030839920044, 0.15654878318309784, 0.1548084169626236, 0.1537361592054367, 0.15236037969589233, 0.1487700343132019, 0.15182921290397644, 0.15891440212726593, 0.15675893425941467, 0.16188937425613403, 0.1549016833305359, 0.15169811248779297, 0.15415596961975098, 0.16194011270999908, 0.15496176481246948], "l2_xdx_activation_loss": [0.0007199968677014112, 0.0006814955268055201, 0.0009648563573136926, 0.0009247015696018934, 0.0006433184607885778, 0.0006441007135435939, 0.0006642150692641735, 0.0006690502632409334, 0.0008613225072622299, 0.0008305886294692755, 0.0008665823843330145, 0.0008450181921944022, 0.0006863249582238495, 0.0006850464851595461, 0.0005799616337753832, 0.0005996208055876195, 0.0005820507649332285, 0.0005992653896100819, 0.0007301165023818612, 0.0007075828034430742, 0.0006686484557576478, 0.0006697227363474667, 0.0006735376082360744, 0.0006392236682586372, 0.0006242698873393238, 0.0006040515727363527, 0.0005733983125537634, 0.0006138570606708527, 0.0006572771235369146, 0.0006275336490944028, 0.000670294335577637, 0.0006640864885412157, 0.0006972035625949502, 0.0007011991692706943, 0.0006316317594610155, 0.0006255404441617429, 0.0006511276005767286, 0.0006415042444132268, 0.0006974439020268619, 0.0006809880142100155, 0.0007376811117865145, 0.0007032586727291346, 0.0006554127903655171, 0.0006981389597058296, 0.0008060438558459282, 0.0007609612075611949, 0.0007213976932689548, 0.0007106217090040445, 0.0006476825219579041, 0.0006414905074052513, 0.000635358621366322, 0.0006477202987298369, 0.0007128549623303115, 0.000701655400916934, 0.0007037160103209317, 0.0006693523027934134, 0.0006583636859431863, 0.000667961488943547, 0.0006896539125591516, 0.0006518404697999358]}