{"loss": [0.02160767652094364, 0.0225159153342247, 0.030874762684106827, 0.03240533545613289, 0.024988582357764244, 0.025045743212103844, 0.02280852198600769, 0.02220534346997738, 0.027856700122356415, 0.027798017486929893, 0.024782855063676834, 0.024158570915460587, 0.022070761770009995, 0.02267123945057392, 0.02199130691587925, 0.021846003830432892, 0.021269574761390686, 0.02131490968167782, 0.022874170914292336, 0.02302226424217224, 0.018859367817640305, 0.018992368131875992, 0.02198132686316967, 0.02112686075270176, 0.01819979026913643, 0.019281547516584396, 0.017636200413107872, 0.01853020489215851, 0.020276464521884918, 0.020178981125354767, 0.018836650997400284, 0.019218571484088898, 0.01796339452266693, 0.017646269872784615, 0.018857533112168312, 0.019159281626343727, 0.01803823933005333, 0.01910104602575302, 0.019729947671294212, 0.018666952848434448, 0.020177530124783516, 0.02014964073896408, 0.02060593105852604, 0.0198968555778265, 0.01969841495156288, 0.01966077834367752, 0.01767059974372387, 0.017831942066550255, 0.020169507712125778, 0.020200256258249283, 0.01773836836218834, 0.01714286394417286, 0.017080284655094147, 0.017181387171149254, 0.016967611387372017, 0.016882190480828285, 0.016970135271549225, 0.01688886620104313, 0.016475128009915352, 0.01723075471818447, 0.019488554447889328, 0.018993495032191277, 0.01840379647910595, 0.018110262230038643, 0.01942720077931881, 0.019594289362430573, 0.01845216006040573, 0.0185864195227623, 0.017784107476472855, 0.0179595947265625, 0.01979914866387844, 0.01976589672267437, 0.01880398578941822, 0.01857845112681389, 0.018005957826972008, 0.018205642700195312, 0.01918856054544449, 0.01924552209675312, 0.017992867156863213, 0.018340716138482094, 0.017391430214047432, 0.018062161281704903, 0.018695402890443802, 0.018170015886425972, 0.018030285835266113, 0.017818300053477287, 0.017855174839496613, 0.017651693895459175, 0.018403837457299232, 0.017427444458007812, 0.01708364300429821, 0.017372993752360344, 0.02099192701280117, 0.01945420354604721, 0.01991315372288227, 0.0189506933093071, 0.020184434950351715, 0.019469359889626503, 0.019976159557700157, 0.020299550145864487], "position_loss": [0.009170153178274632, 0.009618023410439491, 0.013701318763196468, 0.014434673823416233, 0.010490507818758488, 0.010581462644040585, 0.009617366828024387, 0.009348939172923565, 0.012106078676879406, 0.012072253972291946, 0.010601279325783253, 0.01030761655420065, 0.009399362839758396, 0.009680021554231644, 0.009283811785280704, 0.009232996962964535, 0.00892771128565073, 0.008950244635343552, 0.009797215461730957, 0.009823913685977459, 0.007746727671474218, 0.007823927327990532, 0.009284507483243942, 0.008894504979252815, 0.007491225376725197, 0.007945578545331955, 0.007191745098680258, 0.007567763328552246, 0.008417175151407719, 0.008386015892028809, 0.007736699655652046, 0.007893403992056847, 0.007249949965626001, 0.0071156746707856655, 0.007776781916618347, 0.007881758734583855, 0.007470044307410717, 0.007879926823079586, 0.008056767284870148, 0.007609914522618055, 0.008391994051635265, 0.008409646339714527, 0.00852416455745697, 0.008222531527280807, 0.008174731396138668, 0.00814688391983509, 0.007120396010577679, 0.007189359050244093, 0.008442811667919159, 0.008419221267104149, 0.007159445434808731, 0.006906455382704735, 0.00686611095443368, 0.00690095080062747, 0.0068201227113604546, 0.006792136467993259, 0.00680704228579998, 0.006781140808016062, 0.006664725486189127, 0.0069661373272538185, 0.007985041476786137, 0.007792447227984667, 0.007466052658855915, 0.007322185672819614, 0.008094452321529388, 0.008122303523123264, 0.007583565544337034, 0.007647255435585976, 0.007248117122799158, 0.0073139239102602005, 0.008333881385624409, 0.008320873603224754, 0.007768548559397459, 0.007684886455535889, 0.00737103121355176, 0.007461225148290396, 0.007962374947965145, 0.007985476404428482, 0.007429270073771477, 0.007553107105195522, 0.007142320740967989, 0.007405739743262529, 0.007661005482077599, 0.007446142379194498, 0.007352009881287813, 0.007264633197337389, 0.007256617769598961, 0.0071630459278821945, 0.007503299508243799, 0.00709868548437953, 0.006929012481123209, 0.00703987805172801, 0.008631877601146698, 0.00800725631415844, 0.008121674880385399, 0.007739588618278503, 0.008394925855100155, 0.008065602742135525, 0.008366723544895649, 0.008466767147183418], "gru_regularizer_loss": [0.13574552536010742, 0.1348462998867035, 0.14052525162696838, 0.1445838063955307, 0.14865337312221527, 0.14601099491119385, 0.14004778861999512, 0.13710635900497437, 0.1377652883529663, 0.13747739791870117, 0.13810116052627563, 0.13727304339408875, 0.13364149630069733, 0.13507945835590363, 0.13818849623203278, 0.13678844273090363, 0.13827139139175415, 0.1372288167476654, 0.13460463285446167, 0.1362239271402359, 0.13793644309043884, 0.136768639087677, 0.1383085399866104, 0.13503378629684448, 0.13036957383155823, 0.13481275737285614, 0.13201862573623657, 0.136210635304451, 0.138807013630867, 0.13756988942623138, 0.136176198720932, 0.1378294974565506, 0.13662782311439514, 0.13581424951553345, 0.1341184824705124, 0.1359948217868805, 0.1303023248910904, 0.1353553831577301, 0.14242182672023773, 0.13642485439777374, 0.13797107338905334, 0.13638901710510254, 0.14257867634296417, 0.13870511949062347, 0.13607726991176605, 0.13573110103607178, 0.13707932829856873, 0.13637620210647583, 0.13456976413726807, 0.13640815019607544, 0.13932892680168152, 0.13590551912784576, 0.13543637096881866, 0.13670556247234344, 0.13682541251182556, 0.13566718995571136, 0.13817615807056427, 0.1370009183883667, 0.1312243938446045, 0.13527855277061462, 0.141575425863266, 0.13767707347869873, 0.1383696049451828, 0.13755469024181366, 0.13221080601215363, 0.13484914600849152, 0.13492219150066376, 0.13444171845912933, 0.13469819724559784, 0.13624650239944458, 0.1343173384666443, 0.1334703266620636, 0.13794799149036407, 0.13623015582561493, 0.13596808910369873, 0.13677912950515747, 0.1362757384777069, 0.13545788824558258, 0.13099601864814758, 0.1330958604812622, 0.12980793416500092, 0.134029820561409, 0.13989241421222687, 0.13633468747138977, 0.138028085231781, 0.13650140166282654, 0.1365974396467209, 0.13557125627994537, 0.1399146467447281, 0.13411380350589752, 0.13295267522335052, 0.1347201019525528, 0.14826269447803497, 0.13909511268138885, 0.14529266953468323, 0.1388186663389206, 0.13850563764572144, 0.13557736575603485, 0.1327497363090515, 0.13496369123458862],