{"loss": [0.027787595987319946, 0.02993706241250038, 0.04767489433288574, 0.045501913875341415, 0.025747615844011307, 0.02550463005900383, 0.039739351719617844, 0.039281852543354034, 0.027148284018039703, 0.026321541517972946, 0.03376246243715286, 0.03322863578796387, 0.03730729967355728, 0.03595327213406563, 0.02837231382727623, 0.029041847214102745, 0.024175845086574554, 0.02546829730272293, 0.028291665017604828, 0.026655899360775948, 0.026603274047374725, 0.025635946542024612, 0.022220022976398468, 0.022487083449959755, 0.024964464828372, 0.023276614025235176, 0.021604204550385475, 0.02237984910607338, 0.022645870223641396, 0.022439120337367058, 0.021098466590046883, 0.021608956158161163, 0.02243823930621147, 0.020711131393909454, 0.020963143557310104, 0.021010292693972588, 0.02304946444928646, 0.022602740675210953, 0.02117815427482128, 0.02105899527668953, 0.021180827170610428, 0.021713154390454292, 0.02164125256240368, 0.02106689289212227, 0.02270846627652645, 0.022306334227323532, 0.01846608892083168, 0.01903950609266758, 0.020840821787714958, 0.020807232707738876, 0.020681848749518394, 0.021143551915884018, 0.020857863128185272, 0.020505446940660477, 0.020816437900066376, 0.02051115781068802, 0.019319452345371246, 0.01903350092470646, 0.018868736922740936, 0.018981900066137314], "position_loss": [0.011723165400326252, 0.012833868153393269, 0.02193719893693924, 0.020871469751000404, 0.010408062487840652, 0.010472764261066914, 0.017320729792118073, 0.01720769889652729, 0.011044208891689777, 0.010735341347754002, 0.014941155910491943, 0.014641202054917812, 0.016713477671146393, 0.016000093892216682, 0.012375585734844208, 0.012637807987630367, 0.010215720161795616, 0.010839219205081463, 0.01198488473892212, 0.011344609782099724, 0.011278330348432064, 0.010897930711507797, 0.009122793562710285, 0.009324857033789158, 0.010514795780181885, 0.009799235500395298, 0.00917733833193779, 0.009541891515254974, 0.00958518497645855, 0.009517829865217209, 0.00865377951413393, 0.008942562155425549, 0.009221486747264862, 0.008522179909050465, 0.008699090220034122, 0.008722144179046154, 0.009640411473810673, 0.009464811533689499, 0.008691607974469662, 0.008633297868072987, 0.008718476630747318, 0.008933767676353455, 0.00887533463537693, 0.008662549778819084, 0.009337449446320534, 0.009182612411677837, 0.007274725008755922, 0.007547981105744839, 0.008451486937701702, 0.008457274176180363, 0.008374513126909733, 0.008615143597126007, 0.008413923904299736, 0.008257534354925156, 0.008427802473306656, 0.00829721987247467, 0.007703348994255066, 0.0075849913991987705, 0.007471323478966951, 0.007570274174213409], "gru_regularizer_loss": [0.18475404381752014, 0.18210327625274658, 0.16886669397354126, 0.16725964844226837, 0.20249633491039276, 0.18890754878520966, 0.19966194033622742, 0.19462373852729797, 0.19934505224227905, 0.1923701912164688, 0.17257647216320038, 0.1733219027519226, 0.1670447736978531, 0.16855758428573608, 0.16168084740638733, 0.1681378036737442, 0.16771402955055237, 0.1713772565126419, 0.19308844208717346, 0.17771679162979126, 0.1832030862569809, 0.1740020364522934, 0.17696122825145721, 0.1732875108718872, 0.1788942664861679, 0.16741198301315308, 0.15647634863853455, 0.16025501489639282, 0.16630014777183533, 0.1636153906583786, 0.1684539020061493, 0.16807661950588226, 0.18099971115589142, 0.1666053831577301, 0.1623411476612091, 0.16330191493034363, 0.1663883477449417, 0.16410548985004425, 0.16701868176460266, 0.16550105810165405, 0.16091763973236084, 0.1651451289653778, 0.16960234940052032, 0.1643109917640686, 0.16898633539676666, 0.16665923595428467, 0.16508521139621735, 0.16622421145439148, 0.16547605395317078, 0.16586697101593018, 0.16510368883609772, 0.16589254140853882, 0.16968990862369537, 0.1677340567111969, 0.1687246710062027, 0.16679629683494568, 0.16762657463550568, 0.16574902832508087, 0.16826418042182922, 0.1657574325799942], "l2_xdx_activation_loss": [0.0008308865944854915, 0.0008157428819686174, 0.0007035887101665139, 0.000695105001796037, 0.0009684875840321183, 0.0008896536310203373, 0.0010334033286198974, 0.0009730511228553951, 0.00102178321685642, 0.0009753641206771135, 0.0007177737425081432, 0.0007373152766376734, 0.000736277608666569, 0.0007554825278930366, 0.0006677560741081834, 0.0006945950444787741, 0.0006887326599098742, 0.000691673019900918, 0.0007966485572978854, 0.0007294819224625826, 0.0007378390291705728, 0.0006996666779741645, 0.0007345864432863891, 0.0007011432899162173, 0.0007149554439820349, 0.0006676530465483665, 0.0005612328532151878, 0.0005641495808959007, 0.0006038104766048491, 0.0005887465085834265, 0.000701767101418227, 0.0006806665332987905, 0.0007280673016794026, 0.0006665503606200218, 0.0006468283827416599, 0.0006439730059355497, 0.0007012298447079957, 0.0006769979372620583, 0.000707894389051944, 0.0007121064700186253, 0.0007112102466635406, 0.0007310339715331793, 0.0007311641820706427, 0.0006992049748077989, 0.0007808791706338525, 0.0007578170043416321, 0.0007549065048806369, 0.0007600784883834422, 0.0007606731378473341, 0.0007443157373927534, 0.000760238675866276, 0.0007510900031775236, 0.000777348643168807, 0.0007706558681093156, 0.0007575057097710669, 0.00074922782368958, 0.0007451403071172535, 0.0007349872030317783, 0.0007474596495740116, 0.000727569917216897]}