{"loss": [0.022598687559366226, 0.02507481910288334, 0.039746012538671494, 0.038229964673519135, 0.025526562705636024, 0.02641410008072853, 0.0323173813521862, 0.032446905970573425, 0.03416532278060913, 0.03258626163005829, 0.025213835760951042, 0.02562517672777176, 0.02263447642326355, 0.024506932124495506, 0.0287594273686409, 0.02688923291862011, 0.022188354283571243, 0.02088918723165989, 0.02156027778983116, 0.02208610251545906, 0.025891965255141258, 0.025278829038143158, 0.02265641652047634, 0.02214544638991356, 0.021465979516506195, 0.021830471232533455, 0.019884608685970306, 0.020476704463362694, 0.020148785784840584, 0.020460408180952072, 0.020590361207723618, 0.020570289343595505, 0.018796389922499657, 0.01946486160159111, 0.02125094085931778, 0.021032901480793953, 0.020129527896642685, 0.01984400674700737, 0.020591428503394127, 0.019813572987914085, 0.020093923434615135, 0.01975170709192753, 0.019936326891183853, 0.019668761640787125, 0.018128331750631332, 0.01718912646174431, 0.017610006034374237, 0.018581124022603035, 0.01811823807656765, 0.017592599615454674, 0.019165772944688797, 0.01851719804108143, 0.01735273376107216, 0.016415387392044067, 0.01862202398478985, 0.019059134647250175, 0.016972549259662628, 0.016099970787763596, 0.019501784816384315, 0.019491154700517654, 0.01889636181294918, 0.01827503740787506, 0.01648770458996296, 0.017960483208298683, 0.020179644227027893, 0.019613338634371758, 0.01715337671339512, 0.017263371497392654, 0.020124847069382668, 0.019565628841519356, 0.016049647703766823, 0.01653398759663105, 0.018374653533101082, 0.017784330993890762, 0.018937058746814728, 0.018308809027075768, 0.01752387173473835, 0.017092352733016014, 0.018079441040754318, 0.01745116151869297, 0.01769726164638996, 0.017556967213749886, 0.016227180138230324, 0.016393588855862617, 0.01746094971895218, 0.016498953104019165, 0.017678014934062958, 0.017419906333088875, 0.017845043912529945, 0.017248626798391342, 0.01692390814423561, 0.016741754487156868, 0.01773824170231819, 0.017468217760324478, 0.018437784165143967, 0.017547471448779106, 0.01599636673927307, 0.015691595152020454, 0.016881443560123444, 0.016433466225862503], "position_loss": [0.009709280915558338, 0.010968253016471863, 0.01812765561044216, 0.01743808574974537, 0.011191840283572674, 0.011616948992013931, 0.014629409648478031, 0.014700483530759811, 0.015520503744482994, 0.01481504924595356, 0.011082050390541553, 0.011280473321676254, 0.009767914190888405, 0.010631151497364044, 0.012483327649533749, 0.011689674109220505, 0.0093692010268569, 0.008815198205411434, 0.009269914589822292, 0.009511727839708328, 0.011433457024395466, 0.011166232638061047, 0.009778772480785847, 0.009540537372231483, 0.009286140091717243, 0.009401218965649605, 0.008528153412044048, 0.008794817142188549, 0.008511226624250412, 0.008679649792611599, 0.008807484060525894, 0.008816493675112724, 0.008022486232221127, 0.008310322649776936, 0.009081450290977955, 0.009007046930491924, 0.008534617722034454, 0.00841287150979042, 0.008773712441325188, 0.00840635597705841, 0.008555387146770954, 0.008425280451774597, 0.008496933616697788, 0.008347045630216599, 0.007508607115596533, 0.007127318065613508, 0.007276219315826893, 0.007705554366111755, 0.007556279189884663, 0.007334881462156773, 0.008106598630547523, 0.007827025838196278, 0.007198084611445665, 0.006804066710174084, 0.00775871379300952, 0.007950670085847378, 0.0069406358525156975, 0.0065950010903179646, 0.008309626951813698, 0.008305448107421398, 0.00798675324767828, 0.007713215425610542, 0.0068783932365477085, 0.007486812770366669, 0.00854317657649517, 0.008321346715092659, 0.007090468425303698, 0.007155762054026127, 0.008519654162228107, 0.008296330459415913, 0.006652591284364462, 0.006884205620735884, 0.007665063254535198, 0.007430040277540684, 0.007941541261970997, 0.007692359387874603, 0.007269399240612984, 0.007088810205459595, 0.007513272576034069, 0.0072511229664087296, 0.007323388941586018, 0.007281406782567501, 0.006647162605077028, 0.006735153496265411, 0.007264190819114447, 0.006855422630906105, 0.007388766389340162, 0.0072823637165129185, 0.007361592259258032, 0.007119337096810341, 0.0069440859369933605, 0.006866452284157276, 0.007392344530671835, 0.00727814668789506, 0.007718220818787813, 0.0073496997356414795, 0.006454860791563988, 0.006354788783937693, 0.006890433840453625, 0.006719926372170448], "gru_regularizer_loss": [0.12229809165000916, 0.12191736698150635, 0.13610351085662842, 0.13097470998764038, 0.12004506587982178, 0.12029055505990982, 0.12234596908092499, 0.12071434408426285, 0.12432905286550522, 0.11850759387016296, 0.12366985529661179, 0.12349370121955872, 0.12026362121105194, 0.12409661710262299, 0.13931921124458313, 0.13005240261554718, 0.13455064594745636, 0.1276981383562088, 0.1204414889216423, 0.12049289792776108, 0.12291279435157776, 0.1190652847290039, 0.12315751612186432, 0.11960744857788086, 0.11511081457138062, 0.11646376550197601, 0.11714315414428711, 0.11738089472055435, 0.12689867615699768, 0.1260414719581604, 0.12423986196517944, 0.1218029111623764, 0.1148916631937027, 0.1171235740184784, 0.12469470500946045, 0.1219804584980011, 0.12311485409736633, 0.12094011902809143, 0.1228012964129448, 0.11920821666717529, 0.12201748043298721, 0.11814970523118973, 0.1205262690782547, 0.1189645379781723, 0.12524394690990448, 0.11912720650434494, 0.12094428390264511, 0.12281373143196106, 0.1228482574224472, 0.11878422647714615, 0.12130714952945709, 0.11745209246873856, 0.12410815060138702, 0.11819560080766678, 0.12343711405992508, 0.1231476217508316, 0.12569409608840942, 0.11952325701713562, 0.11845545470714569, 0.11680062860250473, 0.11950977146625519, 0.11598747223615646, 0.11429420113563538, 0.11903239786624908, 0.12333559989929199, 0.11922039091587067, 0.11986466497182846, 0.11797013878822327, 0.12839512526988983, 0.12363365292549133, 0.11798040568828583, 0.11804994940757751, 0.12569108605384827, 0.12123671174049377, 0.12468015402555466, 0.1203073114156723, 0.12279743701219559, 0.11890304088592529, 0.12280616164207458, 0.11879858374595642, 0.12301862239837646, 0.12075261026620865, 0.12021602690219879, 0.11849868297576904, 0.12195825576782227, 0.11618465930223465, 0.12248536944389343, 0.12006144970655441, 0.12539750337600708, 0.12098714709281921, 0.12474267184734344, 0.12232889235019684, 0.12110826373100281, 0.11900880932807922, 0.12166304886341095, 0.11613413691520691, 0.12430429458618164, 0.12011146545410156, 0.1264534890651703, 0.12202391028404236],