{"loss": [0.02306034229695797, 0.02572212927043438, 0.038557425141334534, 0.03749962896108627, 0.027278296649456024, 0.02701144851744175, 0.02625695988535881, 0.02527744509279728, 0.029757030308246613, 0.028225746005773544, 0.02600683644413948, 0.026509251445531845, 0.02497713640332222, 0.025438573211431503, 0.025416705757379532, 0.02535277046263218, 0.027961794286966324, 0.02664528228342533, 0.02019592933356762, 0.02094254270195961, 0.021983107551932335, 0.02230612374842167, 0.022080782800912857, 0.021914418786764145, 0.021909259259700775, 0.021481459960341454, 0.02025812678039074, 0.020026644691824913, 0.01896374113857746, 0.019290395081043243, 0.01997978985309601, 0.019382191821932793, 0.018455661833286285, 0.018838778138160706, 0.020368287339806557, 0.019064106047153473, 0.021459519863128662, 0.020755570381879807, 0.01923704892396927, 0.019656764343380928, 0.018708353862166405, 0.01978548802435398, 0.019479066133499146, 0.01965368166565895, 0.021395888179540634, 0.020277753472328186, 0.02138659358024597, 0.02069868892431259, 0.018898583948612213, 0.019021352753043175, 0.019736401736736298, 0.020198499783873558, 0.017622757703065872, 0.01828630268573761, 0.018457846716046333, 0.017929211258888245, 0.01723063364624977, 0.017311763018369675, 0.019081011414527893, 0.018820080906152725], "position_loss": [0.009705816395580769, 0.011027566157281399, 0.01738940365612507, 0.016916371881961823, 0.011701148934662342, 0.011641611345112324, 0.011192009784281254, 0.010788396000862122, 0.013062889687716961, 0.012347899377346039, 0.011291704140603542, 0.011540960520505905, 0.010620948858559132, 0.010835402645170689, 0.010910081677138805, 0.010882973670959473, 0.012105906382203102, 0.011542994529008865, 0.008304580114781857, 0.00868869200348854, 0.009256599470973015, 0.009405137039721012, 0.009300218895077705, 0.009224461391568184, 0.009094533510506153, 0.008916277438402176, 0.008329098112881184, 0.00824716780334711, 0.007792172022163868, 0.007923864759504795, 0.00814280565828085, 0.007911475375294685, 0.007472687866538763, 0.007640168070793152, 0.00835651159286499, 0.0078070154413580894, 0.008924483321607113, 0.008629243820905685, 0.007936361245810986, 0.008123975247144699, 0.007788059767335653, 0.008263308554887772, 0.007983730174601078, 0.008094239048659801, 0.008832578547298908, 0.008375229313969612, 0.008955522440373898, 0.008665519766509533, 0.007719161920249462, 0.0078011685982346535, 0.00817993562668562, 0.008374486118555069, 0.007211065385490656, 0.0074920207262039185, 0.007403847761452198, 0.007205681875348091, 0.006902107037603855, 0.006943715736269951, 0.007879579439759254, 0.0077614509500563145], "gru_regularizer_loss": [0.15738444030284882, 0.15603424608707428, 0.16277022659778595, 0.15999603271484375, 0.16456913948059082, 0.15879854559898376, 0.163183331489563, 0.15546701848506927, 0.1561371386051178, 0.151692196726799, 0.1495962142944336, 0.15060800313949585, 0.15408803522586823, 0.15741364657878876, 0.15654021501541138, 0.15498217940330505, 0.16308990120887756, 0.1548185795545578, 0.15182802081108093, 0.1521507203578949, 0.14829568564891815, 0.1493934839963913, 0.15072286128997803, 0.14940649271011353, 0.15525227785110474, 0.15296922624111176, 0.15218821167945862, 0.14995518326759338, 0.14746297895908356, 0.14897948503494263, 0.1569487452507019, 0.15164735913276672, 0.14813129603862762, 0.14953137934207916, 0.15469729900360107, 0.14690974354743958, 0.15524744987487793, 0.15029853582382202, 0.14719098806381226, 0.14824213087558746, 0.13933555781841278, 0.14377549290657043, 0.1503026783466339, 0.14832404255867004, 0.15666845440864563, 0.14859426021575928, 0.15056297183036804, 0.14587411284446716, 0.148052379488945, 0.1461803913116455, 0.14291515946388245, 0.14652131497859955, 0.14121469855308533, 0.14517980813980103, 0.15215431153774261, 0.1471642106771469, 0.1479642391204834, 0.14647051692008972, 0.14380650222301483, 0.1424979865550995], "l2_xdx_activation_loss": [0.0006913009565323591, 0.0007018977776169777, 0.0007166502764448524, 0.0006886525079607964, 0.0007431141566485167, 0.000713091460056603, 0.0007467141840606928, 0.0007150062010623515, 0.0006896380800753832, 0.000670687120873481, 0.000642166705802083, 0.0006400948041118681, 0.0007311309454962611, 0.0007308886270038784, 0.0006767248851247132, 0.0006786786252632737, 0.0007060392526909709, 0.000670047418680042, 0.000689174747094512, 0.0006808957550674677, 0.0006619958439841866, 0.0006669837748631835, 0.0006573837017640471, 0.0006568219396285713, 0.0007222342537716031, 0.0007060815114527941, 0.0006923609762452543, 0.0006772640626877546, 0.0006346001173369586, 0.0006506343488581479, 0.0007079081260599196, 0.0006806005258113146, 0.0006760024116374552, 0.0006873871898278594, 0.0007024413207545877, 0.0006600026390515268, 0.0006857043481431901, 0.0006643770029768348, 0.0006304823909886181, 0.0006418071570806205, 0.0005793038289994001, 0.0006067159119993448, 0.0006692035822197795, 0.0006603318033739924, 0.0007210259791463614, 0.0006801281706430018, 0.0006563168717548251, 0.0006359800463542342, 0.0006595895974896848, 0.0006520808092318475, 0.0006488034268841147, 0.0006611150456592441, 0.0005958364345133305, 0.0006164975930005312, 0.0007092126179486513, 0.000681745121255517, 0.0006486022030003369, 0.000652885704766959, 0.0006276066997088492, 0.0006237433990463614]}