{"loss": [0.02405579760670662, 0.026573335751891136, 0.03861386328935623, 0.03806097432971001, 0.03357703611254692, 0.034571222960948944, 0.03474224731326103, 0.03370378911495209, 0.030051106587052345, 0.030621251091361046, 0.02892490103840828, 0.028624333441257477, 0.027722341939806938, 0.025928903371095657, 0.028322793543338776, 0.026800762861967087, 0.03083791770040989, 0.030476514250040054, 0.025536002591252327, 0.025963371619582176, 0.02161647565662861, 0.021413542330265045, 0.02441791258752346, 0.024895494803786278, 0.023808075115084648, 0.02368362806737423, 0.021925218403339386, 0.022166816517710686, 0.022349681705236435, 0.02186591923236847, 0.023989232257008553, 0.022829804569482803, 0.020836887881159782, 0.021158713847398758, 0.023098358884453773, 0.022227607667446136, 0.02287079021334648, 0.022326206788420677, 0.02159087173640728, 0.02123558148741722, 0.019147910177707672, 0.01900501362979412, 0.020612511783838272, 0.019877612590789795, 0.01917388290166855, 0.0186914075165987, 0.018676407635211945, 0.01917850598692894, 0.020555775612592697, 0.019590072333812714, 0.02078527770936489, 0.02115452289581299, 0.019945919513702393, 0.020030342042446136, 0.01832086220383644, 0.018320409581065178, 0.0184429083019495, 0.01920025795698166, 0.019656172022223473, 0.019572552293539047], "position_loss": [0.010171906091272831, 0.011498321779072285, 0.017581600695848465, 0.017254706472158432, 0.014878259040415287, 0.015358085744082928, 0.015330707654356956, 0.014890657737851143, 0.01316459197551012, 0.013470984995365143, 0.012449508532881737, 0.012389497831463814, 0.011954882182180882, 0.011177525855600834, 0.012398557737469673, 0.011734407395124435, 0.01381496712565422, 0.013589277863502502, 0.011084085330367088, 0.011285360902547836, 0.009004317224025726, 0.008941655978560448, 0.010501062497496605, 0.010737570933997631, 0.01013087760657072, 0.010109830647706985, 0.009097859263420105, 0.009238902479410172, 0.009372514672577381, 0.009183636866509914, 0.01016993261873722, 0.009680548682808876, 0.008554931730031967, 0.008731645531952381, 0.009672475047409534, 0.009333590045571327, 0.009439842775464058, 0.009254088625311852, 0.008872036822140217, 0.008736416697502136, 0.007724551949650049, 0.007683442905545235, 0.008392277173697948, 0.008092948235571384, 0.007776171434670687, 0.007589873392134905, 0.007550888229161501, 0.007787765935063362, 0.008375687524676323, 0.007973792031407356, 0.008559326641261578, 0.008716040290892124, 0.008166814222931862, 0.0082269087433815, 0.007314111106097698, 0.007350157480686903, 0.007342226337641478, 0.00769786536693573, 0.007912732660770416, 0.007889164611697197], "gru_regularizer_loss": [0.16767773032188416, 0.16255420446395874, 0.15568038821220398, 0.15845030546188354, 0.16257205605506897, 0.16619770228862762, 0.17591546475887299, 0.1705474555492401, 0.16777168214321136, 0.167985200881958, 0.1761634349822998, 0.17002731561660767, 0.17356587946414948, 0.16306930780410767, 0.16625425219535828, 0.1568112075328827, 0.15437403321266174, 0.15673132240772247, 0.15649551153182983, 0.15795579552650452, 0.1644926518201828, 0.16231054067611694, 0.1610129326581955, 0.16202452778816223, 0.16600728034973145, 0.16359299421310425, 0.16460968554019928, 0.16479818522930145, 0.16531366109848022, 0.16076888144016266, 0.1668807864189148, 0.15942244231700897, 0.16313591599464417, 0.16365724802017212, 0.1704278439283371, 0.16278134286403656, 0.1740184724330902, 0.16809454560279846, 0.16853724420070648, 0.16592992842197418, 0.16298812627792358, 0.1611490696668625, 0.1672694981098175, 0.16239959001541138, 0.1635168194770813, 0.15922367572784424, 0.1586194634437561, 0.1600610315799713, 0.1682230681180954, 0.16105718910694122, 0.15913470089435577, 0.16091209650039673, 0.15971212089061737, 0.15827758610248566, 0.16250313818454742, 0.1605810672044754, 0.1595098376274109, 0.16286104917526245, 0.16371957957744598, 0.16212493181228638], "l2_xdx_activation_loss": [0.0006780627882108092, 0.0006500434828922153, 0.0006309468299150467, 0.0006553461425937712, 0.0007312593515962362, 0.0007306852494366467, 0.0007735522813163698, 0.0007386596407741308, 0.0006810627528466284, 0.0006661367369815707, 0.0007544103427790105, 0.0007146815187297761, 0.00069196562981233, 0.0006473786197602749, 0.0006207050173543394, 0.0005876057548448443, 0.0005544077139347792, 0.0005765417590737343, 0.00060061871772632, 0.0006040234584361315, 0.0006539649912156165, 0.0006353681674227118, 0.0006015458493493497, 0.0005996957188472152, 0.0006284083938226104, 0.0006090045208111405, 0.000694126880262047, 0.0006800030241720378, 0.0006501643219962716, 0.000629977963399142, 0.0006598459440283477, 0.0006244873511604965, 0.0006982143968343735, 0.000685942592099309, 0.0006827024626545608, 0.0006438635755330324, 0.0007499653729610145, 0.0007120200898498297, 0.0007201347034424543, 0.0007008093525655568, 0.0006893004756420851, 0.0006752050830982625, 0.0007180795073509216, 0.0006888990174047649, 0.0006617821054533124, 0.0006394663942046463, 0.000662471167743206, 0.000667113927192986, 0.0007070482824929059, 0.0006769637111574411, 0.0006914174882695079, 0.0007040987256914377, 0.0006713818875141442, 0.0006642417283728719, 0.000688860600348562, 0.0006710861343890429, 0.0007207770249806345, 0.0007249637856148183, 0.0007308282656595111, 0.0007239824044518173]}