{"loss": [0.021035904064774513, 0.024827860295772552, 0.046612758189439774, 0.04530627653002739, 0.021899497136473656, 0.02262372151017189, 0.027351822704076767, 0.028053704649209976, 0.02853226661682129, 0.02707134187221527, 0.022164570167660713, 0.02217496745288372, 0.02529115229845047, 0.024062268435955048, 0.022174019366502762, 0.022625260055065155, 0.022945990785956383, 0.023469455540180206, 0.021265335381031036, 0.02112508751451969, 0.020722785964608192, 0.02055816911160946, 0.021934749558568, 0.020843612030148506, 0.019071612507104874, 0.018801171332597733, 0.019585132598876953, 0.01948617957532406, 0.019074968993663788, 0.018385211005806923, 0.019617300480604172, 0.01975029520690441, 0.017903828993439674, 0.018323669210076332, 0.01972319558262825, 0.019520185887813568, 0.01770191080868244, 0.017523860558867455, 0.018692810088396072, 0.018434936180710793, 0.016616323962807655, 0.017490755766630173, 0.017219988629221916, 0.01764041744172573, 0.018942968919873238, 0.01794704608619213, 0.017692526802420616, 0.017927316948771477, 0.019399845972657204, 0.018280796706676483, 0.018512211740016937, 0.017978569492697716, 0.01760508306324482, 0.01788453385233879, 0.017314162105321884, 0.017651543021202087, 0.018340162932872772, 0.01795482262969017, 0.018994256854057312, 0.01830483227968216, 0.01953936740756035, 0.018256282433867455, 0.01578167825937271, 0.01664925366640091, 0.01739908568561077, 0.016910262405872345, 0.015303373336791992, 0.016199907287955284, 0.016102174296975136, 0.016434945166110992, 0.016227785497903824, 0.015858961269259453, 0.01760008931159973, 0.017242638394236565, 0.01703469455242157, 0.016558950766921043, 0.016679340973496437, 0.01619560457766056, 0.01751488260924816, 0.0170409195125103, 0.018138032406568527, 0.017512187361717224, 0.017978519201278687, 0.01847573183476925, 0.017530957236886024, 0.017084162682294846, 0.016338344663381577, 0.015915103256702423, 0.015025975182652473, 0.015328486450016499, 0.01585371047258377, 0.016236580908298492, 0.016075722873210907, 0.016495738178491592, 0.01573226973414421, 0.015428760088980198, 0.016507379710674286, 0.01556431595236063, 0.01537889614701271, 0.016226889565587044], "position_loss": [0.0089758625254035, 0.01086943969130516, 0.02170918881893158, 0.02100900560617447, 0.009323070757091045, 0.009688219055533409, 0.011738977394998074, 0.012134436517953873, 0.012162156403064728, 0.011570451781153679, 0.009290285408496857, 0.00933720450848341, 0.010936691425740719, 0.010409004986286163, 0.009490303695201874, 0.009692991152405739, 0.009799071587622166, 0.01005314476788044, 0.008843506686389446, 0.008793521672487259, 0.008699982427060604, 0.00863005593419075, 0.009323443286120892, 0.008874486200511456, 0.007885310798883438, 0.007781073451042175, 0.008023267611861229, 0.007981770671904087, 0.007834111340343952, 0.0075467294082045555, 0.00819004699587822, 0.008254055865108967, 0.007295173592865467, 0.007496250327676535, 0.00809252355247736, 0.008018340915441513, 0.007180680520832539, 0.00713241845369339, 0.007745027542114258, 0.007634612265974283, 0.006737030576914549, 0.007120385766029358, 0.006888218689709902, 0.007077964022755623, 0.007642700802534819, 0.007239451166242361, 0.007205191999673843, 0.007310324348509312, 0.007862386293709278, 0.007406487129628658, 0.007497597951442003, 0.007308048661798239, 0.007033871486783028, 0.0071999188512563705, 0.007016770076006651, 0.0071814944967627525, 0.007426602765917778, 0.007299453020095825, 0.007715960964560509, 0.007429412566125393, 0.007903452031314373, 0.007402305956929922, 0.006282055284827948, 0.006682307459414005, 0.007029910106211901, 0.006849837023764849, 0.006122555583715439, 0.006521354895085096, 0.006322156637907028, 0.006499498151242733, 0.006426731124520302, 0.006303322967141867, 0.00704379566013813, 0.0068955132737755775, 0.006837293040007353, 0.00665304996073246, 0.00670680683106184, 0.0065230089239776134, 0.007118759676814079, 0.006921933498233557, 0.007363955955952406, 0.007117536384612322, 0.0074506597593426704, 0.007664277218282223, 0.007049876265227795, 0.006889364682137966, 0.006480976473540068, 0.006334095727652311, 0.005932748317718506, 0.0060869683511555195, 0.006350276526063681, 0.0065188356675207615, 0.006438834592700005, 0.006642718333750963, 0.006285388488322496, 0.006168449763208628, 0.006570539437234402, 0.006197209004312754, 0.006185220554471016, 0.006567342206835747], "gru_regularizer_loss": [0.12263433635234833, 0.12279579043388367, 0.1170661598443985, 0.12020638585090637, 0.12479664385318756, 0.12481265515089035, 0.13843540847301483, 0.13691005110740662, 0.14729398488998413, 0.13900257647037506, 0.13241606950759888, 0.12974004447460175, 0.13020646572113037, 0.12399493157863617, 0.12317502498626709, 0.12367904186248779, 0.12769779562950134, 0.12757159769535065, 0.1323361098766327, 0.12993212044239044, 0.12757596373558044, 0.1255912035703659, 0.13029013574123383, 0.12381211668252945, 0.12676891684532166, 0.1246023029088974, 0.12861956655979156, 0.12674638628959656, 0.1283431500196457, 0.12418794631958008, 0.12318986654281616, 0.12329503148794174, 0.12671729922294617, 0.12655368447303772, 0.1334204226732254, 0.13073629140853882, 0.1272999793291092, 0.12483514845371246, 0.12367378175258636, 0.12193279713392258, 0.12145400047302246, 0.12386556714773178, 0.1259228140115738, 0.1261172592639923, 0.1323959082365036, 0.12585416436195374, 0.12452391535043716, 0.12460719048976898, 0.1328420341014862, 0.1261359006166458, 0.1307060569524765, 0.1260146200656891, 0.1291871964931488, 0.12831662595272064, 0.12475961446762085, 0.12464164197444916, 0.12931980192661285, 0.12488803267478943, 0.1315043419599533, 0.12702001631259918, 0.13733536005020142, 0.12815061211585999, 0.12140405178070068, 0.12349826842546463, 0.12636905908584595, 0.12221331149339676, 0.11802929639816284, 0.12056537717580795, 0.12752138078212738, 0.1270788460969925, 0.1282292902469635, 0.12382397055625916, 0.12955424189567566, 0.12714329361915588, 0.1279725730419159, 0.1236966997385025, 0.125971257686615, 0.12180355191230774, 0.12672534584999084, 0.12273815274238586, 0.1290958970785141, 0.12453767657279968, 0.12008273601531982, 0.12063317745923996, 0.12966522574424744, 0.12504613399505615, 0.12969587743282318, 0.12505188584327698, 0.12219589203596115, 0.12212195992469788, 0.12152260541915894, 0.1218070462346077, 0.12322570383548737, 0.12319587171077728, 0.1245918869972229, 0.12079650908708572, 0.13065198063850403, 0.12393072247505188, 0.11937763541936874, 0.12155711650848389],