{"loss": [0.022486770525574684, 0.025054674595594406, 0.049523286521434784, 0.0498652383685112, 0.03280647471547127, 0.03256768733263016, 0.031078068539500237, 0.03147630766034126, 0.03596371412277222, 0.03491039574146271, 0.0251601729542017, 0.024272242560982704, 0.024748019874095917, 0.025074634701013565, 0.02991340309381485, 0.02877502329647541, 0.023557092994451523, 0.0232927817851305, 0.022674500942230225, 0.022755302488803864, 0.022367708384990692, 0.02212551422417164, 0.022966958582401276, 0.022134769707918167, 0.025019250810146332, 0.02450789138674736, 0.02510073408484459, 0.024252846837043762, 0.024677271023392677, 0.022717081010341644, 0.020193547010421753, 0.02109316922724247, 0.021868335083127022, 0.021788768470287323, 0.01873736083507538, 0.019185932353138924, 0.02149643935263157, 0.021176939830183983, 0.018584921956062317, 0.018263166770339012, 0.020228257402777672, 0.019961275160312653, 0.01857595331966877, 0.019159801304340363, 0.019576068967580795, 0.019784336909651756, 0.01884193904697895, 0.018902039155364037, 0.01982923410832882, 0.019293444231152534, 0.017565662041306496, 0.01864350400865078, 0.01834159530699253, 0.017834702506661415, 0.018998675048351288, 0.018522851169109344, 0.017957916483283043, 0.017926812171936035, 0.018065283074975014, 0.017512712627649307], "position_loss": [0.009574076160788536, 0.010786316357553005, 0.02305092290043831, 0.023228773847222328, 0.014634573832154274, 0.014549527317285538, 0.013615505769848824, 0.013869679532945156, 0.015911193564534187, 0.015482824295759201, 0.010461943224072456, 0.010116185992956161, 0.010660791769623756, 0.01079895906150341, 0.013231785036623478, 0.012681527063250542, 0.010097972117364407, 0.009965234436094761, 0.009546253830194473, 0.009616800583899021, 0.009430540725588799, 0.009343402460217476, 0.009779841639101505, 0.009408737532794476, 0.010852787643671036, 0.0106273852288723, 0.010946896858513355, 0.01054732222110033, 0.010611562989652157, 0.009745266288518906, 0.008547130040824413, 0.008979608304798603, 0.009361501783132553, 0.009331407025456429, 0.007790642790496349, 0.008002064190804958, 0.00915800966322422, 0.009015602990984917, 0.007699112873524427, 0.007582997437566519, 0.008494050242006779, 0.00837372150272131, 0.007674728520214558, 0.007936952635645866, 0.008241351693868637, 0.008301415480673313, 0.007785305380821228, 0.00781329907476902, 0.008174512535333633, 0.007951557636260986, 0.0072139473631978035, 0.00769414845854044, 0.0074928756803274155, 0.007272235117852688, 0.00784571748226881, 0.007651842199265957, 0.0073268823325634, 0.007326988503336906, 0.007359963841736317, 0.007128313183784485], "gru_regularizer_loss": [0.15390229225158691, 0.15974467992782593, 0.15738138556480408, 0.15730082988739014, 0.16314154863357544, 0.1615544706583023, 0.17169086635112762, 0.16868892312049866, 0.17758837342262268, 0.17130035161972046, 0.17444896697998047, 0.16857998073101044, 0.15840095281600952, 0.15848368406295776, 0.15714827179908752, 0.15437044203281403, 0.15516997873783112, 0.15525424480438232, 0.15852563083171844, 0.15753471851348877, 0.16042742133140564, 0.15646050870418549, 0.15700691938400269, 0.15366829931735992, 0.15355078876018524, 0.15045151114463806, 0.15141946077346802, 0.1484898179769516, 0.15848371386528015, 0.14945316314697266, 0.14785580337047577, 0.14923718571662903, 0.149727925658226, 0.14878953993320465, 0.14765363931655884, 0.14939814805984497, 0.15023484826087952, 0.14934898912906647, 0.15136852860450745, 0.1478760838508606, 0.15059077739715576, 0.14987879991531372, 0.1487230360507965, 0.15116609632968903, 0.14584949612617493, 0.14861734211444855, 0.1492423564195633, 0.14902891218662262, 0.1549631655216217, 0.15107257664203644, 0.144353449344635, 0.14937907457351685, 0.15359216928482056, 0.15023890137672424, 0.1520828902721405, 0.14843782782554626, 0.15115849673748016, 0.15024903416633606, 0.15398630499839783, 0.1506769359111786], "l2_xdx_activation_loss": [0.0005994953098706901, 0.0006278288783505559, 0.0006155058508738875, 0.0006111907423473895, 0.0006349339964799583, 0.0006173264118842781, 0.0007096796180121601, 0.0006829841295257211, 0.0007881107740104198, 0.0007435450097545981, 0.0008302287315018475, 0.0007843203493393958, 0.000613772077485919, 0.0006302562542259693, 0.0006257471977733076, 0.000622385588940233, 0.0006027800845913589, 0.0006028874777257442, 0.0006652091979049146, 0.000648415123578161, 0.0006337473168969154, 0.0006243310053832829, 0.0006120317848399282, 0.0005931671475991607, 0.0005923521239310503, 0.0005824982654303312, 0.0005638781585730612, 0.0005573976086452603, 0.0006227317498996854, 0.0005769683048129082, 0.0005398722132667899, 0.0005468231393024325, 0.0005489801405929029, 0.0005456493236124516, 0.0005594762042164803, 0.0005622371099889278, 0.0005589865613728762, 0.0005503767170011997, 0.0005572999361902475, 0.0005390999722294509, 0.0005777122569270432, 0.0005713102291338146, 0.0005793843884021044, 0.000591039948631078, 0.0005445865099318326, 0.0005647402140311897, 0.0005925974692218006, 0.0005946798482909799, 0.0006431543733924627, 0.0006261629168875515, 0.0005643735057674348, 0.0005867677391506732, 0.0006062695174477994, 0.0005955770029686391, 0.000595098827034235, 0.0005778915365226567, 0.0005971507634967566, 0.000589743081945926, 0.0006014594691805542, 0.0005827344139106572]}