{"loss": [0.02312421053647995, 0.02404627576470375, 0.05063747614622116, 0.04871170595288277, 0.027147933840751648, 0.026995467022061348, 0.03635355457663536, 0.035353485494852066, 0.028204504400491714, 0.028141485527157784, 0.029655899852514267, 0.028509799391031265, 0.030144458636641502, 0.028417332097887993, 0.028005028143525124, 0.02706178091466427, 0.029757997021079063, 0.030039452016353607, 0.02830403856933117, 0.02903311513364315, 0.0229339636862278, 0.023793596774339676, 0.023901550099253654, 0.02426076866686344, 0.021685078740119934, 0.022352835163474083, 0.023680677637457848, 0.02289818972349167, 0.01851898804306984, 0.019415846094489098, 0.019887546077370644, 0.02023407071828842, 0.020653415471315384, 0.020644105970859528, 0.020347727462649345, 0.01928229071199894, 0.019084909930825233, 0.0191562008112669, 0.02050526812672615, 0.019408266991376877, 0.02012207731604576, 0.01951357163488865, 0.018926801159977913, 0.019697556272149086, 0.0191970095038414, 0.018520981073379517, 0.018991749733686447, 0.01946466602385044, 0.017721645534038544, 0.017711641266942024, 0.01901734061539173, 0.019105711951851845, 0.01971440762281418, 0.019974583759903908, 0.018434233963489532, 0.018966559320688248, 0.019478999078273773, 0.01886816695332527, 0.0203405749052763, 0.01959828846156597], "position_loss": [0.009585430845618248, 0.010170083492994308, 0.022824492305517197, 0.021949654445052147, 0.011677560396492481, 0.011648831889033318, 0.016245044767856598, 0.01580706797540188, 0.01215627696365118, 0.012183004058897495, 0.012731506489217281, 0.012270607985556126, 0.013100865297019482, 0.012327972799539566, 0.012154808267951012, 0.011750059202313423, 0.013219359330832958, 0.013310100883245468, 0.01253320463001728, 0.012839170172810555, 0.009790975600481033, 0.010149692185223103, 0.010301165282726288, 0.010436510667204857, 0.009173324331641197, 0.009500980377197266, 0.010065372101962566, 0.009735722094774246, 0.007724936120212078, 0.008111556991934776, 0.008322570472955704, 0.008481335826218128, 0.008643285371363163, 0.008641333319246769, 0.008461694233119488, 0.008012380450963974, 0.007918727584183216, 0.00796663947403431, 0.008490762673318386, 0.008026550523936749, 0.008375022560358047, 0.008125130087137222, 0.00792047381401062, 0.008237751200795174, 0.007891166023910046, 0.00760425953194499, 0.007823370397090912, 0.008040804415941238, 0.0072053889743983746, 0.007199615240097046, 0.007865325547754765, 0.007887754589319229, 0.00819390732795, 0.008310619741678238, 0.007573876529932022, 0.007812215946614742, 0.008009078912436962, 0.007757867220789194, 0.008429552428424358, 0.008111964911222458], "gru_regularizer_loss": [0.16498345136642456, 0.15652847290039062, 0.17665639519691467, 0.17256727814674377, 0.16126324236392975, 0.15662777423858643, 0.1639689803123474, 0.15868785977363586, 0.16488850116729736, 0.16125978529453278, 0.1720033437013626, 0.16330823302268982, 0.16377629339694977, 0.1560409665107727, 0.15648794174194336, 0.14956039190292358, 0.1428511142730713, 0.1450696736574173, 0.1403767317533493, 0.14471067488193512, 0.14413504302501678, 0.14848443865776062, 0.14576798677444458, 0.1474989950656891, 0.14694446325302124, 0.14745604991912842, 0.15353859961032867, 0.14859482645988464, 0.13807359337806702, 0.1422717273235321, 0.14253805577754974, 0.14357930421829224, 0.14719857275485992, 0.1456483006477356, 0.1507374346256256, 0.1436961144208908, 0.14559833705425262, 0.1439322829246521, 0.1521582156419754, 0.14505697786808014, 0.14715899527072906, 0.14288562536239624, 0.1378476321697235, 0.1420111358165741, 0.1474332958459854, 0.14325018227100372, 0.1454484462738037, 0.14642129838466644, 0.14436227083206177, 0.14343193173408508, 0.14262616634368896, 0.14409416913986206, 0.14335688948631287, 0.14431634545326233, 0.14311189949512482, 0.14424049854278564, 0.14904610812664032, 0.14457952976226807, 0.15051251649856567, 0.14580115675926208], "l2_xdx_activation_loss": [0.0007674840744584799, 0.0007132536265999079, 0.0010736222611740232, 0.0010285546304658055, 0.000726373284123838, 0.0007101548835635185, 0.0007409047684632242, 0.0007171377656050026, 0.0007473345613107085, 0.0007206060108728707, 0.0008239304879680276, 0.000778146437369287, 0.0007679680711589754, 0.0007333049434237182, 0.0007098234491422772, 0.0006883320747874677, 0.0006299010710790753, 0.0006558304885402322, 0.0006109325913712382, 0.0006355342920869589, 0.0006365329609252512, 0.0006694350740872324, 0.0006134920404292643, 0.0006372312200255692, 0.0006226403638720512, 0.0006250832811929286, 0.0006711612222716212, 0.0006465769256465137, 0.0005624389159493148, 0.0005896498332731426, 0.0006053205579519272, 0.0006115138530731201, 0.0006312653422355652, 0.0006346310256049037, 0.0006386337918229401, 0.0006065021734684706, 0.0005968025652691722, 0.0005941783310845494, 0.0006670319125987589, 0.0006345112342387438, 0.0006331255426630378, 0.0006111300899647176, 0.0005687704542651772, 0.0006002927548252046, 0.0006464264006353915, 0.0006262985407374799, 0.0006298196385614574, 0.0006392601644620299, 0.0006220603245310485, 0.0006256756605580449, 0.0006197878974489868, 0.0006293993792496622, 0.0006306531722657382, 0.0006363715510815382, 0.0006180991767905653, 0.0006328861345537007, 0.0006564381765201688, 0.000635190517641604, 0.0006584263755939901, 0.0006384265143424273]}