{"loss": [0.02131461910903454, 0.023919375613331795, 0.043433383107185364, 0.04214583337306976, 0.029393192380666733, 0.03098440170288086, 0.030424388125538826, 0.02892073057591915, 0.027013253420591354, 0.02589237317442894, 0.02341221645474434, 0.024731535464525223, 0.02566702477633953, 0.025220246985554695, 0.020555641502141953, 0.020492974668741226, 0.023270029574632645, 0.02355482615530491, 0.02207730896770954, 0.022602466866374016, 0.021852152422070503, 0.0212397538125515, 0.02081289328634739, 0.021386226639151573, 0.0190853513777256, 0.019529979676008224, 0.02170691452920437, 0.021526632830500603, 0.017963871359825134, 0.018707767128944397, 0.019239090383052826, 0.0189697053283453, 0.018656209111213684, 0.018198959529399872, 0.019358420744538307, 0.018553173169493675, 0.0160184595733881, 0.017524458467960358, 0.019748399034142494, 0.019622359424829483, 0.01898152008652687, 0.018275821581482887, 0.01827302575111389, 0.018193338066339493, 0.01724366843700409, 0.01724674552679062, 0.017808791249990463, 0.017886050045490265, 0.017271332442760468, 0.01670088618993759, 0.017050985246896744, 0.016520017758011818, 0.01619400642812252, 0.01620560511946678, 0.016197828575968742, 0.016093116253614426, 0.017214179039001465, 0.015755459666252136, 0.017609691247344017, 0.01749015785753727, 0.016280660405755043, 0.016939379274845123, 0.01625756360590458, 0.01752939447760582, 0.020190151408314705, 0.019182927906513214, 0.01969831809401512, 0.019313376396894455, 0.01894800364971161, 0.019889194518327713, 0.019472327083349228, 0.018857961520552635, 0.019031092524528503, 0.019692860543727875, 0.017721358686685562, 0.01736496388912201, 0.020281435921788216, 0.019251888617873192, 0.018583208322525024, 0.018459754064679146, 0.018273305147886276, 0.018688250333070755, 0.01726480945944786, 0.01728290319442749, 0.018871283158659935, 0.018910575658082962, 0.017807457596063614, 0.017516985535621643, 0.01991588994860649, 0.01946152001619339, 0.017346946522593498, 0.0182587169110775, 0.019185442477464676, 0.019484616816043854, 0.016159258782863617, 0.016723912209272385, 0.016327735036611557, 0.01736580580472946, 0.017148375511169434, 0.017589375376701355], "position_loss": [0.009093351662158966, 0.010436116717755795, 0.01945156417787075, 0.018912725150585175, 0.01310713030397892, 0.01371824461966753, 0.013391672633588314, 0.012756530195474625, 0.011687997728586197, 0.011219900101423264, 0.009913046844303608, 0.010580635629594326, 0.01087901834398508, 0.010767177678644657, 0.008628849871456623, 0.008570075035095215, 0.010023871436715126, 0.010059533640742302, 0.009441090747714043, 0.009668918326497078, 0.0093689588829875, 0.009106995537877083, 0.008903375826776028, 0.009193907491862774, 0.008008438162505627, 0.008239639922976494, 0.00928894616663456, 0.009225751273334026, 0.007545921951532364, 0.007864669896662235, 0.008096983656287193, 0.00797347817569971, 0.007827534340322018, 0.007628533523529768, 0.008163339458405972, 0.0078003546223044395, 0.006575849838554859, 0.0072327652014791965, 0.008388148620724678, 0.008325707167387009, 0.007923822849988937, 0.007615410722792149, 0.007506543304771185, 0.007492675445973873, 0.007055812980979681, 0.00704259192571044, 0.007274466101080179, 0.0072917332872748375, 0.006914121098816395, 0.006687430664896965, 0.006792698986828327, 0.006563587114214897, 0.006471411790698767, 0.006476441398262978, 0.0065179127268493176, 0.00647953525185585, 0.006922002881765366, 0.006323845591396093, 0.00721003906801343, 0.0071649570018053055, 0.006671107839792967, 0.0069590541534125805, 0.006700875703245401, 0.007237388752400875, 0.008477607741951942, 0.00806345883756876, 0.00825539417564869, 0.008089744485914707, 0.008030005730688572, 0.008395075798034668, 0.008198591880500317, 0.007920846343040466, 0.007970770820975304, 0.00828629918396473, 0.007253285497426987, 0.00712492223829031, 0.008586157113313675, 0.008155439049005508, 0.00781797431409359, 0.007760817650705576, 0.007548388093709946, 0.007769167423248291, 0.00713260006159544, 0.00714843301102519, 0.007946194149553776, 0.007954688742756844, 0.007328961975872517, 0.007222386542707682, 0.0083119235932827, 0.008141139522194862, 0.007190655916929245, 0.0075569311156868935, 0.008098154328763485, 0.008191904984414577, 0.006537653040140867, 0.006793836131691933, 0.006684532389044762, 0.007092905696481466, 0.0071084629744291306, 0.007293521426618099], "gru_regularizer_loss": [0.13717447221279144, 0.13533660769462585, 0.1587950587272644, 0.15452840924263, 0.12885567545890808, 0.13577499985694885, 0.14254841208457947, 0.13571126759052277, 0.14910916984081268, 0.14384539425373077, 0.1443634331226349, 0.14609727263450623, 0.15361475944519043, 0.14752423763275146, 0.14034901559352875, 0.13979798555374146, 0.13391882181167603, 0.13732120394706726, 0.13162283599376678, 0.13363759219646454, 0.13769219815731049, 0.13370174169540405, 0.13280132412910461, 0.133371040225029, 0.13683781027793884, 0.13703149557113647, 0.1383482962846756, 0.13640032708644867, 0.1283370554447174, 0.13214842975139618, 0.13302259147167206, 0.13179659843444824, 0.13356345891952515, 0.1302364468574524, 0.13264775276184082, 0.12937745451927185, 0.12467287480831146, 0.13123947381973267, 0.13187074661254883, 0.131043940782547, 0.1349666714668274, 0.13126572966575623, 0.13709627091884613, 0.1353665143251419, 0.1331656277179718, 0.1322854906320572, 0.13270677626132965, 0.1341383010149002, 0.13973715901374817, 0.13569575548171997, 0.13892565667629242, 0.13532547652721405, 0.1351352483034134, 0.13384637236595154, 0.13366535305976868, 0.132340207695961, 0.14261874556541443, 0.13323359191417694, 0.13611042499542236, 0.1344815492630005, 0.12981967628002167, 0.13123783469200134, 0.12450725585222244, 0.1312023252248764, 0.14015839993953705, 0.13346630334854126, 0.1360475718975067, 0.132484570145607, 0.12536445260047913, 0.13022997975349426, 0.1350577175617218, 0.13132859766483307, 0.13073250651359558, 0.13167937099933624, 0.13718311488628387, 0.13299612700939178, 0.137408047914505, 0.13067348301410675, 0.13205717504024506, 0.13053162395954132, 0.13567081093788147, 0.13543297350406647, 0.13163387775421143, 0.13017484545707703, 0.12777194380760193, 0.12709195911884308, 0.1348523199558258, 0.1310218721628189, 0.13624246418476105, 0.13210250437259674, 0.1258317530155182, 0.13019981980323792, 0.12638802826404572, 0.12857739627361298, 0.12782306969165802, 0.12933972477912903, 0.125807523727417, 0.13232265412807465, 0.1267024576663971, 0.12796849012374878],