{"loss": [0.023366481065750122, 0.025570793077349663, 0.04841851815581322, 0.04681874066591263, 0.025552362203598022, 0.02515994943678379, 0.03745631128549576, 0.03501082584261894, 0.03313697129487991, 0.0340668223798275, 0.025057684630155563, 0.024800412356853485, 0.030765073373913765, 0.03190677613019943, 0.028594084084033966, 0.028944095596671104, 0.024143937975168228, 0.024906745180487633, 0.026265399530529976, 0.02572670206427574, 0.02731868252158165, 0.02596522867679596, 0.021651368588209152, 0.022012794390320778, 0.025153297930955887, 0.023770902305841446, 0.030009839683771133, 0.030920935794711113, 0.031980883330106735, 0.03003172017633915, 0.02131560817360878, 0.022934533655643463, 0.02870451658964157, 0.028163012117147446, 0.022386398166418076, 0.022324861958622932, 0.025173407047986984, 0.025430286303162575, 0.023163963109254837, 0.023200787603855133, 0.023917360231280327, 0.023286122828722, 0.01884271577000618, 0.01978321559727192, 0.020855430513620377, 0.02024182677268982, 0.019357100129127502, 0.01973661035299301, 0.021000053733587265, 0.020950332283973694, 0.01815272867679596, 0.018308956176042557, 0.019633475691080093, 0.020064353942871094, 0.01912626437842846, 0.019145766273140907, 0.020956406369805336, 0.020059946924448013, 0.01910083368420601, 0.019409876316785812], "position_loss": [0.009745256043970585, 0.010915138758718967, 0.021858306601643562, 0.021164309233427048, 0.010804596357047558, 0.010644142515957355, 0.016562405973672867, 0.015491113066673279, 0.014566018246114254, 0.015001305378973484, 0.010530087165534496, 0.010456559248268604, 0.013624986633658409, 0.014137925580143929, 0.012532980181276798, 0.012652733363211155, 0.010316611267626286, 0.010677450336515903, 0.011033347807824612, 0.010836617089807987, 0.011452321894466877, 0.01089373417198658, 0.008835014887154102, 0.009045067243278027, 0.01062739733606577, 0.010017665103077888, 0.013237301260232925, 0.01359569188207388, 0.014046454802155495, 0.013155507855117321, 0.008741402998566628, 0.009527227841317654, 0.012303251773118973, 0.012121295556426048, 0.009114722721278667, 0.009128284640610218, 0.010720308870077133, 0.010785084217786789, 0.009821449406445026, 0.00979764387011528, 0.01002273429185152, 0.009760287590324879, 0.007553271017968655, 0.007975168526172638, 0.00856953114271164, 0.008296428248286247, 0.00787761714309454, 0.008055327460169792, 0.008683668449521065, 0.008662273176014423, 0.007319338154047728, 0.007408306002616882, 0.008016911335289478, 0.008179443888366222, 0.007722002454102039, 0.007744481787085533, 0.008579817600548267, 0.008212041109800339, 0.007647842168807983, 0.007774535100907087], "gru_regularizer_loss": [0.18216300010681152, 0.17776255309581757, 0.19887636601924896, 0.19273298978805542, 0.1840691864490509, 0.1800287514925003, 0.19207288324832916, 0.18088334798812866, 0.17627009749412537, 0.1808537244796753, 0.18363842368125916, 0.17943859100341797, 0.17102280259132385, 0.17445051670074463, 0.17120936512947083, 0.17453375458717346, 0.17030593752861023, 0.17247895896434784, 0.18916048109531403, 0.18382924795150757, 0.19586697220802307, 0.1872781664133072, 0.18368270993232727, 0.18224577605724335, 0.18513360619544983, 0.17797517776489258, 0.17144490778446198, 0.17795230448246002, 0.18694444000720978, 0.17941541969776154, 0.18016809225082397, 0.18203867971897125, 0.18621410429477692, 0.18083974719047546, 0.1865508258342743, 0.18436521291732788, 0.17584878206253052, 0.17905293405056, 0.1709306538105011, 0.17369481921195984, 0.18153950572013855, 0.17725324630737305, 0.17334488034248352, 0.17628425359725952, 0.17622822523117065, 0.17264233529567719, 0.17087344825267792, 0.17279626429080963, 0.17340928316116333, 0.17252594232559204, 0.1718195378780365, 0.17070437967777252, 0.16946372389793396, 0.17221492528915405, 0.17285756766796112, 0.17185530066490173, 0.17899492383003235, 0.17205855250358582, 0.17238672077655792, 0.17446662485599518], "l2_xdx_activation_loss": [0.0006844361196272075, 0.0006539528840221465, 0.0009040357545018196, 0.0008539187256246805, 0.000700480944942683, 0.0006901142769493163, 0.0008032462210394442, 0.0007395782158710063, 0.0007470660493709147, 0.0007515457691624761, 0.0007200309773907065, 0.0006972916889935732, 0.0006012791418470442, 0.0006284616538323462, 0.0006049988442100585, 0.0006307521834969521, 0.0006022073212079704, 0.0006086733192205429, 0.0007686884491704404, 0.000738047412596643, 0.0008181108860298991, 0.0007679809350520372, 0.0007144919945858419, 0.0006997229065746069, 0.0006820441340096295, 0.0006515953573398292, 0.000606583955232054, 0.0006496641435660422, 0.0006724985432811081, 0.000641839113086462, 0.0006766950828023255, 0.0006862179143354297, 0.0007449459517374635, 0.0007036633905954659, 0.0007634698413312435, 0.000741201511118561, 0.0006577550084330142, 0.0006895179976709187, 0.0006035738042555749, 0.0006225050892680883, 0.0006851534126326442, 0.0006639923667535186, 0.0006672298768535256, 0.000689667125698179, 0.000651017006020993, 0.0006405039457604289, 0.0006306985160335898, 0.0006323191919364035, 0.000632529379799962, 0.0006331633776426315, 0.0005982736474834383, 0.0005947545287199318, 0.0006346604786813259, 0.0006607612012885511, 0.0006508821970783174, 0.0006457373383454978, 0.0006685953121632338, 0.000638080935459584, 0.0006934151169843972, 0.0007050344720482826]}