{"loss": [0.024766627699136734, 0.02642519772052765, 0.032903172075748444, 0.03284088894724846, 0.024052942171692848, 0.024400420486927032, 0.028834570199251175, 0.027788247913122177, 0.02466808259487152, 0.023815542459487915, 0.02206425555050373, 0.02111717127263546, 0.022532561793923378, 0.02247110940515995, 0.021177005022764206, 0.020570140331983566, 0.023765847086906433, 0.022892704233527184, 0.022122962400317192, 0.022278163582086563, 0.01711171492934227, 0.01821565069258213, 0.021996449679136276, 0.02127891033887863, 0.01928776502609253, 0.019094008952379227, 0.019552700221538544, 0.019768619909882545, 0.01773555390536785, 0.018575483933091164, 0.0184241384267807, 0.01904127188026905, 0.019935008138418198, 0.019258782267570496, 0.019458411261439323, 0.019045308232307434, 0.01970767229795456, 0.018965568393468857, 0.017493898048996925, 0.01761484518647194, 0.019905218854546547, 0.018447088077664375, 0.01772400178015232, 0.018103374168276787, 0.019742080941796303, 0.01951364427804947, 0.016589868813753128, 0.017055222764611244, 0.01910734549164772, 0.018524037674069405, 0.016613109037280083, 0.016223110258579254, 0.01683691143989563, 0.01724161021411419, 0.018683666363358498, 0.01728978008031845, 0.017900943756103516, 0.017709214240312576, 0.017503486946225166, 0.017453324049711227, 0.017409896478056908, 0.01685800962150097, 0.01901351474225521, 0.017862623557448387, 0.017826832830905914, 0.01751931942999363, 0.019671905785799026, 0.019424790516495705, 0.01687239110469818, 0.01747117005288601, 0.01693418063223362, 0.017378786578774452, 0.017951104789972305, 0.01748162880539894, 0.016611604019999504, 0.017332149669528008, 0.017516249790787697, 0.01758578047156334, 0.017725665122270584, 0.01740550622344017, 0.018039768561720848, 0.018230261281132698, 0.01758382096886635, 0.017757799476385117, 0.016022222116589546, 0.01681763306260109, 0.017074130475521088, 0.01707153022289276, 0.017978304997086525, 0.01669495552778244, 0.015380206517875195, 0.01602044142782688, 0.01766264997422695, 0.01782471314072609, 0.01718980073928833, 0.016656221821904182, 0.017768289893865585, 0.016938146203756332, 0.015885353088378906, 0.01627863198518753], "position_loss": [0.010742557235062122, 0.0116523876786232, 0.014656221494078636, 0.01466682180762291, 0.010318385437130928, 0.01050452422350645, 0.012774864211678505, 0.012301210314035416, 0.010627496987581253, 0.010266078636050224, 0.009089374914765358, 0.008738353848457336, 0.009507686831057072, 0.009512166492640972, 0.008988439105451107, 0.008712686598300934, 0.010338771156966686, 0.009901697747409344, 0.00957009568810463, 0.00961759127676487, 0.00712871178984642, 0.0076012033969163895, 0.009387127123773098, 0.009100169874727726, 0.008106649853289127, 0.00803824421018362, 0.00833901483565569, 0.008418548852205276, 0.007508065085858107, 0.00785914622247219, 0.007745897863060236, 0.0080256387591362, 0.00841415487229824, 0.00812398362904787, 0.008299510926008224, 0.008116953074932098, 0.0083959074690938, 0.008060000836849213, 0.007349610328674316, 0.007390680257230997, 0.00833192653954029, 0.007710511330515146, 0.0074927532114088535, 0.007628053426742554, 0.008482174016535282, 0.008355746977031231, 0.006842609494924545, 0.007057322189211845, 0.008048970252275467, 0.007801805157214403, 0.006906192284077406, 0.006746245548129082, 0.007018750999122858, 0.007207531947642565, 0.007814271375536919, 0.007222337648272514, 0.007488674949854612, 0.007396174129098654, 0.007355095352977514, 0.0073326281271874905, 0.007214422337710857, 0.006991569418460131, 0.008028775453567505, 0.007543463725596666, 0.0074463640339672565, 0.007302441634237766, 0.00845931563526392, 0.008336279541254044, 0.007017761468887329, 0.0072956690564751625, 0.007088732905685902, 0.007264306303113699, 0.007540058344602585, 0.007332002278417349, 0.00694806594401598, 0.007247031666338444, 0.007378954906016588, 0.007425121963024139, 0.007427434902638197, 0.007298585493117571, 0.007616643328219652, 0.007671616971492767, 0.007298894692212343, 0.007395496591925621, 0.006632194388657808, 0.0069472407922148705, 0.007047400344163179, 0.00703932112082839, 0.007447203621268272, 0.006909762509167194, 0.006315569393336773, 0.006568143144249916, 0.00744604179635644, 0.007485979236662388, 0.007084380369633436, 0.0068647172302007675, 0.007364771328866482, 0.007031592074781656, 0.006528946571052074, 0.006714832037687302], "gru_regularizer_loss": [0.1197575181722641, 0.11411620676517487, 0.12174266576766968, 0.12131208926439285, 0.11793392896652222, 0.11676517128944397, 0.11692631989717484, 0.11373337358236313, 0.1204075962305069, 0.11663749814033508, 0.12757636606693268, 0.12080638855695724, 0.11876785755157471, 0.11717626452445984, 0.11687780171632767, 0.1140027716755867, 0.1135229617357254, 0.111064113676548, 0.10845175385475159, 0.1102210208773613, 0.10641906410455704, 0.11050546169281006, 0.1175813227891922, 0.1119479089975357, 0.11364400386810303, 0.11222711205482483, 0.10946197807788849, 0.11060109734535217, 0.10553908348083496, 0.10927607119083405, 0.11094066500663757, 0.11189774423837662, 0.1152191236615181, 0.11167820543050766, 0.11127839982509613, 0.1085379421710968, 0.11132069677114487, 0.1085537001490593, 0.10930809378623962, 0.10879356414079666, 0.11815772950649261, 0.1105855405330658, 0.10530418157577515, 0.10769486427307129, 0.1080760657787323, 0.10765386372804642, 0.10905798524618149, 0.11015388369560242, 0.11420264840126038, 0.1106790229678154, 0.11118877679109573, 0.10824770480394363, 0.10881797969341278, 0.10970750451087952, 0.11773636937141418, 0.11005140841007233, 0.10990689694881439, 0.10914430022239685, 0.10852394998073578, 0.10798273235559464, 0.11328357458114624, 0.1098998412489891, 0.11432940512895584, 0.10883983969688416, 0.11017148196697235, 0.10958492010831833, 0.10846832394599915, 0.10800234973430634, 0.10778868943452835, 0.10916430503129959, 0.10769994556903839, 0.10934705287218094, 0.11062491685152054, 0.10787473618984222, 0.10516360402107239, 0.1089387759566307, 0.109250508248806, 0.10814967751502991, 0.11297810822725296, 0.10961655527353287, 0.1073223426938057, 0.10873798280954361, 0.1117989718914032, 0.11063888669013977, 0.10507036745548248, 0.10934499651193619, 0.11009573936462402, 0.10930565744638443, 0.11723282933235168, 0.109559565782547, 0.10499397665262222, 0.10886217653751373, 0.1064329743385315, 0.1082804948091507, 0.11250490695238113, 0.10925545543432236, 0.11585193127393723, 0.11019659042358398, 0.10953184962272644, 0.11026114970445633],