{"loss": [0.02120220847427845, 0.022851789370179176, 0.035850413143634796, 0.03584027662873268, 0.033702071756124496, 0.03493252769112587, 0.03155314549803734, 0.03183352202177048, 0.025598088279366493, 0.025383617728948593, 0.031266942620277405, 0.02986752614378929, 0.030166659504175186, 0.02926359511911869, 0.02755669131875038, 0.02764103002846241, 0.021475574001669884, 0.02254696935415268, 0.02514353021979332, 0.023865539580583572, 0.028484690934419632, 0.028271734714508057, 0.02280023694038391, 0.02292196825146675, 0.02293439768254757, 0.022224726155400276, 0.02584272250533104, 0.024998793378472328, 0.01947733946144581, 0.019414175301790237, 0.022185571491718292, 0.022500358521938324, 0.020522821694612503, 0.01997140236198902, 0.01938389055430889, 0.020475216209888458, 0.02100195176899433, 0.020789101719856262, 0.020827488973736763, 0.02076098695397377, 0.020343491807579994, 0.02065197378396988, 0.02044331654906273, 0.019904067739844322, 0.020405389368534088, 0.02005947008728981, 0.019820423796772957, 0.019984642043709755, 0.01945861242711544, 0.018675602972507477, 0.02179885283112526, 0.020620279014110565, 0.016498249024152756, 0.016933241859078407, 0.018507715314626694, 0.0189778134226799, 0.01852612942457199, 0.017571881413459778, 0.0176716186106205, 0.01865232177078724, 0.019080765545368195, 0.01814868301153183, 0.019860100001096725, 0.019215542823076248, 0.01719782128930092, 0.017724664881825447, 0.018633605912327766, 0.0180547796189785, 0.01776808872818947, 0.017494698986411095, 0.018966108560562134, 0.01891217567026615, 0.019329380244016647, 0.018415935337543488, 0.017418676987290382, 0.017959807068109512, 0.01928028091788292, 0.018432237207889557, 0.018343845382332802, 0.0186174176633358, 0.01667623221874237, 0.016765382140874863, 0.019749673083424568, 0.019074849784374237, 0.015214618295431137, 0.01716877892613411, 0.017787430435419083, 0.018070535734295845, 0.01578631065785885, 0.017001058906316757, 0.018257874995470047, 0.0189512986689806, 0.016441412270069122, 0.017186619341373444, 0.019454674795269966, 0.018577314913272858, 0.01919296197593212, 0.019703295081853867, 0.017862964421510696, 0.01777900941669941], "position_loss": [0.009061872027814388, 0.00992455706000328, 0.016472119837999344, 0.01643645390868187, 0.015183771960437298, 0.015840915963053703, 0.013978879898786545, 0.014180302619934082, 0.011053621768951416, 0.010987692512571812, 0.014128603972494602, 0.013455420732498169, 0.013647041283547878, 0.013255736790597439, 0.012375443242490292, 0.012430092319846153, 0.009354230016469955, 0.009852629154920578, 0.010964748449623585, 0.010444647632539272, 0.012858903035521507, 0.01273605227470398, 0.010032354854047298, 0.010072188451886177, 0.010071080178022385, 0.00978993158787489, 0.011582211591303349, 0.011193428188562393, 0.008394168689846992, 0.008376231417059898, 0.009814567863941193, 0.00993515644222498, 0.008957832120358944, 0.008698304183781147, 0.008380051702260971, 0.008865834213793278, 0.009108721278607845, 0.008960510604083538, 0.00896277092397213, 0.0088876411318779, 0.008851800113916397, 0.00895680021494627, 0.008809329010546207, 0.008581934496760368, 0.00881985668092966, 0.008678129874169827, 0.008648728020489216, 0.008689160458743572, 0.008357895538210869, 0.008037845604121685, 0.009459407068789005, 0.008940912783145905, 0.006982256658375263, 0.0071615842171013355, 0.007996495813131332, 0.008183760568499565, 0.007877918891608715, 0.007464648224413395, 0.007552926428616047, 0.007981582544744015, 0.008144312538206577, 0.007738480344414711, 0.008557824417948723, 0.008251073770225048, 0.007298135664314032, 0.007528354879468679, 0.007939285598695278, 0.007691037375479937, 0.0075250291265547276, 0.007398304995149374, 0.008103735744953156, 0.008083384484052658, 0.008268548175692558, 0.007882016710937023, 0.00744179030880332, 0.00766337662935257, 0.008175202645361423, 0.007822315208613873, 0.007793202996253967, 0.007899087853729725, 0.006956158671528101, 0.006978657562285662, 0.008462534286081791, 0.008158635348081589, 0.006353525444865227, 0.0072123026475310326, 0.007544244639575481, 0.0076685938984155655, 0.006656749173998833, 0.007191228214651346, 0.007881675846874714, 0.00817115418612957, 0.00696439016610384, 0.00728730671107769, 0.008245590142905712, 0.007875284180045128, 0.008284724317491055, 0.008489546366035938, 0.007576438132673502, 0.007521993480622768], "gru_regularizer_loss": [0.11074274778366089, 0.10772654414176941, 0.10931533575057983, 0.11165136843919754, 0.11344665288925171, 0.11271222680807114, 0.1149795651435852, 0.1139894425868988, 0.11908561736345291, 0.11674097180366516, 0.10962066054344177, 0.10670971870422363, 0.10761559754610062, 0.1025601327419281, 0.10529422760009766, 0.10425852239131927, 0.10416550189256668, 0.10689616203308105, 0.11839811503887177, 0.11007534712553024, 0.10789476335048676, 0.10707595944404602, 0.1026444062590599, 0.10381272435188293, 0.10752478986978531, 0.10211601108312607, 0.10454782843589783, 0.10142902284860611, 0.1034151017665863, 0.10234149545431137, 0.10138148069381714, 0.10276740044355392, 0.1038873940706253, 0.10276929289102554, 0.09947836399078369, 0.10319980978965759, 0.10311324149370193, 0.10337851941585541, 0.10318003594875336, 0.10363715887069702, 0.10075601935386658, 0.10270261764526367, 0.1076664924621582, 0.10442852973937988, 0.10490567237138748, 0.10212761163711548, 0.09857772290706635, 0.10044977813959122, 0.10715226829051971, 0.10182924568653107, 0.10837806761264801, 0.10304643213748932, 0.10011094063520432, 0.10174509137868881, 0.10062088072299957, 0.10210644453763962, 0.1086944043636322, 0.1032382920384407, 0.09935743361711502, 0.10298885405063629, 0.1083594560623169, 0.10328666865825653, 0.10477662086486816, 0.10221032053232193, 0.10200732946395874, 0.10327526181936264, 0.10764266550540924, 0.10437818616628647, 0.1038229912519455, 0.10294593125581741, 0.1037287637591362, 0.10285624861717224, 0.1063377857208252, 0.10114376991987228, 0.09911109507083893, 0.10092246532440186, 0.11052049696445465, 0.10492032021284103, 0.10303642600774765, 0.10423599928617477, 0.1036258339881897, 0.10350573807954788, 0.10488446056842804, 0.10200975835323334, 0.09416453540325165, 0.10198432952165604, 0.10180388391017914, 0.10297510027885437, 0.09555225819349289, 0.10084643214941025, 0.09750290215015411, 0.10099271684885025, 0.0960807353258133, 0.09963813424110413, 0.10919537395238876, 0.10381865501403809, 0.0994386300444603, 0.10130764544010162, 0.10129694640636444, 0.10089317709207535],