{"loss": [0.027095453813672066, 0.026805108413100243, 0.0671553909778595, 0.06364757567644119, 0.0449843667447567, 0.04278065264225006, 0.03355616331100464, 0.03356381878256798, 0.03513162583112717, 0.034896720200777054, 0.02894887514412403, 0.02832513302564621, 0.02907579578459263, 0.029121411964297295, 0.028080925345420837, 0.027009479701519012, 0.023758379742503166, 0.024366773664951324, 0.02967081591486931, 0.028934810310602188, 0.02517695538699627, 0.025210143998265266, 0.027652297168970108, 0.026779673993587494, 0.024606112390756607, 0.02315417490899563, 0.021143713966012, 0.02055351249873638, 0.02260727249085903, 0.021908292546868324, 0.02190283127129078, 0.021236777305603027, 0.01964353397488594, 0.0188275258988142, 0.019851384684443474, 0.01977374777197838, 0.021376408636569977, 0.02128971740603447, 0.020940560847520828, 0.02075788751244545, 0.020418807864189148, 0.019832421094179153, 0.02039571851491928, 0.020419590175151825, 0.02160814218223095, 0.02032143622636795, 0.022443952038884163, 0.021335380151867867, 0.019214168190956116, 0.019566930830478668, 0.019903849810361862, 0.01978101208806038, 0.018221892416477203, 0.018175549805164337, 0.022627364844083786, 0.021219247952103615, 0.01966298185288906, 0.01967386156320572, 0.02122952975332737, 0.01995254121720791], "position_loss": [0.011458348482847214, 0.011491160839796066, 0.030782803893089294, 0.029242075979709625, 0.01983344368636608, 0.018916815519332886, 0.01481013186275959, 0.01483851857483387, 0.01567467488348484, 0.015535952523350716, 0.012532660737633705, 0.012277218513190746, 0.012704840861260891, 0.012744501233100891, 0.012250962667167187, 0.011765534058213234, 0.010063180699944496, 0.010362057015299797, 0.012934023514389992, 0.012603232637047768, 0.010585393756628036, 0.010660791769623756, 0.01183947641402483, 0.01149765308946371, 0.010212654247879982, 0.009639132767915726, 0.008675768040120602, 0.008444947190582752, 0.009356607683002949, 0.009070754051208496, 0.009077314287424088, 0.008789634332060814, 0.00796403456479311, 0.007643450517207384, 0.008060350082814693, 0.008045230992138386, 0.008796609938144684, 0.008760970085859299, 0.008476748131215572, 0.008421375416219234, 0.008300770074129105, 0.008060221560299397, 0.008431710302829742, 0.008418066427111626, 0.008824010379612446, 0.008279130794107914, 0.00920979306101799, 0.00876977015286684, 0.007814358919858932, 0.007967890240252018, 0.008160593919456005, 0.008128231391310692, 0.007258397527039051, 0.007260938640683889, 0.009360138326883316, 0.008771928027272224, 0.008051230572164059, 0.008072415366768837, 0.00873201061040163, 0.008188743144273758], "gru_regularizer_loss": [0.17471222579479218, 0.16017867624759674, 0.19101157784461975, 0.1797308325767517, 0.19301223754882812, 0.1818891167640686, 0.16817225515842438, 0.16543254256248474, 0.15770535171031952, 0.15887854993343353, 0.16299694776535034, 0.1579350233078003, 0.1555623859167099, 0.154007226228714, 0.15814848244190216, 0.15328948199748993, 0.15298858284950256, 0.1540701985359192, 0.16151562333106995, 0.15896594524383545, 0.16801169514656067, 0.16453859210014343, 0.16913938522338867, 0.16256457567214966, 0.1744566261768341, 0.1622515171766281, 0.16179974377155304, 0.1564449816942215, 0.16110564768314362, 0.15604914724826813, 0.15774418413639069, 0.15320369601249695, 0.15873149037361145, 0.15116818249225616, 0.15540391206741333, 0.15367037057876587, 0.15689870715141296, 0.15542390942573547, 0.1605328619480133, 0.15818628668785095, 0.15827590227127075, 0.15359534323215485, 0.14961543679237366, 0.15131793916225433, 0.1610412448644638, 0.1532280147075653, 0.1636425256729126, 0.15535485744476318, 0.15185019373893738, 0.15331602096557617, 0.15279220044612885, 0.15098999440670013, 0.15486496686935425, 0.15306225419044495, 0.16364383697509766, 0.1551220417022705, 0.1530173122882843, 0.1513330042362213, 0.1590580940246582, 0.1511797159910202], "l2_xdx_activation_loss": [0.0008101919083856046, 0.0007399795576930046, 0.001226200838573277, 0.0011216839775443077, 0.0011287658708170056, 0.0010423553176224232, 0.0007510381983593106, 0.0007437979220412672, 0.0007347208447754383, 0.0007449903641827404, 0.0007508407579734921, 0.0007300957222469151, 0.0007031428976915777, 0.0006970919203013182, 0.0006654845783486962, 0.0006481519085355103, 0.0007003569626249373, 0.000700298638548702, 0.0007288500783033669, 0.0007125412812456489, 0.0007749955984763801, 0.0007473700679838657, 0.0007602957193739712, 0.0007192191551439464, 0.0008117242832668126, 0.0007507761474698782, 0.0007243723375722766, 0.0006993678398430347, 0.000760645663831383, 0.0007350769592449069, 0.0007232323405332863, 0.000708135892637074, 0.000709029205609113, 0.0006759600364603102, 0.0007251939387060702, 0.0007151726167649031, 0.0007377128931693733, 0.0007374915876425803, 0.0007935574394650757, 0.0007774030673317611, 0.0007444809307344258, 0.0007249859045259655, 0.000678358890581876, 0.0006897376151755452, 0.000782880699262023, 0.0007432755664922297, 0.0007956253248266876, 0.0007470749551430345, 0.0006886270130053163, 0.0006989745306782424, 0.0006845578318461776, 0.0006711939931847155, 0.0007184605929069221, 0.000707328028511256, 0.0007565279374830425, 0.0007077018381096423, 0.0006764275021851063, 0.0006715450435876846, 0.000724620244000107, 0.0006873969687148929]}