{"loss": [0.020344333723187447, 0.024871742352843285, 0.04510045796632767, 0.04493977501988411, 0.03690052777528763, 0.036669403314590454, 0.031949762254953384, 0.03272306174039841, 0.03445158898830414, 0.03383318707346916, 0.024934766814112663, 0.025576971471309662, 0.025759290903806686, 0.026492469012737274, 0.025243962183594704, 0.024524081498384476, 0.024949856102466583, 0.024958230555057526, 0.027132993564009666, 0.026958031579852104, 0.024821648374199867, 0.02327882871031761, 0.0251506045460701, 0.024115806445479393, 0.02282094396650791, 0.02141505293548107, 0.021779660135507584, 0.021912267431616783, 0.023709706962108612, 0.022305825725197792, 0.022351237013936043, 0.023101305589079857, 0.023430004715919495, 0.022417506203055382, 0.02323337458074093, 0.022842105478048325, 0.02298598736524582, 0.02317357063293457, 0.020225415006279945, 0.02092365175485611, 0.021507877856492996, 0.02159637026488781, 0.023458050563931465, 0.022420499473810196, 0.020130811259150505, 0.01996619999408722, 0.021810080856084824, 0.02105674520134926, 0.02073076367378235, 0.020433790981769562, 0.021431814879179, 0.020270146429538727, 0.020504936575889587, 0.021396417170763016, 0.025119351223111153, 0.024788767099380493, 0.021718338131904602, 0.020515820011496544, 0.019104937091469765, 0.019612040370702744], "position_loss": [0.00853674579411745, 0.010680892504751682, 0.02062169462442398, 0.02053886651992798, 0.016268447041511536, 0.016189558431506157, 0.014012672938406467, 0.01429287251085043, 0.015333320945501328, 0.014980718493461609, 0.010597068816423416, 0.010896838270127773, 0.011038307100534439, 0.011367806233465672, 0.010835672728717327, 0.010503116063773632, 0.010680624283850193, 0.01075069885700941, 0.011852430179715157, 0.01176407840102911, 0.010483269579708576, 0.009850922971963882, 0.010550783015787601, 0.01013273000717163, 0.009426867589354515, 0.00885708536952734, 0.009219278581440449, 0.009260935708880424, 0.009932641871273518, 0.009354866109788418, 0.009397388435900211, 0.009751573204994202, 0.0098666837438941, 0.009419077076017857, 0.009911601431667805, 0.00972899328917265, 0.009777677245438099, 0.009814252145588398, 0.008392831310629845, 0.008737517520785332, 0.008988160640001297, 0.009061534889042377, 0.009960885159671307, 0.009518694132566452, 0.008419839665293694, 0.008363177068531513, 0.009205716662108898, 0.008878050372004509, 0.00872030109167099, 0.008618989028036594, 0.009045446291565895, 0.008531693369150162, 0.008697780780494213, 0.009092593565583229, 0.010891493409872055, 0.010749856941401958, 0.009115423075854778, 0.008593527600169182, 0.007858037017285824, 0.008078042417764664], "gru_regularizer_loss": [0.14320245385169983, 0.1517176777124405, 0.1633550375699997, 0.16381403803825378, 0.16967841982841492, 0.16902540624141693, 0.1593191921710968, 0.1648816466331482, 0.15192554891109467, 0.15425564348697662, 0.15531562268733978, 0.15651530027389526, 0.15489868819713593, 0.15638764202594757, 0.15617002546787262, 0.154225155711174, 0.15704700350761414, 0.1520724594593048, 0.14898419380187988, 0.1498156487941742, 0.16418352723121643, 0.15364579856395721, 0.167207270860672, 0.15911664068698883, 0.1673756092786789, 0.15661035478115082, 0.1463553011417389, 0.1483100801706314, 0.16220052540302277, 0.152044415473938, 0.15067161619663239, 0.15196353197097778, 0.1561606526374817, 0.151686429977417, 0.1512850672006607, 0.14772887527942657, 0.14696455001831055, 0.1495235711336136, 0.1479969173669815, 0.1490209400653839, 0.15306030213832855, 0.1512286514043808, 0.15555083751678467, 0.1484498530626297, 0.1490882784128189, 0.1475122570991516, 0.151126891374588, 0.1467035859823227, 0.15105833113193512, 0.14673250913619995, 0.15314021706581116, 0.14622628688812256, 0.14101611077785492, 0.14501953125, 0.1466381847858429, 0.1453729122877121, 0.1534116119146347, 0.14664405584335327, 0.14886653423309326, 0.1504383683204651], "l2_xdx_activation_loss": [0.0006125799845904112, 0.0006639007478952408, 0.0007408130913972855, 0.0007409414974972606, 0.0008885908173397183, 0.0008663182961754501, 0.0007767157512716949, 0.0008291415870189667, 0.0007548709399998188, 0.0007760383887216449, 0.0007287983899004757, 0.0007390210521407425, 0.0007108707795850933, 0.0007306345505639911, 0.0006699460791423917, 0.0006581730558536947, 0.0006723525002598763, 0.000645009393338114, 0.0006457375711761415, 0.0006435464601963758, 0.0007373981643468142, 0.0006798148970119655, 0.0007919623167254031, 0.0007527003181166947, 0.0007641239208169281, 0.0007112326566129923, 0.0006254897452890873, 0.0006354051292873919, 0.0007404459756799042, 0.0006915230769664049, 0.0006828880286775529, 0.0006924812332727015, 0.0007113167666830122, 0.0006871356163173914, 0.0006320808315649629, 0.0006352511700242758, 0.0006533024716190994, 0.0006829170743003488, 0.000652901129797101, 0.0006524419877678156, 0.000666624226141721, 0.0006533110281452537, 0.0006598972249776125, 0.000632510578725487, 0.0005997226689942181, 0.000587880436796695, 0.0006287663709372282, 0.0006108422530815005, 0.0005928319878876209, 0.0005758018814958632, 0.0006028125644661486, 0.000581137603148818, 0.0005660441238433123, 0.0005866512656211853, 0.0006229669088497758, 0.0006114140851423144, 0.0006507648504339159, 0.0006204138626344502, 0.0006330384057946503, 0.0006501632160507143]}