{"loss": [0.022419871762394905, 0.02412188984453678, 0.036265283823013306, 0.036293696612119675, 0.024497319012880325, 0.025015629827976227, 0.0323818102478981, 0.032745104283094406, 0.025962624698877335, 0.025346364825963974, 0.029194701462984085, 0.028728464618325233, 0.024841563776135445, 0.024814410135149956, 0.022933170199394226, 0.023622341454029083, 0.022747702896595, 0.022319458425045013, 0.023927321657538414, 0.02310306206345558, 0.018585272133350372, 0.01870604418218136, 0.01948430947959423, 0.0199762973934412, 0.021104000508785248, 0.020175907760858536, 0.021512383595108986, 0.020848967134952545, 0.018768904730677605, 0.019233165308833122, 0.02060164511203766, 0.01973692514002323, 0.0198650024831295, 0.02078789658844471, 0.019173406064510345, 0.0185697004199028, 0.01870458386838436, 0.019595179706811905, 0.020184997469186783, 0.01972670666873455, 0.020831968635320663, 0.020133020356297493, 0.021050065755844116, 0.018940730020403862, 0.02020047791302204, 0.020041393116116524, 0.02024967037141323, 0.020114703103899956, 0.01862923428416252, 0.01918824203312397, 0.01844940520823002, 0.018663592636585236, 0.017120039090514183, 0.017120778560638428, 0.02085505798459053, 0.019829455763101578, 0.017527911812067032, 0.01762874238193035, 0.020022979006171227, 0.019382916390895844, 0.020117223262786865, 0.01858055591583252, 0.017584994435310364, 0.01811695285141468, 0.018442220985889435, 0.018126869574189186, 0.020148832350969315, 0.019634870812296867, 0.019746724516153336, 0.018684931099414825, 0.017431680113077164, 0.018274305388331413, 0.01998007297515869, 0.018984243273735046, 0.018774254247546196, 0.018628254532814026, 0.017200374975800514, 0.017185546457767487, 0.01727600209414959, 0.017666861414909363, 0.017305228859186172, 0.017380855977535248, 0.017971253022551537, 0.01728837750852108, 0.01679740846157074, 0.017071880400180817, 0.017794664949178696, 0.0191808994859457, 0.017742380499839783, 0.017496153712272644, 0.019941624253988266, 0.019803009927272797, 0.018515830859541893, 0.017967425286769867, 0.01738889142870903, 0.018189797177910805, 0.019368384033441544, 0.018785471096634865, 0.01953432336449623, 0.019128018990159035], "position_loss": [0.00964920874685049, 0.010553764179348946, 0.01603878103196621, 0.01610586792230606, 0.010688385926187038, 0.01094652060419321, 0.014671914279460907, 0.014822865836322308, 0.011431684717535973, 0.011149272322654724, 0.012993564829230309, 0.012822086922824383, 0.010788708925247192, 0.010825601406395435, 0.010038305073976517, 0.01035322342067957, 0.00999514665454626, 0.009803762659430504, 0.010612240061163902, 0.010235235095024109, 0.007823060266673565, 0.00790149625390768, 0.008236909285187721, 0.008492019027471542, 0.008848359808325768, 0.008494514040648937, 0.0092474315315485, 0.008946970105171204, 0.007974389009177685, 0.008177494630217552, 0.008642720989882946, 0.008294143714010715, 0.008450588211417198, 0.008809133432805538, 0.008090052753686905, 0.007813258096575737, 0.007943552918732166, 0.008357136510312557, 0.008462170138955116, 0.00830911472439766, 0.00886346772313118, 0.008559029549360275, 0.008951911702752113, 0.008038554340600967, 0.008672592230141163, 0.008631901815533638, 0.008749416097998619, 0.008666091598570347, 0.007975848391652107, 0.008177096024155617, 0.007881544530391693, 0.007965004071593285, 0.007088854908943176, 0.007089368999004364, 0.008951201103627682, 0.008513536304235458, 0.007367062382400036, 0.007419275119900703, 0.008445421233773232, 0.008180607110261917, 0.008400088176131248, 0.007745650131255388, 0.007333867717534304, 0.007553922478109598, 0.0077401758171617985, 0.007626788690686226, 0.008564850315451622, 0.008335227146744728, 0.008394298143684864, 0.007935810834169388, 0.007355182897299528, 0.0077193621546030045, 0.00853781308978796, 0.00811681617051363, 0.00795186311006546, 0.007887935265898705, 0.007116106804460287, 0.007105528376996517, 0.007195046171545982, 0.007339922711253166, 0.007217378821223974, 0.00725223682820797, 0.007457416038960218, 0.007161969784647226, 0.006991552654653788, 0.007109595462679863, 0.007519037928432226, 0.008136102929711342, 0.007413119077682495, 0.007328977808356285, 0.008606131188571453, 0.008535319939255714, 0.00781723577529192, 0.00758853554725647, 0.007229458540678024, 0.007574498653411865, 0.008205459453165531, 0.007956042885780334, 0.008290541358292103, 0.008129971101880074], "gru_regularizer_loss": [0.12729430198669434, 0.12331882864236832, 0.1388818323612213, 0.13922984898090363, 0.12806758284568787, 0.12670771777629852, 0.12283976376056671, 0.12411157041788101, 0.1253688931465149, 0.12372132390737534, 0.13306163251399994, 0.12856794893741608, 0.1313263475894928, 0.12849023938179016, 0.11836366355419159, 0.12081895768642426, 0.11973652243614197, 0.11676087975502014, 0.11876998841762543, 0.11563535779714584, 0.12318713963031769, 0.12156673520803452, 0.12286284565925598, 0.1231045350432396, 0.13503685593605042, 0.1280350387096405, 0.12630531191825867, 0.12287157028913498, 0.11949039995670319, 0.12078028172254562, 0.13166315853595734, 0.1254855841398239, 0.11732417345046997, 0.12207118421792984, 0.12294502556324005, 0.11998239159584045, 0.11755792051553726, 0.12038670480251312, 0.12995898723602295, 0.1254069209098816, 0.12760935723781586, 0.12395993620157242, 0.13247302174568176, 0.12192613631486893, 0.1224667876958847, 0.11897452920675278, 0.11674383282661438, 0.1163681223988533, 0.1151401549577713, 0.11910033226013184, 0.11730948090553284, 0.11858466267585754, 0.12265488505363464, 0.12155137956142426, 0.124166339635849, 0.11860590428113937, 0.12166748195886612, 0.12064758688211441, 0.1280013769865036, 0.12420094013214111, 0.13304820656776428, 0.12463769316673279, 0.12012860178947449, 0.12193408608436584, 0.12268823385238647, 0.11938527971506119, 0.12232942879199982, 0.11945491284132004, 0.12574034929275513, 0.11998399347066879, 0.11620143055915833, 0.11927881836891174, 0.122648224234581, 0.11711488664150238, 0.12191233038902283, 0.12069512903690338, 0.12210246920585632, 0.121064692735672, 0.11825373768806458, 0.12007982283830643, 0.11941731721162796, 0.11884073168039322, 0.12490607798099518, 0.12122922390699387, 0.11883798241615295, 0.11967334151268005, 0.11541043221950531, 0.12063392251729965, 0.12251226603984833, 0.11903376132249832, 0.12044556438922882, 0.11928413808345795, 0.12032514810562134, 0.11703124642372131, 0.11795489490032196, 0.1212054193019867, 0.12117765843868256, 0.11797307431697845, 0.12157133221626282, 0.11817058175802231],