{"loss": [0.022301314398646355, 0.024600019678473473, 0.04156022518873215, 0.04093661159276962, 0.029313290491700172, 0.030047036707401276, 0.03146321326494217, 0.03147285431623459, 0.034164488315582275, 0.032685648649930954, 0.02992277964949608, 0.02857680432498455, 0.025698058307170868, 0.025321001186966896, 0.024901336058974266, 0.025152206420898438, 0.025639070197939873, 0.024700302630662918, 0.020137427374720573, 0.020007196813821793, 0.023948676884174347, 0.02342614345252514, 0.02136816643178463, 0.021620312705636024, 0.019747134298086166, 0.01968466490507126, 0.021246589720249176, 0.022417446598410606, 0.019543509930372238, 0.02064133994281292, 0.02182869054377079, 0.02082253247499466, 0.0210664514452219, 0.02062152326107025, 0.019522057846188545, 0.02002696506679058, 0.019195029512047768, 0.02015986107289791, 0.02125389501452446, 0.02047695778310299, 0.02020997181534767, 0.019284576177597046, 0.020272308960556984, 0.020575392991304398, 0.019831018522381783, 0.01918901316821575, 0.017926257103681564, 0.018356287851929665, 0.020055297762155533, 0.01993122510612011, 0.019665176048874855, 0.01864781603217125, 0.017003687098622322, 0.017417360097169876, 0.017481477931141853, 0.017770307138562202, 0.01696646399796009, 0.017909958958625793, 0.019505327567458153, 0.019417203962802887], "position_loss": [0.009422394447028637, 0.010539854876697063, 0.01887432113289833, 0.01861541159451008, 0.012678473256528378, 0.01309201493859291, 0.013748898170888424, 0.013738416135311127, 0.014852099120616913, 0.014209987595677376, 0.013014242984354496, 0.01239698939025402, 0.01101689226925373, 0.010901406407356262, 0.01074233092367649, 0.010902618989348412, 0.011028595268726349, 0.010629837401211262, 0.008222098462283611, 0.008229617029428482, 0.009987108409404755, 0.009811236523091793, 0.008749392814934254, 0.00890458095818758, 0.008115018717944622, 0.008119925856590271, 0.008976315148174763, 0.00948261097073555, 0.008073637261986732, 0.008546811528503895, 0.009038730524480343, 0.008625363931059837, 0.008680400438606739, 0.008498730137944221, 0.00801254902034998, 0.008241469040513039, 0.007861783728003502, 0.008274548687040806, 0.00870880763977766, 0.008406413719058037, 0.008221575990319252, 0.007843594998121262, 0.008380967192351818, 0.008510829880833626, 0.008061916567385197, 0.007814339362084866, 0.007160102017223835, 0.007347357925027609, 0.008226138539612293, 0.00816000159829855, 0.007915550842881203, 0.007504236418753862, 0.006819715723395348, 0.006996518932282925, 0.007067658938467503, 0.007198552135378122, 0.0068443105556070805, 0.007259275298565626, 0.007937903515994549, 0.007924947887659073], "gru_regularizer_loss": [0.15811584889888763, 0.1601950079202652, 0.16337591409683228, 0.16099442541599274, 0.1689721792936325, 0.1666656732559204, 0.1678667664527893, 0.16977877914905548, 0.18112137913703918, 0.1728888303041458, 0.16919082403182983, 0.1642855852842331, 0.1632028967142105, 0.1581369936466217, 0.15849831700325012, 0.15659727156162262, 0.16553926467895508, 0.1603928804397583, 0.16870717704296112, 0.1632978320121765, 0.1750049591064453, 0.16895692050457, 0.16848784685134888, 0.16858293116092682, 0.16260376572608948, 0.16066408157348633, 0.15080121159553528, 0.15849831700325012, 0.15366967022418976, 0.15923786163330078, 0.16786198318004608, 0.16007369756698608, 0.1629388928413391, 0.1610129177570343, 0.15585491061210632, 0.15754148364067078, 0.15373185276985168, 0.1587599515914917, 0.16655680537223816, 0.15875349938869476, 0.1653028428554535, 0.15761765837669373, 0.1550729125738144, 0.1570804864168167, 0.16283491253852844, 0.15793094038963318, 0.15621770918369293, 0.15841954946517944, 0.15696758031845093, 0.1560019850730896, 0.16500535607337952, 0.15723998844623566, 0.15335294604301453, 0.1552022099494934, 0.15127934515476227, 0.1531558334827423, 0.1492854654788971, 0.15386530756950378, 0.157759889960289, 0.15597912669181824], "l2_xdx_activation_loss": [0.0006247875280678272, 0.0006391187780536711, 0.0007256055832840502, 0.000698279996868223, 0.0007552059250883758, 0.0007317811832763255, 0.0007619148236699402, 0.0007657436653971672, 0.0008826906559988856, 0.0008452599868178368, 0.000733793480321765, 0.0007129886653274298, 0.000677079486194998, 0.0006452707457356155, 0.0006102283950895071, 0.000593329721596092, 0.0006418273551389575, 0.0006118972669355571, 0.0006683840183541179, 0.0006379928672686219, 0.0007411349797621369, 0.0007043650839477777, 0.000727832259144634, 0.0007081057410687208, 0.0006300178938545287, 0.0006123896455392241, 0.000594979734160006, 0.0006220773211680353, 0.0006195104797370732, 0.0006514436681754887, 0.0006905338377691805, 0.0006566865486092865, 0.0006917509017512202, 0.0006709753070026636, 0.0006458010175265372, 0.000655868265312165, 0.0006443783640861511, 0.0006740520475432277, 0.0007232346688397229, 0.0006918622530065477, 0.00070426135789603, 0.000673400703817606, 0.0006528795347549021, 0.0006606404785998166, 0.0006926098722033203, 0.0006600057822652161, 0.0006809558253735304, 0.0006921232561580837, 0.0006774454959668219, 0.0006833981024101377, 0.0007276704418472946, 0.0006886443588882685, 0.0006099055171944201, 0.0006237636553123593, 0.0006107856170274317, 0.0006135451840236783, 0.0005946592427790165, 0.0006172482972033322, 0.000683637335896492, 0.0006688365247100592]}