{"loss": [0.025073520839214325, 0.028069188818335533, 0.0480046384036541, 0.048363082110881805, 0.02988702617585659, 0.030924223363399506, 0.0356646291911602, 0.03760543838143349, 0.031010493636131287, 0.03085058182477951, 0.02488691918551922, 0.025863278657197952, 0.026042945683002472, 0.026709962636232376, 0.026276057586073875, 0.024948405101895332, 0.02575135976076126, 0.024706337600946426, 0.023631712421774864, 0.024407673627138138, 0.023372549563646317, 0.023381343111395836, 0.02540064975619316, 0.024337749928236008, 0.02561788074672222, 0.02402414381504059, 0.021894264966249466, 0.022296983748674393, 0.023528963327407837, 0.02401866763830185, 0.02131597138941288, 0.02037048526108265, 0.023081742227077484, 0.023008333519101143, 0.02047746442258358, 0.021453866735100746, 0.021623145788908005, 0.021412886679172516, 0.02195223979651928, 0.02060125768184662, 0.02077249437570572, 0.02094193920493126, 0.021844305098056793, 0.02222495526075363, 0.020753009244799614, 0.020538268610835075, 0.022147003561258316, 0.02127549797296524, 0.018950549885630608, 0.018774887546896935, 0.020123422145843506, 0.02003667876124382, 0.02102711610496044, 0.0208116564899683, 0.020664332434535027, 0.02015586383640766, 0.018495870754122734, 0.01898236759006977, 0.019317809492349625, 0.018769435584545135], "position_loss": [0.010504242032766342, 0.012105648405849934, 0.02234085090458393, 0.02238841913640499, 0.013144440948963165, 0.01368586253374815, 0.015597390942275524, 0.016603222116827965, 0.013322543352842331, 0.013303659856319427, 0.010684067383408546, 0.011084920726716518, 0.011321778409183025, 0.011596626602113247, 0.011340541765093803, 0.010752903297543526, 0.011063876561820507, 0.010612275451421738, 0.010049357078969479, 0.010427690111100674, 0.009830703027546406, 0.009868230670690536, 0.010911040008068085, 0.01042201928794384, 0.011009126901626587, 0.010278420522809029, 0.009244438260793686, 0.009414172731339931, 0.009855035692453384, 0.010086435824632645, 0.008621450513601303, 0.00825706496834755, 0.009637342765927315, 0.00960734486579895, 0.008312821388244629, 0.008777112700045109, 0.00873590912669897, 0.008681421168148518, 0.008879241533577442, 0.008340197615325451, 0.008344459347426891, 0.008427410386502743, 0.008749060332775116, 0.008950158953666687, 0.008270937949419022, 0.008219398558139801, 0.009013604372739792, 0.00864693894982338, 0.007365521043539047, 0.0073311179876327515, 0.008014362305402756, 0.008011940866708755, 0.008537122048437595, 0.008453273214399815, 0.008334989659488201, 0.008145634084939957, 0.007275596261024475, 0.007521833758801222, 0.007578931283205748, 0.007377946749329567], "gru_regularizer_loss": [0.19211634993553162, 0.18358591198921204, 0.1692422479391098, 0.17850762605667114, 0.17670151591300964, 0.17525357007980347, 0.18989905714988708, 0.19216962158679962, 0.19609270989894867, 0.19277335703372955, 0.17362672090530396, 0.1815100908279419, 0.17015355825424194, 0.17541734874248505, 0.1794048249721527, 0.17198210954666138, 0.18076921999454498, 0.17347881197929382, 0.17316916584968567, 0.17469459772109985, 0.17919644713401794, 0.17714768648147583, 0.1771664023399353, 0.17289726436138153, 0.17811980843544006, 0.17093445360660553, 0.16695673763751984, 0.1693197637796402, 0.17833946645259857, 0.1796414703130722, 0.18759523332118988, 0.17889241874217987, 0.17847195267677307, 0.17708520591259003, 0.1756727248430252, 0.17934279143810272, 0.18395420908927917, 0.18108415603637695, 0.18909825384616852, 0.17765222489833832, 0.18040627241134644, 0.1812829077243805, 0.1846994310617447, 0.18506304919719696, 0.18392682075500488, 0.18101319670677185, 0.18572771549224854, 0.18019349873065948, 0.18478624522686005, 0.18178433179855347, 0.18182195723056793, 0.17931583523750305, 0.17900170385837555, 0.17714780569076538, 0.1813904047012329, 0.17620255053043365, 0.17663651704788208, 0.17747442424297333, 0.18619662523269653, 0.18046250939369202], "l2_xdx_activation_loss": [0.000714280002284795, 0.0006736665382049978, 0.0005431613535620272, 0.0006000471767038107, 0.0006100318278186023, 0.0005996433319523931, 0.0008566080359742045, 0.0008254214772023261, 0.0008011487079784274, 0.0007714990642853081, 0.0005938279209658504, 0.0006257675122469664, 0.0005656066932715476, 0.0005871670437045395, 0.0005999640561640263, 0.0005739146145060658, 0.0006049604271538556, 0.0005819880752824247, 0.0006000903085805476, 0.000601436709985137, 0.0006393808871507645, 0.0006241219816729426, 0.0006019563879817724, 0.0005879008676856756, 0.0006057977443560958, 0.0005856412462890148, 0.0005782620282843709, 0.0005914681823924184, 0.0006781534757465124, 0.0006827825563959777, 0.0007320274016819894, 0.0006887984927743673, 0.0006737668300047517, 0.0006739184609614313, 0.0006980195757932961, 0.0007017258903943002, 0.0007702494622208178, 0.0007460550405085087, 0.0007672462961636484, 0.0007144353003241122, 0.0007594921044073999, 0.0007577512878924608, 0.0008327182149514556, 0.000824323738925159, 0.0007902755169197917, 0.0007627675659023225, 0.0007538268691860139, 0.0007262165891006589, 0.0007902030483819544, 0.0007645903970114887, 0.0007584804552607238, 0.0007395336870104074, 0.0007206060690805316, 0.0007108654826879501, 0.0007264709565788507, 0.0007005115039646626, 0.0007257584948092699, 0.0007209728937596083, 0.0007656476809643209, 0.0007359593291766942]}