{"loss": [0.023956773802638054, 0.024633876979351044, 0.0568694993853569, 0.05412356182932854, 0.02505982294678688, 0.02519729919731617, 0.03577907383441925, 0.03507721796631813, 0.028094090521335602, 0.029008226469159126, 0.024938136339187622, 0.024390242993831635, 0.028059840202331543, 0.02852809801697731, 0.028594033792614937, 0.028100281953811646, 0.020352832973003387, 0.021821454167366028, 0.023942554369568825, 0.023976091295480728, 0.025936294347047806, 0.02487785741686821, 0.02187815122306347, 0.021210841834545135, 0.02487298846244812, 0.023911379277706146, 0.02108880504965782, 0.021504752337932587, 0.020102720707654953, 0.020380713045597076, 0.020705368369817734, 0.021681101992726326, 0.02130352333188057, 0.0200020931661129, 0.02229819819331169, 0.022348277270793915, 0.023636344820261, 0.022973373532295227, 0.02233726531267166, 0.021622084081172943, 0.02116255834698677, 0.021304402500391006, 0.0207383930683136, 0.020143916830420494, 0.019540488719940186, 0.019485166296362877, 0.018780238926410675, 0.018598202615976334, 0.020637081936001778, 0.020013414323329926, 0.01708226278424263, 0.017494121566414833, 0.020531071349978447, 0.02118242345750332, 0.022664537653326988, 0.021088870242238045, 0.02020864188671112, 0.019248085096478462, 0.019674304872751236, 0.0195380300283432], "position_loss": [0.009842639788985252, 0.010274390690028667, 0.026568174362182617, 0.025241730734705925, 0.010547958314418793, 0.01069462951272726, 0.015312197618186474, 0.015119771473109722, 0.011856947094202042, 0.012314343824982643, 0.010482306592166424, 0.010279039852321148, 0.012186450883746147, 0.012394777499139309, 0.012424442917108536, 0.012201798148453236, 0.008290563710033894, 0.009012149646878242, 0.010029954835772514, 0.010088284499943256, 0.01108225341886282, 0.010606596246361732, 0.009106568060815334, 0.008827030658721924, 0.010615024715662003, 0.010192071087658405, 0.008701669983565807, 0.008904004469513893, 0.008218754082918167, 0.008360670879483223, 0.008659751154482365, 0.009104158729314804, 0.00871339812874794, 0.008196845650672913, 0.009273463860154152, 0.009291090071201324, 0.009865817613899708, 0.009619911201298237, 0.009098590351641178, 0.00882592424750328, 0.008752215653657913, 0.008812705986201763, 0.00835901778191328, 0.008111085742712021, 0.00774355186149478, 0.007733175531029701, 0.007431789766997099, 0.007362721487879753, 0.008236279711127281, 0.008000198751688004, 0.006709412205964327, 0.006903222296386957, 0.00838477537035942, 0.008670822717249393, 0.009237534366548061, 0.008594938553869724, 0.008099052123725414, 0.007736350875347853, 0.007859500125050545, 0.007825125008821487], "gru_regularizer_loss": [0.1815735399723053, 0.17320682108402252, 0.16680903732776642, 0.162416473031044, 0.17508918046951294, 0.16931329667568207, 0.19706827402114868, 0.1885729879140854, 0.17674432694911957, 0.17826873064041138, 0.17453932762145996, 0.1690036654472351, 0.1642991006374359, 0.16508299112319946, 0.16634005308151245, 0.16405929625034332, 0.16586089134216309, 0.16810119152069092, 0.1723439246416092, 0.169235959649086, 0.16868428885936737, 0.16354937851428986, 0.16299378871917725, 0.15820476412773132, 0.16659873723983765, 0.16134022176265717, 0.16482707858085632, 0.16478317975997925, 0.16136658191680908, 0.1615913063287735, 0.15459714829921722, 0.15815946459770203, 0.1702854335308075, 0.1595604121685028, 0.15969301760196686, 0.15863703191280365, 0.16712525486946106, 0.1616162657737732, 0.1743413805961609, 0.1682843565940857, 0.16054540872573853, 0.1615588217973709, 0.17089048027992249, 0.16602426767349243, 0.16913063824176788, 0.16716268658638, 0.1657351851463318, 0.16387882828712463, 0.17253437638282776, 0.16701975464820862, 0.16020578145980835, 0.16105897724628448, 0.16195057332515717, 0.16519346833229065, 0.17983698844909668, 0.16815505921840668, 0.17546506226062775, 0.16662654280662537, 0.16721074283123016, 0.16467465460300446], "l2_xdx_activation_loss": [0.000818265660200268, 0.0007840221514925361, 0.0006880313740111887, 0.000671656453050673, 0.0007373503758572042, 0.0007046478567644954, 0.001061011222191155, 0.0009836603421717882, 0.0008705966756679118, 0.0008652962278574705, 0.0007423889474011958, 0.0007137219654396176, 0.0006809940095990896, 0.000695582595653832, 0.0006935945129953325, 0.0006850423524156213, 0.0007040441269055009, 0.0007050595595501363, 0.0007194135687313974, 0.000702065764926374, 0.0006946598296053708, 0.0006760690012015402, 0.0006780376425012946, 0.0006579226464964449, 0.0006586625822819769, 0.0006376234814524651, 0.0006787426536902785, 0.0006826490862295032, 0.000683527672663331, 0.0006808310281485319, 0.0006129769026301801, 0.0006300749373622239, 0.0007243022555485368, 0.0006706109852530062, 0.0007177918450906873, 0.0007262536673806608, 0.0007441638153977692, 0.0007054737070575356, 0.0007985690026544034, 0.0007621428812853992, 0.0006839021807536483, 0.0006874788086861372, 0.000770161859691143, 0.000753512023948133, 0.0007870379486121237, 0.0007820739992894232, 0.0007527808775193989, 0.0007443347130902112, 0.0008127370965667069, 0.0007806178764440119, 0.0006868041818961501, 0.000692039611749351, 0.0007136829663068056, 0.000729292631149292, 0.0007967108394950628, 0.0007388254744000733, 0.0007516398909501731, 0.0007027168176136911, 0.0007607435109093785, 0.0007466890383511782]}