{"loss": [0.021251218393445015, 0.023245295509696007, 0.042529575526714325, 0.041266538202762604, 0.028177829459309578, 0.02822135202586651, 0.03006226383149624, 0.030124522745609283, 0.028802968561649323, 0.02890731208026409, 0.024288594722747803, 0.023509040474891663, 0.022672664374113083, 0.022444777190685272, 0.02593528851866722, 0.025271007791161537, 0.022926658391952515, 0.022626865655183792, 0.02277655154466629, 0.022078247740864754, 0.019530296325683594, 0.020146138966083527, 0.021737538278102875, 0.02117147110402584, 0.024039044976234436, 0.0228525772690773, 0.020506758242845535, 0.020007072016596794, 0.01986202783882618, 0.019757352769374847, 0.020404761657118797, 0.01939321681857109, 0.020278325304389, 0.019200215116143227, 0.020138505846261978, 0.02019486390054226, 0.019112255424261093, 0.01895558089017868, 0.019590258598327637, 0.01946691796183586, 0.017406059429049492, 0.017503924667835236, 0.02104800194501877, 0.02025432139635086, 0.019299596548080444, 0.019018229097127914, 0.01909627392888069, 0.01856311224400997, 0.019057977944612503, 0.019302617758512497, 0.016850056126713753, 0.01793443225324154, 0.01855580136179924, 0.01793324574828148, 0.01748683862388134, 0.017731808125972748, 0.01810542121529579, 0.0172785185277462, 0.01706620678305626, 0.017001913860440254, 0.017585881054401398, 0.01759466901421547, 0.01792866736650467, 0.017452441155910492, 0.016979604959487915, 0.01670217700302601, 0.01779736950993538, 0.017076926305890083, 0.019155554473400116, 0.017718808725476265, 0.01982954889535904, 0.019170287996530533, 0.01748448982834816, 0.017959503456950188, 0.01867550238966942, 0.017894383519887924, 0.016647161915898323, 0.01737692952156067, 0.020350607112050056, 0.02068597823381424, 0.020085711032152176, 0.019766831770539284, 0.020101457834243774, 0.019940683618187904, 0.018997786566615105, 0.018566906452178955, 0.017665518447756767, 0.018530674278736115, 0.021908318623900414, 0.02187027968466282, 0.019882986322045326, 0.019393140450119972, 0.019140958786010742, 0.020040404051542282, 0.017360124737024307, 0.017017478123307228, 0.01968400366604328, 0.018847916275262833, 0.019118791446089745, 0.018531838431954384], "position_loss": [0.009119987487792969, 0.010117724537849426, 0.018784917891025543, 0.01827174983918667, 0.012354877777397633, 0.012224981561303139, 0.013268518261611462, 0.01317519973963499, 0.012768615037202835, 0.012810911051928997, 0.010449402034282684, 0.010140245780348778, 0.009758032858371735, 0.00965865422040224, 0.011376735754311085, 0.011109380051493645, 0.009747868403792381, 0.009674792177975178, 0.009656286798417568, 0.009409028105437756, 0.008318370208144188, 0.008606109768152237, 0.009334316477179527, 0.009089279919862747, 0.010396352037787437, 0.00988033041357994, 0.008709336631000042, 0.008492285385727882, 0.008487031795084476, 0.008433773182332516, 0.008662499487400055, 0.008224482648074627, 0.008545493707060814, 0.008082053624093533, 0.008507750928401947, 0.008527029305696487, 0.008008996024727821, 0.007923884317278862, 0.008189612999558449, 0.008141696453094482, 0.007115601096302271, 0.007177351973950863, 0.008768478408455849, 0.00844450481235981, 0.007996085099875927, 0.00791206955909729, 0.00795639120042324, 0.0077258143573999405, 0.008018012158572674, 0.008112435229122639, 0.006931655574589968, 0.007406636141240597, 0.007581756915897131, 0.007329826708883047, 0.007213530596345663, 0.007295713759958744, 0.00743617070838809, 0.007094516418874264, 0.0069608865305781364, 0.006917187944054604, 0.007224529515951872, 0.007220679894089699, 0.007257051300257444, 0.007078227121382952, 0.006915862672030926, 0.006812848150730133, 0.007193171884864569, 0.006924342829734087, 0.007795755751430988, 0.007212094031274319, 0.008274002000689507, 0.007985571399331093, 0.007182909641414881, 0.0073996782302856445, 0.007687666453421116, 0.007370773237198591, 0.006896037608385086, 0.007185017690062523, 0.00860520638525486, 0.008756883442401886, 0.008412584662437439, 0.008305173367261887, 0.008555125445127487, 0.00845763273537159, 0.007959381677210331, 0.007777741178870201, 0.007344062440097332, 0.007701324298977852, 0.009401376359164715, 0.009342269971966743, 0.008403156884014606, 0.008161114528775215, 0.008010098710656166, 0.008402029052376747, 0.007014736067503691, 0.006879589520394802, 0.008242656476795673, 0.007862761616706848, 0.007904443889856339, 0.007673819083720446], "gru_regularizer_loss": [0.13080504536628723, 0.1320221722126007, 0.16345956921577454, 0.1588415801525116, 0.13707447052001953, 0.14053231477737427, 0.13216927647590637, 0.13613100349903107, 0.13359251618385315, 0.13318698108196259, 0.14116144180297852, 0.1344946026802063, 0.1354197859764099, 0.13408035039901733, 0.1405462771654129, 0.13597311079502106, 0.14446397125720978, 0.13929665088653564, 0.14554759860038757, 0.13794344663619995, 0.1297919750213623, 0.13105586171150208, 0.13725228607654572, 0.1330466866493225, 0.13938891887664795, 0.13265842199325562, 0.13481561839580536, 0.1310713142156601, 0.13131490349769592, 0.13029296696186066, 0.1387259066104889, 0.1321525126695633, 0.13977381587028503, 0.13329730927944183, 0.1315620243549347, 0.13105171918869019, 0.1314646601676941, 0.1305212378501892, 0.13501670956611633, 0.13347016274929047, 0.13309256732463837, 0.13174666464328766, 0.14169353246688843, 0.13686902821063995, 0.1391170769929886, 0.1345277726650238, 0.13754136860370636, 0.133236363530159, 0.12963828444480896, 0.1310308277606964, 0.1295098066329956, 0.1332390159368515, 0.1382095068693161, 0.13378559052944183, 0.12835988402366638, 0.12996020913124084, 0.13751694560050964, 0.13104864954948425, 0.13276928663253784, 0.13157837092876434, 0.13276374340057373, 0.13153530657291412, 0.137867271900177, 0.13356366753578186, 0.13406167924404144, 0.130109503865242, 0.14136049151420593, 0.13420823216438293, 0.14374130964279175, 0.1340561956167221, 0.13708771765232086, 0.1329379677772522, 0.13018719851970673, 0.13126511871814728, 0.13723017275333405, 0.13066747784614563, 0.12440712749958038, 0.128541961312294, 0.1313904970884323, 0.13217967748641968, 0.13618232309818268, 0.13193145394325256, 0.12941667437553406, 0.12835805118083954, 0.13241024315357208, 0.12864764034748077, 0.12577536702156067, 0.1300366073846817, 0.1312178671360016, 0.1306096464395523, 0.12905465066432953, 0.12833629548549652, 0.12779837846755981, 0.13150471448898315, 0.1367131769657135, 0.13275741040706635, 0.13553264737129211, 0.13136820495128632, 0.1366465836763382, 0.1321742981672287],