{"loss": [0.021997349336743355, 0.02674967795610428, 0.04800243303179741, 0.047059427946805954, 0.040544185787439346, 0.0409562811255455, 0.04115938022732735, 0.041712239384651184, 0.02943919599056244, 0.029524018988013268, 0.033197786659002304, 0.03281416371464729, 0.033637456595897675, 0.03196850046515465, 0.0240312647074461, 0.02430870197713375, 0.027238454669713974, 0.02579776756465435, 0.022816067561507225, 0.02334403432905674, 0.023746086284518242, 0.02441970631480217, 0.028212031349539757, 0.027898043394088745, 0.02499731257557869, 0.02517589181661606, 0.0237476397305727, 0.025295794010162354, 0.02369312196969986, 0.022970981895923615, 0.024738751351833344, 0.024133561179041862, 0.021969716995954514, 0.02177712321281433, 0.024392811581492424, 0.023634154349565506, 0.022821862250566483, 0.02162974141538143, 0.02311105653643608, 0.02293667010962963, 0.02020445466041565, 0.01995808444917202, 0.021551359444856644, 0.021299272775650024, 0.021507693454623222, 0.02047344297170639, 0.020768411457538605, 0.020226433873176575, 0.0207982175052166, 0.020006245002150536, 0.01940782554447651, 0.018510330468416214, 0.01915401965379715, 0.019445909187197685, 0.021552827209234238, 0.02037299983203411, 0.01799382083117962, 0.018091727048158646, 0.01950344443321228, 0.01902277208864689], "position_loss": [0.009184902533888817, 0.011478953063488007, 0.022099314257502556, 0.02166636660695076, 0.01811574026942253, 0.018374154344201088, 0.018676862120628357, 0.01896202191710472, 0.012980994768440723, 0.012961635366082191, 0.014794145710766315, 0.01453093346208334, 0.014980264008045197, 0.014147748239338398, 0.010265342891216278, 0.010402321815490723, 0.011775519698858261, 0.011140827089548111, 0.009630697779357433, 0.009910348802804947, 0.010232239030301571, 0.010520346462726593, 0.012406469322741032, 0.012272104620933533, 0.010826135985553265, 0.010902803391218185, 0.01019968744367361, 0.010897346772253513, 0.010007594712078571, 0.009696654975414276, 0.010539479553699493, 0.01029952336102724, 0.009181554429233074, 0.009097900241613388, 0.010379314422607422, 0.010046008042991161, 0.009426415897905827, 0.008940907195210457, 0.009611173532903194, 0.009528998285531998, 0.008061349391937256, 0.008006392978131771, 0.008867300115525723, 0.008750960230827332, 0.008815765380859375, 0.008378934115171432, 0.00849459134042263, 0.008270583115518093, 0.008468379266560078, 0.008141686208546162, 0.007890922017395496, 0.00752207450568676, 0.007856530137360096, 0.007984058931469917, 0.008886345662176609, 0.00839228555560112, 0.007207049056887627, 0.0072758919559419155, 0.00790760014206171, 0.0077264029532670975], "gru_regularizer_loss": [0.1703880876302719, 0.17739242315292358, 0.18813158571720123, 0.18325358629226685, 0.18636026978492737, 0.18355226516723633, 0.17224323749542236, 0.17383600771427155, 0.1693705916404724, 0.17284144461154938, 0.17452187836170197, 0.17617590725421906, 0.17800670862197876, 0.1754637360572815, 0.17229941487312317, 0.17143398523330688, 0.1779247224330902, 0.17038363218307495, 0.17295020818710327, 0.1718018651008606, 0.16618163883686066, 0.17119663953781128, 0.17135538160800934, 0.16994087398052216, 0.16722053289413452, 0.16871075332164764, 0.16057968139648438, 0.16810452938079834, 0.17134326696395874, 0.16950976848602295, 0.17444287240505219, 0.1697407066822052, 0.1699923425912857, 0.16863758862018585, 0.17119349539279938, 0.16702303290367126, 0.17910520732402802, 0.17134001851081848, 0.17432251572608948, 0.17305773496627808, 0.1773272007703781, 0.17266272008419037, 0.17049814760684967, 0.16952736675739288, 0.17660406231880188, 0.16926661133766174, 0.17324304580688477, 0.1689012348651886, 0.17471644282341003, 0.1700173169374466, 0.17465685307979584, 0.16704465448856354, 0.1634020209312439, 0.16557542979717255, 0.17555756866931915, 0.16819757223129272, 0.1692986786365509, 0.16804078221321106, 0.17428699135780334, 0.16969960927963257], "l2_xdx_activation_loss": [0.0006408313056454062, 0.0006722263642586768, 0.0006404390442185104, 0.0006309947348199785, 0.0008159775752574205, 0.0007904262747615576, 0.0006940180319361389, 0.0006828886107541621, 0.0005941103445366025, 0.000623720814473927, 0.000621035520453006, 0.0006631225696764886, 0.00063189776847139, 0.0006390661583282053, 0.000592138443607837, 0.0005961833521723747, 0.0006356661906465888, 0.0006037027342244983, 0.0006080003804527223, 0.0006013830425217748, 0.0005395407788455486, 0.0005552924703806639, 0.0005614566616714001, 0.0005510853952728212, 0.0005572211812250316, 0.000560667656827718, 0.0005804317770525813, 0.0006062946049496531, 0.0006544425850734115, 0.0006271340535022318, 0.0006380641716532409, 0.0006119788740761578, 0.0006351712509058416, 0.0006312577752396464, 0.0006403589504770935, 0.0006235788459889591, 0.0007256019162014127, 0.0006777850212529302, 0.0007147706346586347, 0.0007156410138122737, 0.0007691042264923453, 0.0007391662802547216, 0.0007035353919491172, 0.000700302014593035, 0.000702983234077692, 0.0006739124073646963, 0.0006818757392466068, 0.0006650283467024565, 0.0007043736986815929, 0.0006738414522260427, 0.0006260797381401062, 0.0005981866852380335, 0.0006019221618771553, 0.00060695456340909, 0.0006744622951373458, 0.0006350928451865911, 0.0006285213166847825, 0.0006194543093442917, 0.0006480670999735594, 0.0006239329813979566]}