{"loss": [0.024762380868196487, 0.028022339567542076, 0.05013968423008919, 0.04755822941660881, 0.0294072013348341, 0.029457025229930878, 0.04283726215362549, 0.04265157878398895, 0.030483856797218323, 0.0300750769674778, 0.02893383428454399, 0.0288778617978096, 0.029996050521731377, 0.029951324686408043, 0.02679336816072464, 0.026743294671177864, 0.025956008583307266, 0.02563295140862465, 0.024179331958293915, 0.02351805567741394, 0.023677565157413483, 0.02384539693593979, 0.024422448128461838, 0.023296352475881577, 0.022053319960832596, 0.022411329671740532, 0.023483864963054657, 0.023374412208795547, 0.023350518196821213, 0.023150324821472168, 0.01849103346467018, 0.019960395991802216, 0.020786941051483154, 0.020558595657348633, 0.02141810767352581, 0.021237721666693687, 0.021462932229042053, 0.020695943385362625, 0.01999150589108467, 0.019504420459270477, 0.020779931917786598, 0.02014227770268917, 0.02027362398803234, 0.019232919439673424, 0.01843087002635002, 0.018467824906110764, 0.01850593462586403, 0.01873372308909893, 0.019441818818449974, 0.019294146448373795, 0.019150102511048317, 0.018941396847367287, 0.01880303956568241, 0.018675493076443672, 0.016571098938584328, 0.01798890344798565, 0.01680808700621128, 0.017778370529413223, 0.01939578726887703, 0.018747398629784584], "position_loss": [0.010415659286081791, 0.012090575881302357, 0.0226595401763916, 0.021525884047150612, 0.012555892579257488, 0.012694096192717552, 0.01945849135518074, 0.01934254728257656, 0.01314555760473013, 0.012989476323127747, 0.012204356491565704, 0.01226695068180561, 0.012967562302947044, 0.012876683846116066, 0.011326286941766739, 0.011274276301264763, 0.010864484123885632, 0.010751723311841488, 0.00989088136702776, 0.009656649082899094, 0.00972704403102398, 0.009848862886428833, 0.010103386826813221, 0.009648741222918034, 0.009091818705201149, 0.009262234903872013, 0.009700166992843151, 0.009697200730443, 0.009767156094312668, 0.009692272171378136, 0.007460261695086956, 0.008118083700537682, 0.008453586138784885, 0.008361785672605038, 0.008745827712118626, 0.008692454546689987, 0.008674079552292824, 0.008364084176719189, 0.00797270517796278, 0.0078043509274721146, 0.00839710608124733, 0.008135523647069931, 0.008047312498092651, 0.007629728876054287, 0.007165098562836647, 0.007205544970929623, 0.0072470917366445065, 0.007362584117799997, 0.007778374943882227, 0.007731382269412279, 0.007492240518331528, 0.007437769789248705, 0.0073939054273068905, 0.007344188634306192, 0.006388903129845858, 0.00698860501870513, 0.006563669536262751, 0.006964030209928751, 0.007694046478718519, 0.0074394079856574535], "gru_regularizer_loss": [0.20023295283317566, 0.19763000309467316, 0.22933655977249146, 0.2162434458732605, 0.21149317920207977, 0.2003001570701599, 0.19021369516849518, 0.19239743053913116, 0.20251640677452087, 0.19933277368545532, 0.21276210248470306, 0.2054343968629837, 0.19608661532402039, 0.20229768753051758, 0.19768738746643066, 0.19974859058856964, 0.2039351761341095, 0.20046456158161163, 0.21097519993782043, 0.20303432643413544, 0.2050333321094513, 0.20180754363536835, 0.2083076685667038, 0.19760268926620483, 0.19302600622177124, 0.19405998289585114, 0.20159783959388733, 0.19779019057750702, 0.19314312934875488, 0.19078762829303741, 0.18354174494743347, 0.18980258703231812, 0.19479817152023315, 0.1923648715019226, 0.19797547161579132, 0.19478541612625122, 0.20287327468395233, 0.19589002430438995, 0.20027939975261688, 0.1933659464120865, 0.19735553860664368, 0.1911720186471939, 0.20312586426734924, 0.19281993806362152, 0.199241042137146, 0.1965017467737198, 0.1949709802865982, 0.19550682604312897, 0.19323638081550598, 0.1905732899904251, 0.1991400420665741, 0.1956852823495865, 0.19528533518314362, 0.19303995370864868, 0.18274429440498352, 0.19234459102153778, 0.18312032520771027, 0.18936221301555634, 0.19753433763980865, 0.19092969596385956], "l2_xdx_activation_loss": [0.0006425668834708631, 0.0006212849402800202, 0.0008420675876550376, 0.0007809969829395413, 0.0007264838786795735, 0.0006882667075842619, 0.0006723686237819493, 0.0006804907461628318, 0.0007221801206469536, 0.0007005868246778846, 0.000798821565695107, 0.0007628604653291404, 0.0006996747688390315, 0.0007246484165079892, 0.0007209613686427474, 0.0007320729782804847, 0.0007288842462003231, 0.000707940838765353, 0.0007622604607604444, 0.0007244592998176813, 0.0007240359554998577, 0.0007095201872289181, 0.0007105210679583251, 0.0006739364471286535, 0.0006461290759034455, 0.000648408371489495, 0.0006888386560603976, 0.000667024462018162, 0.0006279124645516276, 0.0006189558189362288, 0.0005780183128081262, 0.0006083882180973887, 0.0006435827235691249, 0.0006367788882926106, 0.0006485529593192041, 0.0006346401060000062, 0.0006950005190446973, 0.0006692788447253406, 0.0006807547761127353, 0.0006536737200804055, 0.0006703752442263067, 0.0006528240046463907, 0.0007155666826292872, 0.0006814074004068971, 0.0007024077349342406, 0.0006968930829316378, 0.0006870016222819686, 0.0006841496797278523, 0.0006505554774776101, 0.0006415366078726947, 0.0007243936415761709, 0.0007026552921161056, 0.0006871120422147214, 0.0006852252408862114, 0.0006549367099069059, 0.0006957357400096953, 0.0006161679630167782, 0.000651882030069828, 0.0006771041080355644, 0.0006527487421408296]}