{"loss": [0.022824885323643684, 0.02735995315015316, 0.05215298384428024, 0.05100442096590996, 0.032683007419109344, 0.03241565451025963, 0.030699322000145912, 0.030310669913887978, 0.03374829888343811, 0.03156008571386337, 0.03451463580131531, 0.03362790495157242, 0.025195566937327385, 0.02592984214425087, 0.028712734580039978, 0.028470460325479507, 0.027899570763111115, 0.028088973835110664, 0.02343839965760708, 0.023534566164016724, 0.024744607508182526, 0.02556653507053852, 0.024176429957151413, 0.023837866261601448, 0.021803809329867363, 0.021918607875704765, 0.023478176444768906, 0.022605033591389656, 0.020172888413071632, 0.02066509984433651, 0.020045319572091103, 0.019517259672284126, 0.021863972768187523, 0.021427903324365616, 0.01871052384376526, 0.01920822635293007, 0.020265476778149605, 0.020025981590151787, 0.018987683579325676, 0.019303154200315475, 0.019605115056037903, 0.01914399117231369, 0.019122712314128876, 0.019354745745658875, 0.01881345734000206, 0.01930641382932663, 0.019513245671987534, 0.01805086061358452, 0.020480822771787643, 0.020215652883052826, 0.02221391350030899, 0.021466637030243874, 0.019546976312994957, 0.02010311372578144, 0.01959259994328022, 0.01864466816186905, 0.020120255649089813, 0.01990341953933239, 0.01904684118926525, 0.019390858709812164], "position_loss": [0.009559878148138523, 0.011790377087891102, 0.024067725986242294, 0.02350238896906376, 0.014200890436768532, 0.014163251034915447, 0.01333058625459671, 0.013157336972653866, 0.014828553423285484, 0.013860064558684826, 0.0153269674628973, 0.014934809878468513, 0.010707315988838673, 0.011091431602835655, 0.012508966028690338, 0.0123985530808568, 0.012190062552690506, 0.012242387048900127, 0.010009494610130787, 0.01002445351332426, 0.010615766979753971, 0.011027197353541851, 0.010181384161114693, 0.010070030577480793, 0.009142184630036354, 0.009185578674077988, 0.00993309635668993, 0.009547208435833454, 0.008384793065488338, 0.008602559566497803, 0.008230065926909447, 0.0080158282071352, 0.009156464599072933, 0.00895900558680296, 0.007662732619792223, 0.007877104915678501, 0.008384691551327705, 0.008278405293822289, 0.007726144976913929, 0.007874371483922005, 0.008008072152733803, 0.007829503156244755, 0.0077491081319749355, 0.007859773002564907, 0.0076949275098741055, 0.00790875032544136, 0.007813261821866035, 0.0072053768672049046, 0.008305448107421398, 0.008194176480174065, 0.009186988696455956, 0.008877786807715893, 0.007891026325523853, 0.00814028736203909, 0.007810172624886036, 0.007439869921654463, 0.008221704512834549, 0.008142402395606041, 0.007661400828510523, 0.007844772189855576], "gru_regularizer_loss": [0.17855273187160492, 0.17792591452598572, 0.1845812201499939, 0.1828102320432663, 0.19121436774730682, 0.18450471758842468, 0.1818147599697113, 0.17984145879745483, 0.18877844512462616, 0.17697013914585114, 0.1831555962562561, 0.17793215811252594, 0.17879541218280792, 0.17687717080116272, 0.17368893325328827, 0.1722840815782547, 0.1683211624622345, 0.17041932046413422, 0.1663626730442047, 0.16840746998786926, 0.17194724082946777, 0.17272672057151794, 0.1826956868171692, 0.17677713930606842, 0.17059852182865143, 0.1717151701450348, 0.1739068478345871, 0.16880089044570923, 0.16460943222045898, 0.16638723015785217, 0.17280465364456177, 0.1677953153848648, 0.1720927357673645, 0.16991445422172546, 0.16325461864471436, 0.16513513028621674, 0.1685558408498764, 0.16679026186466217, 0.16756422817707062, 0.16850750148296356, 0.1728571355342865, 0.16773658990859985, 0.16957050561904907, 0.17037148773670197, 0.16294290125370026, 0.16488009691238403, 0.18121853470802307, 0.16968116164207458, 0.17521989345550537, 0.1731300950050354, 0.17592841386795044, 0.17043906450271606, 0.17107155919075012, 0.17266446352005005, 0.18141329288482666, 0.1725478172302246, 0.17115998268127441, 0.16894935071468353, 0.1703820526599884, 0.1686895191669464], "l2_xdx_activation_loss": [0.0006395149976015091, 0.0006662936066277325, 0.0007235545199364424, 0.0007234940421767533, 0.000789342331700027, 0.0007476824684999883, 0.0007396478322334588, 0.000732173677533865, 0.0007341166492551565, 0.0006897327839396894, 0.0006760290125384927, 0.0006593021098524332, 0.0006639742641709745, 0.0006590497214347124, 0.0006522852927446365, 0.0006498186849057674, 0.0006117257289588451, 0.0006329825264401734, 0.0005849082372151315, 0.0006001750589348376, 0.000597514386754483, 0.0005946055753156543, 0.0006618820480071008, 0.0006429911591112614, 0.0006041321321390569, 0.0006097464938648045, 0.0006239524227567017, 0.0006071826792322099, 0.0005853832117281854, 0.000598349841311574, 0.0006186937098391354, 0.0006021966109983623, 0.0006096851429902017, 0.0006032292149029672, 0.0005838176584802568, 0.0006005354807712138, 0.0006031589000485837, 0.000600069819483906, 0.0006195634487085044, 0.0006227586418390274, 0.0006197799229994416, 0.0006021872977726161, 0.0006425768951885402, 0.0006434752140194178, 0.0005977039108984172, 0.0006130159017629921, 0.000691158464178443, 0.0006474113324657083, 0.0007055556634441018, 0.0006983123021200299, 0.0006931971292942762, 0.0006685374537482858, 0.0006843822193332016, 0.0006982776685617864, 0.0007190203759819269, 0.0006794629734940827, 0.0006547283846884966, 0.0006426865584217012, 0.0006730527384206653, 0.000671119662001729]}