{"loss": [0.022320114076137543, 0.025448864325881004, 0.047363705933094025, 0.04494348540902138, 0.024122899398207664, 0.025279967114329338, 0.030780278146266937, 0.030863933265209198, 0.030229944735765457, 0.029973652213811874, 0.028044601902365685, 0.026775160804390907, 0.028968479484319687, 0.029888775199651718, 0.02750639244914055, 0.028283502906560898, 0.02157357521355152, 0.020770490169525146, 0.030072230845689774, 0.030057702213525772, 0.02894042618572712, 0.02936774492263794, 0.023875780403614044, 0.02354484610259533, 0.025000402703881264, 0.024263186380267143, 0.02661851979792118, 0.026590757071971893, 0.02695387601852417, 0.026281628757715225, 0.022350991144776344, 0.021853895857930183, 0.023077381774783134, 0.022646991536021233, 0.020453086122870445, 0.02041306346654892, 0.02011329121887684, 0.020998723804950714, 0.022106679156422615, 0.022255223244428635, 0.02465122751891613, 0.023633506149053574, 0.02055104449391365, 0.019998297095298767, 0.022553816437721252, 0.022154463455080986, 0.021358808502554893, 0.020300930365920067, 0.01964215189218521, 0.019214393571019173, 0.020975586026906967, 0.020400425419211388, 0.021341677755117416, 0.019646767526865005, 0.019904231652617455, 0.01990559697151184, 0.01994297094643116, 0.019832594320178032, 0.019156277179718018, 0.0189621914178133, 0.017758173868060112, 0.018536986783146858, 0.01585371047258377, 0.016918985173106194, 0.018919767811894417, 0.018426651135087013, 0.019025269895792007, 0.019129743799567223, 0.017016319558024406, 0.018167676404118538, 0.018914982676506042, 0.018048634752631187, 0.018105613067746162, 0.018257273361086845, 0.019225802272558212, 0.019728396087884903, 0.018378689885139465, 0.018020130693912506, 0.022584283724427223, 0.021405769512057304, 0.01711967960000038, 0.01776687055826187, 0.02041652612388134, 0.019410794600844383, 0.020603138953447342, 0.020378155633807182, 0.02093305066227913, 0.019444258883595467, 0.02323082648217678, 0.022956883534789085, 0.025405248627066612, 0.0236195120960474, 0.019990572705864906, 0.018401645123958588, 0.019900593906641006, 0.02014654129743576, 0.018618661910295486, 0.018149837851524353, 0.01778247207403183, 0.01743067428469658], "position_loss": [0.009630057960748672, 0.011219079606235027, 0.022082842886447906, 0.020880842581391335, 0.010417575016617775, 0.01100985985249281, 0.013557612895965576, 0.01359829492866993, 0.01327692624181509, 0.013161662966012955, 0.01233832910656929, 0.011790834367275238, 0.012939859181642532, 0.013356637209653854, 0.01227660570293665, 0.012590100057423115, 0.009026462212204933, 0.00872370507568121, 0.013089623302221298, 0.013162335380911827, 0.012566895224153996, 0.012818803079426289, 0.010104975663125515, 0.010010561905801296, 0.01092005055397749, 0.010593239217996597, 0.011874955147504807, 0.011851307936012745, 0.012008190155029297, 0.011670153588056564, 0.00971806701272726, 0.009481502696871758, 0.010019920766353607, 0.009833640418946743, 0.008650138042867184, 0.008668179623782635, 0.008590984158217907, 0.009015781804919243, 0.009627862833440304, 0.009705819189548492, 0.010867574252188206, 0.010439932346343994, 0.008802455849945545, 0.008570263162255287, 0.009695613756775856, 0.009560048580169678, 0.009097828529775143, 0.008638815954327583, 0.008332010358572006, 0.008167078718543053, 0.009083038195967674, 0.008822745643556118, 0.009100716561079025, 0.00836289394646883, 0.0083937868475914, 0.008419135585427284, 0.008386261761188507, 0.008339719846844673, 0.008074951358139515, 0.007987650111317635, 0.0074157025665044785, 0.007742179557681084, 0.00647860998287797, 0.006933189928531647, 0.00778923137113452, 0.007597828283905983, 0.007933112792670727, 0.007987895049154758, 0.007007945328950882, 0.007506935857236385, 0.007879482582211494, 0.007527175825089216, 0.007591327652335167, 0.0076417275704443455, 0.008089503273367882, 0.008304012008011341, 0.007546412758529186, 0.00742191169410944, 0.009598744101822376, 0.009100531227886677, 0.007064128294587135, 0.007355781737715006, 0.008618666790425777, 0.008191387169063091, 0.008681008592247963, 0.008625621907413006, 0.008944020606577396, 0.00829647108912468, 0.010107028298079967, 0.010012373328208923, 0.011091841384768486, 0.010303808376193047, 0.008287407457828522, 0.007645617704838514, 0.008427180349826813, 0.008531895466148853, 0.00777057372033596, 0.007571124471724033, 0.007427737582474947, 0.007285005412995815], "gru_regularizer_loss": [0.12112672626972198, 0.11909031867980957, 0.1174541711807251, 0.11639302223920822, 0.12325156480073929, 0.12174328416585922, 0.12987668812274933, 0.12822644412517548, 0.12821117043495178, 0.12787897884845734, 0.12629185616970062, 0.12015264481306076, 0.11593630164861679, 0.11738477647304535, 0.11411084234714508, 0.11751106381416321, 0.1310730129480362, 0.12434612214565277, 0.1339099109172821, 0.1304488480091095, 0.13104501366615295, 0.1299312710762024, 0.13379253447055817, 0.1288069486618042, 0.12219240516424179, 0.11861275136470795, 0.11521688848733902, 0.11415007710456848, 0.11581284552812576, 0.11474544554948807, 0.11788147687911987, 0.11482955515384674, 0.1207924634218216, 0.11717972159385681, 0.12360572814941406, 0.12105563282966614, 0.11763376742601395, 0.11919792741537094, 0.11829231679439545, 0.11646212637424469, 0.11858072876930237, 0.1128784790635109, 0.11877752095460892, 0.1148899495601654, 0.12450353801250458, 0.12000898271799088, 0.12632417678833008, 0.1201014369726181, 0.11888521164655685, 0.11500784754753113, 0.1161920353770256, 0.11283037066459656, 0.12387607246637344, 0.11587613075971603, 0.11868588626384735, 0.11668535321950912, 0.12127958238124847, 0.11935244500637054, 0.11719135195016861, 0.11562350392341614, 0.1128716915845871, 0.11561167240142822, 0.1129801869392395, 0.11596176028251648, 0.12445304542779922, 0.12014688551425934, 0.1204521656036377, 0.12020371854305267, 0.11306031048297882, 0.11609046906232834, 0.1229071319103241, 0.11682869493961334, 0.11478138715028763, 0.11531698703765869, 0.11525599658489227, 0.11602061241865158, 0.1251828670501709, 0.12067195028066635, 0.12718765437602997, 0.12064005434513092, 0.11698319017887115, 0.11758384108543396, 0.12328333407640457, 0.11725188791751862, 0.12370084226131439, 0.11928752064704895, 0.12085229158401489, 0.11321326345205307, 0.12054559588432312, 0.11693347990512848, 0.1281357705593109, 0.11970387399196625, 0.1311998963356018, 0.12042241543531418, 0.11892815679311752, 0.11898226290941238, 0.12208797037601471, 0.11820297688245773, 0.11756592988967896, 0.11381065845489502],