{"loss": [0.02461584098637104, 0.025996051728725433, 0.039454784244298935, 0.037761349231004715, 0.0360398143529892, 0.03568100184202194, 0.029543863609433174, 0.028466343879699707, 0.028380462899804115, 0.028380248695611954, 0.023468773812055588, 0.02462073229253292, 0.02571011148393154, 0.026169024407863617, 0.021917879581451416, 0.022168360650539398, 0.021806050091981888, 0.022144420072436333, 0.022057456895709038, 0.02171444147825241, 0.022076528519392014, 0.022615158930420876, 0.02221227064728737, 0.02103160321712494, 0.021245785057544708, 0.021362608298659325, 0.02316335029900074, 0.022697998210787773, 0.01843324489891529, 0.01907416805624962, 0.02101641707122326, 0.021448155865073204, 0.02004728466272354, 0.01913054659962654, 0.021042287349700928, 0.0210260022431612, 0.017595898360013962, 0.01867283508181572, 0.021540092304348946, 0.02131638489663601, 0.01821627840399742, 0.01821240969002247, 0.018414052203297615, 0.018755607306957245, 0.01865043118596077, 0.01867515593767166, 0.01889844425022602, 0.018569793552160263, 0.018167752772569656, 0.019319571554660797, 0.01960224099457264, 0.02013363502919674, 0.01802622526884079, 0.018688874319195747, 0.020452044904232025, 0.019478384405374527, 0.01842287741601467, 0.018409544602036476, 0.019624946638941765, 0.019006766378879547], "position_loss": [0.010378634557127953, 0.011172265745699406, 0.018023664131760597, 0.01717207208275795, 0.01589350961148739, 0.015818214043974876, 0.012562548741698265, 0.01214952114969492, 0.012405984103679657, 0.012415452860295773, 0.0100712850689888, 0.010605190880596638, 0.011015181429684162, 0.011254710145294666, 0.009265636093914509, 0.009382924064993858, 0.009227300062775612, 0.009371403604745865, 0.009198873303830624, 0.009100335650146008, 0.009271007031202316, 0.009543942287564278, 0.009238848462700844, 0.008719416335225105, 0.008873245678842068, 0.008907211944460869, 0.009871852584183216, 0.00964606273919344, 0.0075407493859529495, 0.007837841287255287, 0.008745995350182056, 0.00894105527549982, 0.008358960971236229, 0.007977228611707687, 0.00891494657844305, 0.008925764821469784, 0.007211277261376381, 0.007726417854428291, 0.008982553146779537, 0.008918264880776405, 0.00744816055521369, 0.007473399862647057, 0.007560349069535732, 0.007727553602308035, 0.007566409185528755, 0.007597859483212233, 0.007690813392400742, 0.007548453751951456, 0.007481822744011879, 0.007955897599458694, 0.008049914613366127, 0.008277063257992268, 0.007262170314788818, 0.007569120265543461, 0.008413160219788551, 0.008010324090719223, 0.007451951503753662, 0.007463196292519569, 0.008101623505353928, 0.007831880822777748], "gru_regularizer_loss": [0.16511616110801697, 0.1572062075138092, 0.15148115158081055, 0.1508970707654953, 0.1694433093070984, 0.16346853971481323, 0.17730900645256042, 0.1684117317199707, 0.15828345715999603, 0.15670174360275269, 0.14825591444969177, 0.1520257443189621, 0.15680371224880219, 0.15704676508903503, 0.15026922523975372, 0.1514207273721695, 0.14968976378440857, 0.15135106444358826, 0.16014593839645386, 0.15504848957061768, 0.15322822332382202, 0.153781920671463, 0.15990635752677917, 0.15327595174312592, 0.1505201905965805, 0.1505703181028366, 0.150276780128479, 0.14934232831001282, 0.14819985628128052, 0.14974944293498993, 0.15095525979995728, 0.15231646597385406, 0.15181389451026917, 0.14515580236911774, 0.14710557460784912, 0.14564566314220428, 0.1434134542942047, 0.14669233560562134, 0.15614043176174164, 0.15336641669273376, 0.14974278211593628, 0.1478775292634964, 0.14817580580711365, 0.1489398330450058, 0.15336671471595764, 0.1516466587781906, 0.1521075963973999, 0.15062279999256134, 0.14085973799228668, 0.14837855100631714, 0.15002836287021637, 0.15206465125083923, 0.15016032755374908, 0.15173852443695068, 0.15768401324748993, 0.1506374031305313, 0.1523718237876892, 0.15081869065761566, 0.15001145005226135, 0.14629963040351868], "l2_xdx_activation_loss": [0.0007354026311077178, 0.0006927523063495755, 0.0006304814596660435, 0.0006356787635013461, 0.0008523877477273345, 0.0008028966840356588, 0.0008814919274300337, 0.0008273277198895812, 0.0006614860030822456, 0.0006603741203434765, 0.0006141478661447763, 0.000629630230832845, 0.0007035033195279539, 0.000695978116709739, 0.0006275714258663356, 0.0006290340097621083, 0.0006177835748530924, 0.000628966954536736, 0.0006856829859316349, 0.0006540282629430294, 0.0006670095608569682, 0.0006627509719692171, 0.0007114351028576493, 0.000686268846038729, 0.000664296152535826, 0.0006804259028285742, 0.0006385582382790744, 0.0006370822084136307, 0.0006228481652215123, 0.0006332627963274717, 0.0006712235044687986, 0.0006805589073337615, 0.0006033398094587028, 0.0005744428490288556, 0.0005800453945994377, 0.0005722706555388868, 0.0005793352611362934, 0.0005839582299813628, 0.0006707924767397344, 0.00064832903444767, 0.0006071088719181716, 0.0005952103529125452, 0.0006034640246070921, 0.0006032998207956553, 0.0006609138799831271, 0.0006539219175465405, 0.00066484569106251, 0.0006551512633450329, 0.0005981018184684217, 0.0006409286288544536, 0.0006669742870144546, 0.0006858851411379874, 0.0006663590902462602, 0.0006773479981347919, 0.0006825595046393573, 0.0006500522722490132, 0.0006646836409345269, 0.0006579204928129911, 0.000640126527287066, 0.000626267574261874]}