{"loss": [0.021795107051730156, 0.022752713412046432, 0.037025198340415955, 0.03689265623688698, 0.026994764804840088, 0.026126990094780922, 0.025718407705426216, 0.026191886514425278, 0.028206635266542435, 0.026666080579161644, 0.020647283643484116, 0.02084941416978836, 0.02117554470896721, 0.021630223840475082, 0.022481359541416168, 0.02175525203347206, 0.018890677019953728, 0.020592249929904938, 0.02243194356560707, 0.021659543737769127, 0.020467182621359825, 0.02032868191599846, 0.02138819918036461, 0.020520739257335663, 0.01990577019751072, 0.019901039078831673, 0.020364420488476753, 0.019810272380709648, 0.02224200777709484, 0.02090936154127121, 0.019215092062950134, 0.018840329721570015, 0.019695084542036057, 0.019518228247761726, 0.01684940978884697, 0.018114646896719933, 0.01944083720445633, 0.018576618283987045, 0.01950468122959137, 0.019060559570789337, 0.017911404371261597, 0.018151627853512764, 0.01928022690117359, 0.01890374906361103, 0.01805514469742775, 0.018165234476327896, 0.01793253794312477, 0.018382079899311066, 0.018471190705895424, 0.01843223161995411, 0.01810983568429947, 0.016660625115036964, 0.020166166126728058, 0.020242979750037193, 0.01910156011581421, 0.01918872259557247, 0.019029144197702408, 0.019006069749593735, 0.018691765144467354, 0.018318472430109978, 0.01866653375327587, 0.018394596874713898, 0.019959764555096626, 0.019238736480474472, 0.016434716060757637, 0.017404736950993538, 0.01862507313489914, 0.018258074298501015, 0.01781347580254078, 0.017294855788350105, 0.016104500740766525, 0.01595287211239338, 0.017214182764291763, 0.017232529819011688, 0.015703896060585976, 0.015752652660012245, 0.017866656184196472, 0.01685204543173313, 0.01727255806326866, 0.017237037420272827, 0.01761736162006855, 0.016804533079266548, 0.016769152134656906, 0.017157843336462975, 0.017145950347185135, 0.01698855683207512, 0.017803583294153214, 0.016786569729447365, 0.020303640514612198, 0.018581021577119827, 0.017473984509706497, 0.018550556153059006, 0.02002507820725441, 0.01903069019317627, 0.016811765730381012, 0.016807856038212776, 0.019011132419109344, 0.017880817875266075, 0.020044071599841118, 0.019307861104607582], "position_loss": [0.009331723675131798, 0.009912298060953617, 0.016637535765767097, 0.016599664464592934, 0.011714667081832886, 0.011357949115335941, 0.011370611377060413, 0.011598094366490841, 0.012532650493085384, 0.011834165081381798, 0.008732479996979237, 0.00884119514375925, 0.008966089226305485, 0.009213906712830067, 0.009600057266652584, 0.00930155348032713, 0.008049634285271168, 0.008783338591456413, 0.009659666568040848, 0.009318319149315357, 0.008675258606672287, 0.00859399326145649, 0.009014311246573925, 0.00865461677312851, 0.008367708884179592, 0.008389847353100777, 0.008681291714310646, 0.008453883230686188, 0.009522932581603527, 0.008935550227761269, 0.008118387311697006, 0.007962196134030819, 0.008361131884157658, 0.00828359555453062, 0.007005945313721895, 0.007507007103413343, 0.008131807669997215, 0.007786231115460396, 0.008232781663537025, 0.008054419420659542, 0.007404318545013666, 0.0075058299116790295, 0.008048142306506634, 0.00787082128226757, 0.007519013248383999, 0.00757920928299427, 0.00755995512008667, 0.007729802746325731, 0.007748354692012072, 0.007711632177233696, 0.007519942708313465, 0.006914746016263962, 0.00866386666893959, 0.00871878582984209, 0.008187584578990936, 0.008182897232472897, 0.00809887982904911, 0.008079584687948227, 0.007857654243707657, 0.007701603230088949, 0.007858109660446644, 0.007755577564239502, 0.008552441373467445, 0.008225372061133385, 0.006811408791691065, 0.007235796190798283, 0.007793170399963856, 0.007628565188497305, 0.007483250927180052, 0.007257596589624882, 0.006653079763054848, 0.006584533490240574, 0.007232240401208401, 0.0072318739257752895, 0.006466705817729235, 0.006502433679997921, 0.00749204633757472, 0.0070564765483140945, 0.007196716498583555, 0.007175049744546413, 0.0073492699302732944, 0.006987729109823704, 0.0070133996196091175, 0.007183359935879707, 0.007169080898165703, 0.007087335921823978, 0.007374209817498922, 0.006937096826732159, 0.008645252324640751, 0.007900847122073174, 0.007436773739755154, 0.00786137580871582, 0.008561555296182632, 0.008128748275339603, 0.007060210686177015, 0.007067897357046604, 0.00794254895299673, 0.007467183750122786, 0.008524212054908276, 0.008226552046835423], "gru_regularizer_loss": [0.11767862737178802, 0.11125147342681885, 0.11913970857858658, 0.11914670467376709, 0.12198633700609207, 0.11748017370700836, 0.11164532601833344, 0.11098047345876694, 0.11633332073688507, 0.11046259105205536, 0.11359411478042603, 0.11241642385721207, 0.11482484638690948, 0.11340192705392838, 0.11608750373125076, 0.11222395300865173, 0.10425767302513123, 0.11103221029043198, 0.11377674341201782, 0.11041489988565445, 0.11224907636642456, 0.11145664751529694, 0.11762683093547821, 0.11164866387844086, 0.11488685011863708, 0.11321953684091568, 0.11446529626846313, 0.1107465997338295, 0.11512991786003113, 0.10924553126096725, 0.11311756819486618, 0.10966221243143082, 0.11081521958112717, 0.10958293825387955, 0.10193436592817307, 0.10871750861406326, 0.11776778101921082, 0.11145459115505219, 0.11400284618139267, 0.11028795689344406, 0.110468789935112, 0.11151415854692459, 0.1135164201259613, 0.11220254004001617, 0.11183050274848938, 0.1106775775551796, 0.1051948070526123, 0.10880829393863678, 0.1106894239783287, 0.10979802906513214, 0.11632178723812103, 0.1079283207654953, 0.10953690856695175, 0.10820886492729187, 0.10682202130556107, 0.10827605426311493, 0.10846517235040665, 0.10762236267328262, 0.11047577857971191, 0.10902527719736099, 0.1114153042435646, 0.10803770273923874, 0.11160711199045181, 0.10817709565162659, 0.1053253561258316, 0.10721658915281296, 0.1105591356754303, 0.1092517301440239, 0.1102650836110115, 0.10684515535831451, 0.10743127763271332, 0.10636921972036362, 0.10800519585609436, 0.10694696754217148, 0.10745983570814133, 0.10633783787488937, 0.11336150765419006, 0.10742440819740295, 0.10946846753358841, 0.10841718316078186, 0.11228418350219727, 0.10684046149253845, 0.10352388024330139, 0.10504569858312607, 0.10737527906894684, 0.10639217495918274, 0.11414962261915207, 0.10828059911727905, 0.11432062089443207, 0.10611795634031296, 0.09838294237852097, 0.10477440804243088, 0.11277677863836288, 0.10698172450065613, 0.10679981112480164, 0.10565213859081268, 0.11502016335725784, 0.10879133641719818, 0.11214198172092438, 0.10634000599384308],