{"loss": [0.02027343213558197, 0.023762302473187447, 0.04303609952330589, 0.04329563304781914, 0.02370798960328102, 0.022296525537967682, 0.027033088728785515, 0.02734837681055069, 0.022213900461792946, 0.02257034182548523, 0.024975793436169624, 0.024213436990976334, 0.021482765674591064, 0.021003777161240578, 0.023095078766345978, 0.023096423596143723, 0.02243734337389469, 0.022031400352716446, 0.019318921491503716, 0.018709726631641388, 0.021114567294716835, 0.020515738055109978, 0.02075853757560253, 0.020550349727272987, 0.020014284178614616, 0.019579697400331497, 0.020540405064821243, 0.020305044949054718, 0.017302028834819794, 0.01778356358408928, 0.017816122621297836, 0.01843595691025257, 0.018103698268532753, 0.01799142174422741, 0.018050596117973328, 0.017581606283783913, 0.017127742990851402, 0.017006373032927513, 0.016640547662973404, 0.016865912824869156, 0.01628017984330654, 0.017234167084097862, 0.017785554751753807, 0.016879087314009666, 0.016050295904278755, 0.016365710645914078, 0.017691820859909058, 0.017093442380428314, 0.017015917226672173, 0.016893956810235977, 0.016115827485919, 0.016506925225257874, 0.017168113961815834, 0.016592634841799736, 0.015356507152318954, 0.016684098169207573, 0.01818598434329033, 0.017665596678853035, 0.016993029043078423, 0.016583247110247612, 0.019267331808805466, 0.018181003630161285, 0.015587898902595043, 0.016176030039787292, 0.01755727455019951, 0.016939157620072365, 0.017536887899041176, 0.017280684784054756, 0.016358571127057076, 0.016391653567552567, 0.016647353768348694, 0.017297793179750443, 0.01665327697992325, 0.01698286458849907, 0.016307197511196136, 0.01631844788789749, 0.016008427366614342, 0.016453256830573082, 0.017293529585003853, 0.016428567469120026, 0.016821807250380516, 0.016433963552117348, 0.01610948145389557, 0.01600920408964157, 0.014813603833317757, 0.015796951949596405, 0.019486140459775925, 0.019015418365597725, 0.016606079414486885, 0.016702726483345032, 0.018165336921811104, 0.017636246979236603, 0.018852123990654945, 0.019369376823306084, 0.01715647615492344, 0.016433099284768105, 0.02030283212661743, 0.019847707822918892, 0.01987471431493759, 0.01874781772494316], "position_loss": [0.008726643398404121, 0.010458012111485004, 0.019757885485887527, 0.01988786831498146, 0.010154387913644314, 0.00953968707472086, 0.011963188648223877, 0.012035828083753586, 0.009562238119542599, 0.009731253609061241, 0.01076684519648552, 0.010467086918652058, 0.009087183512747288, 0.008920394815504551, 0.009945583529770374, 0.009969391860067844, 0.009685549885034561, 0.009509941563010216, 0.008132491260766983, 0.007893790490925312, 0.0088548194617033, 0.008630838245153427, 0.00884854793548584, 0.008723992854356766, 0.008509458042681217, 0.008315220475196838, 0.008759074844419956, 0.008653427474200726, 0.0071803913451731205, 0.007386418059468269, 0.007428097538650036, 0.007668228819966316, 0.007558465003967285, 0.007496005855500698, 0.007525388151407242, 0.007335332687944174, 0.007072496227920055, 0.0070200106129050255, 0.006832874845713377, 0.006918719038367271, 0.006654264871031046, 0.007069286424666643, 0.007358412258327007, 0.006968238390982151, 0.006576846819370985, 0.006690242327749729, 0.007333753164857626, 0.007083257660269737, 0.0070674968883395195, 0.0070064980536699295, 0.006557396613061428, 0.006755912210792303, 0.0070135826244950294, 0.006787391845136881, 0.006354256067425013, 0.006896508391946554, 0.007634418550878763, 0.007426533382385969, 0.006951095070689917, 0.0067923422902822495, 0.008115406148135662, 0.0076497686095535755, 0.006425600033253431, 0.006690400652587414, 0.007333642337471247, 0.0070672426372766495, 0.007330641616135836, 0.0071989926509559155, 0.006815311964601278, 0.006834639236330986, 0.006899582222104073, 0.007166053634136915, 0.006959502585232258, 0.00707922363653779, 0.006658570375293493, 0.006684759631752968, 0.006614800542593002, 0.006782185286283493, 0.007086683064699173, 0.006726700346916914, 0.006885472685098648, 0.0067390333861112595, 0.0065980409272015095, 0.0065676248632371426, 0.006066677626222372, 0.006494303699582815, 0.00831763818860054, 0.008113743737339973, 0.006864879280328751, 0.006924355402588844, 0.007583181839436293, 0.0073697310872375965, 0.008091398514807224, 0.008288184180855751, 0.007081131916493177, 0.006796299014240503, 0.008538598194718361, 0.00837654061615467, 0.008349200710654259, 0.007873849011957645], "gru_regularizer_loss": [0.10641749203205109, 0.1077803373336792, 0.11718109995126724, 0.1194538027048111, 0.11992647498846054, 0.11405299603939056, 0.10728366672992706, 0.11014294624328613, 0.10980871319770813, 0.11100050806999207, 0.11969518661499023, 0.11541201174259186, 0.11923722922801971, 0.11518948525190353, 0.11510798335075378, 0.11365465074777603, 0.11299643665552139, 0.11166425794363022, 0.11401577293872833, 0.11051690578460693, 0.11646179854869843, 0.11287282407283783, 0.10914960503578186, 0.10934588313102722, 0.11054424941539764, 0.10800712555646896, 0.10893326997756958, 0.10836298763751984, 0.10750488191843033, 0.10905712842941284, 0.10601364821195602, 0.10994090139865875, 0.1098870113492012, 0.109274722635746, 0.11184452474117279, 0.10852733254432678, 0.1095019280910492, 0.1086636558175087, 0.10833796858787537, 0.10987343639135361, 0.10769065469503403, 0.1114083006978035, 0.1153569221496582, 0.10992076247930527, 0.10573892295360565, 0.1076391413807869, 0.11084187030792236, 0.10785796493291855, 0.1082695946097374, 0.10766573995351791, 0.10961047559976578, 0.11042842268943787, 0.1150653287768364, 0.11144944280385971, 0.09997978806495667, 0.10642256587743759, 0.1110735535621643, 0.10783648490905762, 0.11301158368587494, 0.1096002608537674, 0.11324657499790192, 0.10782087594270706, 0.10547776520252228, 0.10704873502254486, 0.1096024215221405, 0.10672976821660995, 0.10717841237783432, 0.10669998824596405, 0.10620797425508499, 0.10539024323225021, 0.10618223249912262, 0.10950499773025513, 0.10558740794658661, 0.10731364041566849, 0.11069357395172119, 0.10939977318048477, 0.10573674738407135, 0.10748791694641113, 0.11422091722488403, 0.10863527655601501, 0.11165876686573029, 0.10846458375453949, 0.10784830152988434, 0.10691840946674347, 0.10112152993679047, 0.10494422167539597, 0.11012884974479675, 0.10710163414478302, 0.10893899947404861, 0.10754570364952087, 0.11208074539899826, 0.10876360535621643, 0.10221171379089355, 0.10425404459238052, 0.11190257966518402, 0.10654689371585846, 0.1154402568936348, 0.11143175512552261, 0.11654208600521088, 0.11078102886676788],