{"loss": [0.023194871842861176, 0.026918847113847733, 0.039025790989398956, 0.038369860500097275, 0.03229954466223717, 0.032119229435920715, 0.036580704152584076, 0.03540129214525223, 0.0285042654722929, 0.027864612638950348, 0.025019176304340363, 0.026387149468064308, 0.03111875057220459, 0.030098281800746918, 0.024704156443476677, 0.02364773489534855, 0.024237217381596565, 0.02471771650016308, 0.02783629670739174, 0.026882478967308998, 0.02278219349682331, 0.023150406777858734, 0.019813351333141327, 0.021248100325465202, 0.02064625732600689, 0.02098550833761692, 0.021496804431080818, 0.020840244367718697, 0.021134693175554276, 0.020853625610470772, 0.018656441941857338, 0.019206035882234573, 0.018661485984921455, 0.01943126693367958, 0.018510917201638222, 0.019351648166775703, 0.020336385816335678, 0.01915399171411991, 0.019724398851394653, 0.01919390819966793, 0.018133170902729034, 0.01846073567867279, 0.019168270751833916, 0.01902608387172222, 0.019932342693209648, 0.01897336170077324, 0.018770800903439522, 0.018454711884260178, 0.019867796450853348, 0.019444920122623444, 0.01922307349741459, 0.01831287518143654, 0.017987890169024467, 0.01797899417579174, 0.018853362649679184, 0.018706725910305977, 0.01868569850921631, 0.01916074939072132, 0.018984433263540268, 0.018211308866739273], "position_loss": [0.009927177801728249, 0.01178764272481203, 0.017764858901500702, 0.017423264682292938, 0.014263306744396687, 0.014131691306829453, 0.016382867470383644, 0.015807142481207848, 0.01249642949551344, 0.012168696150183678, 0.010474247857928276, 0.011219030246138573, 0.013459784910082817, 0.013055679388344288, 0.01035213004797697, 0.009926939383149147, 0.010344251058995724, 0.010534759610891342, 0.012044882401823997, 0.011635017581284046, 0.009634197689592838, 0.009831400588154793, 0.008293063379824162, 0.00898049958050251, 0.008725734427571297, 0.008889441378414631, 0.008984817191958427, 0.008718390017747879, 0.008829567581415176, 0.00871268194168806, 0.007622352801263332, 0.007886050269007683, 0.00772141944617033, 0.008031285367906094, 0.0075087291188538074, 0.007848463952541351, 0.008260006085038185, 0.007765746675431728, 0.007979674264788628, 0.007760901469737291, 0.0072770146653056145, 0.007421740330755711, 0.007799801882356405, 0.007739769760519266, 0.007979569025337696, 0.007596999406814575, 0.007438447326421738, 0.0073212673887610435, 0.007973543368279934, 0.007821669802069664, 0.00776648661121726, 0.007398777641355991, 0.007254898548126221, 0.0072747343219816685, 0.007661487907171249, 0.007606070954352617, 0.00755621213465929, 0.007796189747750759, 0.007609739433974028, 0.0073089078068733215], "gru_regularizer_loss": [0.1586357206106186, 0.1612827181816101, 0.16743509471416473, 0.1677648425102234, 0.1668424904346466, 0.166449636220932, 0.16857685148715973, 0.1649988740682602, 0.16234353184700012, 0.1631842404603958, 0.17933470010757446, 0.17722859978675842, 0.18685388565063477, 0.17920559644699097, 0.1836361587047577, 0.17452813684940338, 0.1664406657218933, 0.1679198145866394, 0.17349177598953247, 0.1680341362953186, 0.1680418699979782, 0.16748198866844177, 0.1620270311832428, 0.1645476222038269, 0.1611391305923462, 0.16137702763080597, 0.17278596758842468, 0.16702114045619965, 0.16711518168449402, 0.164707213640213, 0.16592448949813843, 0.16633495688438416, 0.15872369706630707, 0.1632421612739563, 0.1656447947025299, 0.17022328078746796, 0.17818768322467804, 0.16970829665660858, 0.17491011321544647, 0.169935405254364, 0.16902244091033936, 0.16972756385803223, 0.17154131829738617, 0.1689588874578476, 0.18360334634780884, 0.1744932383298874, 0.17573145031929016, 0.17267672717571259, 0.17971548438072205, 0.17367473244667053, 0.1774314045906067, 0.16901856660842896, 0.16694273054599762, 0.16453395783901215, 0.16766756772994995, 0.16535454988479614, 0.17119644582271576, 0.1704900711774826, 0.17725524306297302, 0.168836310505867], "l2_xdx_activation_loss": [0.0005843844264745712, 0.000576576276216656, 0.0006069050286896527, 0.0006148910615593195, 0.0007011663983576, 0.0007301148143596947, 0.0007093980093486607, 0.0007120042573660612, 0.0006289886659942567, 0.0006314574275165796, 0.0007587760919705033, 0.000725266057997942, 0.0007765453774482012, 0.0007312868838198483, 0.0007208424503915012, 0.0006825223099440336, 0.000627766945399344, 0.0006559970206581056, 0.0006702019018121064, 0.000643697683699429, 0.0006107903318479657, 0.0006039259606041014, 0.0005353156593628228, 0.0005468730232678354, 0.0005274633294902742, 0.0005306161474436522, 0.000599434191826731, 0.0005774148157797754, 0.0006011324003338814, 0.0005933940410614014, 0.0005838274955749512, 0.0005898585077375174, 0.0005434668273665011, 0.000578421400859952, 0.0006120007019490004, 0.000650492962449789, 0.0006778287934139371, 0.0006414686795324087, 0.0006716461502946913, 0.0006572472047992051, 0.0006293029873631895, 0.0006396572571247816, 0.0006174147129058838, 0.0006186484242789447, 0.0007120537338778377, 0.0006778070237487555, 0.0007118606590665877, 0.0006947999354451895, 0.0007075149333104491, 0.0006879411521367729, 0.0006382582359947264, 0.0006080414168536663, 0.0006025522598065436, 0.0005943921278230846, 0.0006175671005621552, 0.0006133425631560385, 0.000620099890511483, 0.0006208192207850516, 0.0006637970800511539, 0.0006347065209411085]}