{"loss": [0.017845388501882553, 0.02127351425588131, 0.03939390927553177, 0.03854331001639366, 0.0381682887673378, 0.03875362128019333, 0.04550677537918091, 0.0446409210562706, 0.03204026073217392, 0.03141838684678078, 0.02592611499130726, 0.025280887261033058, 0.03056020848453045, 0.029921285808086395, 0.02663525566458702, 0.02564873918890953, 0.027883654460310936, 0.02723933942615986, 0.024637095630168915, 0.024275772273540497, 0.024746935814619064, 0.024435624480247498, 0.021533695980906487, 0.02244572341442108, 0.019671771675348282, 0.019967421889305115, 0.023051710799336433, 0.023063790053129196, 0.02305658347904682, 0.022387173026800156, 0.01766064390540123, 0.018592312932014465, 0.020561154931783676, 0.020502537488937378, 0.02035048045217991, 0.01962895505130291, 0.021368103101849556, 0.02006583660840988, 0.01797620952129364, 0.018178610131144524, 0.01748300902545452, 0.01795174926519394, 0.02240358665585518, 0.021787721663713455, 0.02152859978377819, 0.021402575075626373, 0.021128002554178238, 0.020742489024996758, 0.018990591168403625, 0.019558126106858253, 0.018656037747859955, 0.018783820793032646, 0.023131171241402626, 0.022754192352294922, 0.018280670046806335, 0.018423791974782944, 0.018721623346209526, 0.019158441573381424, 0.017795102670788765, 0.017794255167245865, 0.018890025094151497, 0.018616920337080956, 0.019602391868829727, 0.019137565046548843, 0.017372900620102882, 0.01686270534992218, 0.019133958965539932, 0.018987242132425308, 0.018541913479566574, 0.01793649233877659, 0.017737338319420815, 0.018100764602422714, 0.017689071595668793, 0.01803891733288765, 0.017823167145252228, 0.01751437969505787, 0.01999712735414505, 0.019878080114722252, 0.01660214737057686, 0.01675672084093094, 0.017420846968889236, 0.017296820878982544, 0.017519520595669746, 0.01792166754603386, 0.017534378916025162, 0.018173741176724434, 0.01753733865916729, 0.017402447760105133, 0.018771549686789513, 0.018377862870693207, 0.017582641914486885, 0.018028991296887398, 0.018939845263957977, 0.01837925799190998, 0.016679372638463974, 0.017171630635857582, 0.01745591126382351, 0.017742419615387917, 0.018781090155243874, 0.01816381886601448], "position_loss": [0.007389643229544163, 0.009077638387680054, 0.01782974600791931, 0.017499083653092384, 0.01748570054769516, 0.01772606372833252, 0.02120249904692173, 0.020724857226014137, 0.014495274983346462, 0.01416591927409172, 0.011077032424509525, 0.01087122317403555, 0.013338015414774418, 0.01312653161585331, 0.011465613730251789, 0.011108904145658016, 0.012365958653390408, 0.01209333911538124, 0.010877563618123531, 0.010703716427087784, 0.010865602642297745, 0.010754380375146866, 0.00929172895848751, 0.009761227294802666, 0.008389446884393692, 0.008536843582987785, 0.01009728666394949, 0.010115751065313816, 0.010069026611745358, 0.009781209751963615, 0.007358898408710957, 0.007836409844458103, 0.008762890473008156, 0.008757839910686016, 0.008698553778231144, 0.008375851437449455, 0.009174948558211327, 0.008596794679760933, 0.007486296817660332, 0.007605997379869223, 0.007183858193457127, 0.007423724513500929, 0.009659242816269398, 0.00939531996846199, 0.009253081865608692, 0.009178468026220798, 0.008892383426427841, 0.008770567364990711, 0.00804330874234438, 0.008295241743326187, 0.00783841498196125, 0.007913364097476006, 0.010051283985376358, 0.009883686900138855, 0.007610120810568333, 0.0077090030536055565, 0.007759620435535908, 0.007996797561645508, 0.00734027661383152, 0.007359218318015337, 0.007973753847181797, 0.007844734936952591, 0.008158896118402481, 0.007984849624335766, 0.007083698641508818, 0.0068869758397340775, 0.00807203445583582, 0.008002839982509613, 0.007682166527956724, 0.00744265504181385, 0.0073680151253938675, 0.0075431764125823975, 0.007342824712395668, 0.007502114400267601, 0.00734666595235467, 0.007247990928590298, 0.008413024246692657, 0.008381882682442665, 0.006780052091926336, 0.006871355231851339, 0.007187099661678076, 0.00714275473728776, 0.0072039649821817875, 0.0074098664335906506, 0.00718848267570138, 0.0074982065707445145, 0.007186669856309891, 0.00714246416464448, 0.007633107714354992, 0.007497563026845455, 0.007118267938494682, 0.007308945991098881, 0.007751005701720715, 0.007524261716753244, 0.006771148648113012, 0.006989298388361931, 0.0071773892268538475, 0.007310014683753252, 0.007769476156681776, 0.007512080017477274], "gru_regularizer_loss": [0.12812219560146332, 0.1313789188861847, 0.1412200927734375, 0.13499048352241516, 0.1266968846321106, 0.12726366519927979, 0.12566465139389038, 0.12613900005817413, 0.12641100585460663, 0.12764136493206024, 0.1421736180782318, 0.13515788316726685, 0.14202065765857697, 0.13685302436351776, 0.14231441915035248, 0.13340991735458374, 0.13041767477989197, 0.1266922652721405, 0.12385545670986176, 0.12273548543453217, 0.12587380409240723, 0.12243977189064026, 0.12320253252983093, 0.12345954030752182, 0.12206614762544632, 0.12262618541717529, 0.12309134006500244, 0.12183120846748352, 0.12440364062786102, 0.1209249198436737, 0.12257806211709976, 0.1228080615401268, 0.12413011491298676, 0.1225794181227684, 0.12329459190368652, 0.12010158598423004, 0.1258319765329361, 0.12036024034023285, 0.12272955477237701, 0.12130941450595856, 0.12285313010215759, 0.12336233258247375, 0.12578435242176056, 0.1223418191075325, 0.11997786164283752, 0.12086864560842514, 0.12714794278144836, 0.12325280159711838, 0.11692965030670166, 0.11980487406253815, 0.1205814927816391, 0.11951830983161926, 0.12116903066635132, 0.11989310383796692, 0.12214305996894836, 0.12059097737073898, 0.12143552303314209, 0.12164386361837387, 0.12224053591489792, 0.12095729261636734, 0.11880727112293243, 0.11783187836408615, 0.12510567903518677, 0.12135419249534607, 0.12323373556137085, 0.11983421444892883, 0.11913831532001495, 0.11824481934309006, 0.1238112673163414, 0.12016340345144272, 0.11807149648666382, 0.11880845576524734, 0.11828838288784027, 0.11923085153102875, 0.12298233807086945, 0.11939440667629242, 0.12117186933755875, 0.11959218978881836, 0.11934439837932587, 0.11814495176076889, 0.11903288960456848, 0.1177007257938385, 0.11966538429260254, 0.11993702501058578, 0.12007731944322586, 0.1206553652882576, 0.11998935043811798, 0.11864855885505676, 0.12626765668392181, 0.12257116287946701, 0.12086410820484161, 0.12346332520246506, 0.12348200380802155, 0.1200428158044815, 0.11667241156101227, 0.11788937449455261, 0.11752904206514359, 0.1183500587940216, 0.12177278101444244, 0.11829594522714615],