{"loss": [0.02123567834496498, 0.023432280868291855, 0.05088832229375839, 0.049689725041389465, 0.029981406405568123, 0.030025949701666832, 0.03352354094386101, 0.03418022021651268, 0.025015179067850113, 0.02497164160013199, 0.03233194351196289, 0.03142937645316124, 0.030873559415340424, 0.029750151559710503, 0.022378386929631233, 0.023566924035549164, 0.024887485429644585, 0.024673908948898315, 0.022530443966388702, 0.0228311475366354, 0.022387834265828133, 0.02260875701904297, 0.019468391314148903, 0.019839351996779442, 0.023150315508246422, 0.02346055954694748, 0.017704008147120476, 0.01918902061879635, 0.021944953128695488, 0.02222883515059948, 0.0219597015529871, 0.022921817377209663, 0.0197509303689003, 0.020832380279898643, 0.022532854229211807, 0.02242862433195114, 0.02149154245853424, 0.021396130323410034, 0.020584365352988243, 0.021068232133984566, 0.025627244263887405, 0.024349404498934746, 0.02157789282500744, 0.02154654450714588, 0.020275436341762543, 0.020696349442005157, 0.019132770597934723, 0.019413556903600693, 0.019153431057929993, 0.020652173087000847, 0.020905399695038795, 0.02028525620698929, 0.020679330453276634, 0.020356420427560806, 0.020449602976441383, 0.020034560933709145, 0.01928035542368889, 0.01868712715804577, 0.017559945583343506, 0.018049297854304314], "position_loss": [0.008641009218990803, 0.009793360717594624, 0.023451635614037514, 0.022892210632562637, 0.013342313468456268, 0.013347793370485306, 0.014828016981482506, 0.015190033242106438, 0.010623267851769924, 0.01065127830952406, 0.014330942183732986, 0.013946592807769775, 0.013707146979868412, 0.013174760155379772, 0.009595807641744614, 0.010154101997613907, 0.010735515505075455, 0.010656033642590046, 0.009659034200012684, 0.00980125181376934, 0.00959091167896986, 0.009707804769277573, 0.007967963814735413, 0.008207999169826508, 0.009811757132411003, 0.009991316124796867, 0.0071933092549443245, 0.007920456118881702, 0.009354413487017155, 0.00950655434280634, 0.009230067953467369, 0.009736701846122742, 0.008264834061264992, 0.008781727403402328, 0.00966925360262394, 0.009632392786443233, 0.009092876687645912, 0.009064070880413055, 0.008646629750728607, 0.008878619410097599, 0.011047083884477615, 0.010491983033716679, 0.009187775664031506, 0.009144755080342293, 0.008527201600372791, 0.008722971193492413, 0.007890027947723866, 0.008029128424823284, 0.007990479469299316, 0.008683432824909687, 0.00856655091047287, 0.008338614366948605, 0.008567140437662601, 0.00847417488694191, 0.008426886983215809, 0.008271871134638786, 0.0077764797024428844, 0.007566553074866533, 0.006856221705675125, 0.0071371388621628284], "gru_regularizer_loss": [0.18845543265342712, 0.18493618071079254, 0.18248236179351807, 0.1802934855222702, 0.16877096891403198, 0.17097103595733643, 0.17593829333782196, 0.1763451099395752, 0.17924965918064117, 0.17645195126533508, 0.18146467208862305, 0.1754651665687561, 0.17377184331417084, 0.17158789932727814, 0.16009101271629333, 0.16510266065597534, 0.16887693107128143, 0.16729213297367096, 0.1636243462562561, 0.16552774608135223, 0.16386571526527405, 0.1648019701242447, 0.17407280206680298, 0.17085415124893188, 0.17069025337696075, 0.17100529372692108, 0.16367840766906738, 0.16743505001068115, 0.1630222648382187, 0.16371846199035645, 0.16687339544296265, 0.16694243252277374, 0.15985333919525146, 0.16380521655082703, 0.161325141787529, 0.15998342633247375, 0.16273149847984314, 0.1612316071987152, 0.159561887383461, 0.16140694916248322, 0.17240655422210693, 0.16447116434574127, 0.15641094744205475, 0.1589980125427246, 0.15757188200950623, 0.1597612351179123, 0.1611623466014862, 0.16248813271522522, 0.15352028608322144, 0.16086474061012268, 0.17477093636989594, 0.16867797076702118, 0.1691502183675766, 0.1636478751897812, 0.16898313164710999, 0.16627682745456696, 0.17327697575092316, 0.16729994118213654, 0.17125865817070007, 0.17102093994617462], "l2_xdx_activation_loss": [0.0006893479730933905, 0.000665044819470495, 0.000719722593203187, 0.0007004360668361187, 0.0005360027425922453, 0.0005398644134402275, 0.0007023536018095911, 0.0006785473087802529, 0.0006583612994290888, 0.0006345005240291357, 0.0006181160570122302, 0.0005934924120083451, 0.0005734950536862016, 0.0005612310487776995, 0.00052826595492661, 0.0005355437751859426, 0.0005755406455136836, 0.0005626186029985547, 0.0005250223912298679, 0.0005241003236733377, 0.0005220966995693743, 0.0005146885523572564, 0.0005968906334601343, 0.0005712492275051773, 0.0006062784814275801, 0.0005889373132959008, 0.0005598474526777864, 0.0005575642571784556, 0.000534946855623275, 0.0005258263554424047, 0.0006099223392084241, 0.0005926414742134511, 0.0005405551055446267, 0.000543269095942378, 0.0005266766529530287, 0.0005209798691794276, 0.0005591360968537629, 0.0005515353986993432, 0.0005648075602948666, 0.0005652861436828971, 0.0006026480696164072, 0.00057322031352669, 0.0005457220249809325, 0.000555329374037683, 0.0005480825784616172, 0.0005505758454091847, 0.0005800085491500795, 0.0005764516536146402, 0.0005454010097309947, 0.0005585315520875156, 0.000674507929943502, 0.0006400606944225729, 0.0006174937589094043, 0.0005901748081669211, 0.0006349767791107297, 0.0006089941598474979, 0.0006645195535384119, 0.0006266512209549546, 0.0007112830644473433, 0.0006879146676510572]}