{"loss": [0.02023874595761299, 0.024219123646616936, 0.05323979631066322, 0.051357120275497437, 0.030026018619537354, 0.03075682371854782, 0.02858172170817852, 0.02900507301092148, 0.03412621095776558, 0.03360782191157341, 0.026942439377307892, 0.026184536516666412, 0.02264527603983879, 0.023840466514229774, 0.026613710448145866, 0.025713279843330383, 0.02027270197868347, 0.020531579852104187, 0.026644263416528702, 0.026321791112422943, 0.022936683148145676, 0.02323121577501297, 0.021205909550189972, 0.021753130480647087, 0.02259056828916073, 0.021809542551636696, 0.018975362181663513, 0.019605962559580803, 0.02020668052136898, 0.020220646634697914, 0.020535308867692947, 0.019545085728168488, 0.019949013367295265, 0.020242810249328613, 0.022635426372289658, 0.022274354472756386, 0.020320160314440727, 0.019831525161862373, 0.021075202152132988, 0.020029863342642784, 0.022484149783849716, 0.0223538875579834, 0.023065321147441864, 0.021751644089818, 0.02139616385102272, 0.022145912051200867, 0.02194102294743061, 0.021420640870928764, 0.020679576322436333, 0.021090179681777954, 0.024331489577889442, 0.024081340059638023, 0.021230574697256088, 0.02071087621152401, 0.022408319637179375, 0.020988531410694122, 0.020966485142707825, 0.02018193155527115, 0.019966280087828636, 0.019357748329639435], "position_loss": [0.00812610425055027, 0.01008144486695528, 0.024517588317394257, 0.02362237684428692, 0.012777408584952354, 0.013165613636374474, 0.012311611324548721, 0.012563193216919899, 0.015148324891924858, 0.01491493172943592, 0.011552569456398487, 0.011201204732060432, 0.00940871611237526, 0.009982622228562832, 0.011303202249109745, 0.010926677845418453, 0.008186619728803635, 0.008359430357813835, 0.011350100859999657, 0.011227816343307495, 0.009517756290733814, 0.009661436080932617, 0.008668073453009129, 0.008947806432843208, 0.00927689392119646, 0.008960477076470852, 0.007616622373461723, 0.007931385189294815, 0.008115909993648529, 0.00816420279443264, 0.0081202806904912, 0.007744572125375271, 0.008003744296729565, 0.008147128857672215, 0.009371533058583736, 0.009219507686793804, 0.008045542985200882, 0.007874710485339165, 0.008304816670715809, 0.007915964350104332, 0.009024308994412422, 0.009035469964146614, 0.009485720656812191, 0.008935791440308094, 0.008947452530264854, 0.00928015448153019, 0.008920293301343918, 0.00875521544367075, 0.00846813339740038, 0.008684712462127209, 0.010330052115023136, 0.010234237648546696, 0.008589296601712704, 0.008419767022132874, 0.009114276617765427, 0.008531227707862854, 0.008598017506301403, 0.008269641548395157, 0.008030238561332226, 0.007809756323695183], "gru_regularizer_loss": [0.18391206860542297, 0.18489059805870056, 0.18807408213615417, 0.18543647229671478, 0.19061890244483948, 0.19277703762054443, 0.1844421923160553, 0.18156252801418304, 0.18260422348976135, 0.17994099855422974, 0.17732897400856018, 0.1747920662164688, 0.1731930375099182, 0.17728716135025024, 0.1827232539653778, 0.17692026495933533, 0.17852485179901123, 0.17588040232658386, 0.18147911131381989, 0.178403839468956, 0.17707785964012146, 0.17759492993354797, 0.17498928308486938, 0.1749802678823471, 0.1807929277420044, 0.17525070905685425, 0.1701771318912506, 0.17107956111431122, 0.1769903302192688, 0.17424756288528442, 0.1876775175333023, 0.1783577799797058, 0.17276409268379211, 0.17322498559951782, 0.17378930747509003, 0.17158667743206024, 0.18112556636333466, 0.17523181438446045, 0.1882646381855011, 0.17862901091575623, 0.18357990682125092, 0.17978936433792114, 0.17871341109275818, 0.17023912072181702, 0.1613435596227646, 0.16510218381881714, 0.17831340432167053, 0.17192548513412476, 0.16676560044288635, 0.1671084612607956, 0.16729067265987396, 0.16520100831985474, 0.17698875069618225, 0.17056894302368164, 0.1805151402950287, 0.17147381603717804, 0.16805985569953918, 0.16304868459701538, 0.17323094606399536, 0.1676153987646103], "l2_xdx_activation_loss": [0.000715486123226583, 0.0007354566478170455, 0.0007743082824163139, 0.0007523497333750129, 0.0008546843891963363, 0.0008322893409058452, 0.0007043728255666792, 0.0006873678066767752, 0.0006675197510048747, 0.0006591963465325534, 0.0006876835832372308, 0.0006777493981644511, 0.0006983177736401558, 0.0007004637736827135, 0.0007263711886480451, 0.0006965869688428938, 0.000704418052919209, 0.0006843185401521623, 0.0007094366592355072, 0.0006937193684279919, 0.0007098106434568763, 0.0007104781689122319, 0.0007063025841489434, 0.0007022511563263834, 0.0007426296942867339, 0.0007117066998034716, 0.0006797946407459676, 0.0006771453772671521, 0.0007346649072133005, 0.0007162676774896681, 0.0008056705701164901, 0.0007571339374408126, 0.0007376411813311279, 0.0007384470663964748, 0.0007178357918746769, 0.0007061709184199572, 0.0008056195802055299, 0.0007762749446555972, 0.0008606539340689778, 0.0008035611244849861, 0.000866257178131491, 0.0008280309266410768, 0.0007685949676670134, 0.0007255689706653357, 0.0006289539742283523, 0.0006445404724217951, 0.0007721133879385889, 0.000729998282622546, 0.0006915634730830789, 0.0006829025805927813, 0.0006658384227193892, 0.0006532970583066344, 0.000760377268306911, 0.0007215635851025581, 0.0007912174914963543, 0.0007367924554273486, 0.0006962968036532402, 0.0006703991675749421, 0.0007241766434162855, 0.0006870388169772923]}