{"loss": [0.022220732644200325, 0.026023803278803825, 0.060801927000284195, 0.056911151856184006, 0.02683986909687519, 0.028631852939724922, 0.03862829878926277, 0.039171408861875534, 0.030741166323423386, 0.030532704666256905, 0.03617652505636215, 0.0348733514547348, 0.03192383423447609, 0.03083280473947525, 0.024640558287501335, 0.024972977116703987, 0.023462926968932152, 0.02363073267042637, 0.028396880254149437, 0.02712908759713173, 0.02900663949549198, 0.02847207896411419, 0.02272985503077507, 0.023311041295528412, 0.02433609589934349, 0.02399298921227455, 0.024833640083670616, 0.023982137441635132, 0.023310339078307152, 0.023477189242839813, 0.024196850135922432, 0.024076171219348907, 0.02500775083899498, 0.023740263655781746, 0.020816124975681305, 0.021486667916178703, 0.023069456219673157, 0.023411782458424568, 0.02095513418316841, 0.0205826535820961, 0.0206114761531353, 0.021524857729673386, 0.02106689289212227, 0.020566917955875397, 0.020059598609805107, 0.020056050270795822, 0.020242420956492424, 0.020663727074861526, 0.020453859120607376, 0.020357752218842506, 0.018895218148827553, 0.019818255677819252, 0.019701573997735977, 0.019073542207479477, 0.020065801218152046, 0.020533783361315727, 0.01953205093741417, 0.01914851926267147, 0.019975807517766953, 0.019816268235445023], "position_loss": [0.009239278733730316, 0.011137915775179863, 0.028586678206920624, 0.026714207604527473, 0.011714841239154339, 0.012618813663721085, 0.017568416893482208, 0.017825327813625336, 0.013593904674053192, 0.013467988930642605, 0.016360413283109665, 0.0157457385212183, 0.014275324530899525, 0.013768430799245834, 0.01061342004686594, 0.01080870907753706, 0.00991017371416092, 0.010035143233835697, 0.012380456551909447, 0.011832011863589287, 0.012868497520685196, 0.012582398019731045, 0.009763460606336594, 0.010043616406619549, 0.010462719015777111, 0.01034221425652504, 0.010644438676536083, 0.010276169516146183, 0.009957224130630493, 0.01006749365478754, 0.010337785817682743, 0.010313397273421288, 0.010568071156740189, 0.010036560706794262, 0.008652891963720322, 0.008995357900857925, 0.009885587729513645, 0.010044323280453682, 0.008749939501285553, 0.008594116196036339, 0.008530311286449432, 0.00897566881030798, 0.008662022650241852, 0.008478225208818913, 0.008298768661916256, 0.008314374834299088, 0.008395674638450146, 0.008595268242061138, 0.008412783965468407, 0.008392923511564732, 0.007661739364266396, 0.008102008141577244, 0.007963364943861961, 0.00770679023116827, 0.008288473822176456, 0.008508379571139812, 0.007918057031929493, 0.007787307258695364, 0.008132033050060272, 0.008091365918517113], "gru_regularizer_loss": [0.17212381958961487, 0.1718069165945053, 0.17482826113700867, 0.16750270128250122, 0.16247892379760742, 0.1636270135641098, 0.15877826511859894, 0.16263996064662933, 0.16364797949790955, 0.16563180088996887, 0.1656181812286377, 0.1619679033756256, 0.1651586890220642, 0.16110119223594666, 0.163193941116333, 0.16160304844379425, 0.16823573410511017, 0.16597916185855865, 0.17314770817756653, 0.16564244031906128, 0.1613893061876297, 0.16315115988254547, 0.15667781233787537, 0.15853796899318695, 0.16453957557678223, 0.1602964848279953, 0.16832661628723145, 0.16367888450622559, 0.16379830241203308, 0.16217122972011566, 0.16755270957946777, 0.16532564163208008, 0.1776849627494812, 0.16945494711399078, 0.16340510547161102, 0.16441234946250916, 0.15759044885635376, 0.15922679007053375, 0.1624307483434677, 0.16066521406173706, 0.16016441583633423, 0.1637224555015564, 0.16925391554832458, 0.16450312733650208, 0.16199497878551483, 0.16083115339279175, 0.15825356543064117, 0.15985292196273804, 0.16417871415615082, 0.1626109778881073, 0.16029572486877441, 0.16416792571544647, 0.16823731362819672, 0.16383987665176392, 0.15934106707572937, 0.1612444669008255, 0.16651535034179688, 0.16198770701885223, 0.1649644672870636, 0.1631491780281067], "l2_xdx_activation_loss": [0.0006733079790137708, 0.0006762964185327291, 0.0006264249095693231, 0.0006022329907864332, 0.0005947945755906403, 0.0005856474163010716, 0.0006342226988635957, 0.0006311111501418054, 0.0006386212771758437, 0.0006464641191996634, 0.0005995006649754941, 0.0005870594759471714, 0.0005735287559218705, 0.0005613059038296342, 0.0005935886292718351, 0.0005795053439214826, 0.0006530694081448019, 0.0006332135526463389, 0.0006344922003336251, 0.0006025420152582228, 0.0005515797529369593, 0.0005582528538070619, 0.0005450469325296581, 0.0005458049126900733, 0.0005880828248336911, 0.000568193499930203, 0.000620160426478833, 0.000597331440076232, 0.0005856309435330331, 0.0005731583223678172, 0.0006149121909402311, 0.0005983685841783881, 0.0006979144527576864, 0.0006571924895979464, 0.0006250921869650483, 0.0006169386324472725, 0.0005737870815210044, 0.0005766174872405827, 0.0006099775200709701, 0.0005955843953415751, 0.0006493974942713976, 0.0006450926302932203, 0.0006830974016338587, 0.0006548063829541206, 0.0006136982701718807, 0.0006059907027520239, 0.000622506660874933, 0.0006245488184504211, 0.0006618291372433305, 0.000648259709123522, 0.0006559218745678663, 0.0006571811391040683, 0.0006971514667384326, 0.0006735151982866228, 0.0006314754718914628, 0.0006345210131257772, 0.0006765886791981757, 0.0006510032690130174, 0.0006870259530842304, 0.0006670086295343935]}