{"loss": [0.020156050100922585, 0.024518880993127823, 0.05438173562288284, 0.05160028114914894, 0.03228989988565445, 0.03324346989393234, 0.031523946672677994, 0.034013841301202774, 0.024151630699634552, 0.025178346782922745, 0.03063005767762661, 0.030875874683260918, 0.02784053608775139, 0.026466166600584984, 0.022248420864343643, 0.02251270040869713, 0.024993620812892914, 0.0244765467941761, 0.020899062976241112, 0.020985407754778862, 0.021922122687101364, 0.02200733870267868, 0.02255852520465851, 0.02219853177666664, 0.018024513497948647, 0.019187040627002716, 0.021130410954356194, 0.02101784013211727, 0.020847652107477188, 0.0203673355281353, 0.01861182227730751, 0.019641239196062088, 0.01865450106561184, 0.01907285302877426, 0.01988670416176319, 0.019707461819052696, 0.020845426246523857, 0.020058758556842804, 0.020036786794662476, 0.020020348951220512, 0.01884421706199646, 0.018782004714012146, 0.019394807517528534, 0.01913529261946678, 0.019241735339164734, 0.019361011683940887, 0.019853724166750908, 0.01887323707342148, 0.01847558096051216, 0.018438827246427536, 0.017985299229621887, 0.018378442153334618, 0.018385224044322968, 0.01779974438250065, 0.0190169345587492, 0.018823586404323578, 0.018141217529773712, 0.01857747510075569, 0.01999685727059841, 0.01937151327729225], "position_loss": [0.008082123473286629, 0.010300650261342525, 0.02502039633691311, 0.02374548465013504, 0.014324052259325981, 0.01475510373711586, 0.01398232951760292, 0.015118762850761414, 0.010202247649431229, 0.01069419365376234, 0.013473844155669212, 0.013592072762548923, 0.011999967508018017, 0.011373674497008324, 0.009246635250747204, 0.009392156265676022, 0.01057761162519455, 0.010355326347053051, 0.008587357588112354, 0.008649698458611965, 0.00909813679754734, 0.009153470396995544, 0.009288214147090912, 0.009154454804956913, 0.007261627819389105, 0.007784172892570496, 0.008700803853571415, 0.008684501051902771, 0.008525244891643524, 0.008336637169122696, 0.007454577833414078, 0.007927575148642063, 0.007444469723850489, 0.00764565821737051, 0.008105356246232986, 0.00803311262279749, 0.008502837270498276, 0.00817128550261259, 0.008122602477669716, 0.008142396807670593, 0.007470146287232637, 0.00746809272095561, 0.00779795041307807, 0.007699016947299242, 0.007706961594521999, 0.007775700651109219, 0.00782119669020176, 0.007436281070113182, 0.007253431249409914, 0.007283656857907772, 0.006937842816114426, 0.007154671475291252, 0.00715180579572916, 0.006941053085029125, 0.00750070670619607, 0.007452960591763258, 0.007097430061548948, 0.0073252106085419655, 0.007911121472716331, 0.0076856291852891445], "gru_regularizer_loss": [0.17223507165908813, 0.17211313545703888, 0.17811118066310883, 0.16924268007278442, 0.16192853450775146, 0.16443395614624023, 0.15461868047714233, 0.16607314348220825, 0.16733676195144653, 0.17145271599292755, 0.1656167358160019, 0.16682425141334534, 0.17001472413539886, 0.16489826142787933, 0.16471730172634125, 0.16317136585712433, 0.16692154109477997, 0.164698526263237, 0.16139231622219086, 0.16000573337078094, 0.16186587512493134, 0.16275377571582794, 0.16890667378902435, 0.16628292202949524, 0.15503519773483276, 0.15968695282936096, 0.1598311960697174, 0.1579315960407257, 0.16335909068584442, 0.15866877138614655, 0.15778985619544983, 0.162012979388237, 0.15987877547740936, 0.1612643599510193, 0.16098850965499878, 0.15916825830936432, 0.1641138195991516, 0.15915149450302124, 0.1622578203678131, 0.1604657769203186, 0.16486266255378723, 0.1626400649547577, 0.1617538034915924, 0.15991273522377014, 0.15929925441741943, 0.16032394766807556, 0.17248675227165222, 0.1638457179069519, 0.16510111093521118, 0.16246958076953888, 0.16508887708187103, 0.1653614342212677, 0.16743522882461548, 0.16185052692890167, 0.16510334610939026, 0.1625383347272873, 0.162978857755661, 0.1634840965270996, 0.16904878616333008, 0.16333289444446564], "l2_xdx_activation_loss": [0.0007561320089735091, 0.0007317971903830767, 0.0008529232000000775, 0.0008052755729295313, 0.0006738174706697464, 0.0006959553575143218, 0.0006706808926537633, 0.000704841164406389, 0.0006909037474542856, 0.00069145840825513, 0.0006750479224137962, 0.0006741432007402182, 0.0007131314487196505, 0.0006895915721543133, 0.0007023064536042511, 0.0006985387299209833, 0.0007227081805467606, 0.000705950427800417, 0.0007031222921796143, 0.0006949651869945228, 0.0007020441116765141, 0.0006906010094098747, 0.0007639904506504536, 0.0007419112953357399, 0.0006499495939351618, 0.0006735889473930001, 0.0007098113419488072, 0.0006894885445944965, 0.000720837851986289, 0.0007021050550974905, 0.0007079034112393856, 0.0007216333178803325, 0.0007219049148261547, 0.0007226115558296442, 0.0006883498863317072, 0.0006828323239460588, 0.0007325179758481681, 0.000707871513441205, 0.000722647993825376, 0.0007099455688148737, 0.000751412590034306, 0.0007394528365693986, 0.0007267697947099805, 0.0007123574614524841, 0.0007445868104696274, 0.0007351040258072317, 0.000828468007966876, 0.0007870523841120303, 0.0007722159498371184, 0.0007485857931897044, 0.0008192220120690763, 0.0008048079325817525, 0.0008020671084523201, 0.0007660248666070402, 0.0007878096657805145, 0.0007637415546923876, 0.0007718360866419971, 0.0007637176895514131, 0.0008276885491795838, 0.0007886220701038837]}