{"loss": [0.017681965604424477, 0.021510308608412743, 0.05393301323056221, 0.05168745666742325, 0.03150099143385887, 0.029686609283089638, 0.037655748426914215, 0.03705378249287605, 0.029632385820150375, 0.029688319191336632, 0.032063670456409454, 0.030553575605154037, 0.021508174017071724, 0.021160699427127838, 0.025576718151569366, 0.025242522358894348, 0.0226080771535635, 0.0226481631398201, 0.022037487477064133, 0.020387038588523865, 0.021504029631614685, 0.02071489207446575, 0.018736276775598526, 0.018832523375749588, 0.01846272125840187, 0.018416158854961395, 0.01896369829773903, 0.0189824178814888, 0.018366454169154167, 0.01904965192079544, 0.01842080056667328, 0.018949422985315323, 0.021763280034065247, 0.02148449793457985, 0.017140600830316544, 0.018514931201934814, 0.0206479262560606, 0.020759738981723785, 0.021073829382658005, 0.020077340304851532, 0.019105128943920135, 0.020577432587742805, 0.01933448761701584, 0.019679319113492966, 0.019470037892460823, 0.01898687332868576, 0.01828785240650177, 0.017821330577135086, 0.01792355440557003, 0.01733003370463848, 0.016065390780568123, 0.016797740012407303, 0.017732545733451843, 0.01783890835940838, 0.017112940549850464, 0.01684330776333809, 0.01730138622224331, 0.01726190745830536, 0.017844902351498604, 0.01771760731935501, 0.017218180000782013, 0.017194103449583054, 0.018263738602399826, 0.01802683249115944, 0.01912466622889042, 0.018278565257787704, 0.019728846848011017, 0.019685667008161545, 0.017390554770827293, 0.018254948779940605, 0.020448392257094383, 0.019594326615333557, 0.022609908133745193, 0.021549038589000702, 0.020206410437822342, 0.020341942086815834, 0.01942046917974949, 0.019740577787160873, 0.020863017067313194, 0.019721535965800285, 0.02132064662873745, 0.020167140290141106, 0.019677482545375824, 0.018903901800513268, 0.01910623162984848, 0.018921425566077232, 0.01916978694498539, 0.019103702157735825, 0.017059391364455223, 0.017551014199852943, 0.01937897503376007, 0.01956203579902649, 0.01870175078511238, 0.019015494734048843, 0.01693824678659439, 0.01751798577606678, 0.016962796449661255, 0.017092423513531685, 0.017062202095985413, 0.017425784841179848], "position_loss": [0.007378309965133667, 0.009277397766709328, 0.02511824667453766, 0.024097692221403122, 0.014080784283578396, 0.013281052000820637, 0.017308371141552925, 0.017038386315107346, 0.013350055553019047, 0.013395976275205612, 0.01438358798623085, 0.013726796954870224, 0.009191901423037052, 0.009070213884115219, 0.01123205665498972, 0.011118443682789803, 0.009855000302195549, 0.00986790843307972, 0.009389282204210758, 0.008687547408044338, 0.009197721257805824, 0.008861996233463287, 0.007914670743048191, 0.007959690876305103, 0.007759051863104105, 0.007761597633361816, 0.007950798608362675, 0.007989969104528427, 0.007810549810528755, 0.008107117377221584, 0.007808016147464514, 0.008052710443735123, 0.009406987577676773, 0.009286342188715935, 0.007142112124711275, 0.007783182896673679, 0.008755750954151154, 0.008841113187372684, 0.009045431390404701, 0.0086258165538311, 0.008100713603198528, 0.008781960234045982, 0.008195392787456512, 0.008347210474312305, 0.008237685076892376, 0.00803430750966072, 0.0076111070811748505, 0.007416555657982826, 0.007406560238450766, 0.007160382345318794, 0.006595400627702475, 0.006912756245583296, 0.007367617450654507, 0.007411082740873098, 0.00701620290055871, 0.006935261655598879, 0.007129019126296043, 0.007131604012101889, 0.007351302076131105, 0.007330717984586954, 0.0070864236913621426, 0.007101534865796566, 0.007597355637699366, 0.007504429202526808, 0.00791907124221325, 0.007594991009682417, 0.008327332325279713, 0.00834097433835268, 0.0071379090659320354, 0.007553882896900177, 0.008670005016028881, 0.008296165615320206, 0.009745377115905285, 0.009289815090596676, 0.008580193854868412, 0.008642186410725117, 0.008147946558892727, 0.008289877325296402, 0.008806231431663036, 0.008349635638296604, 0.009028906933963299, 0.008553682826459408, 0.008222389966249466, 0.007899266667664051, 0.007959824055433273, 0.00791246723383665, 0.008074591867625713, 0.008058857172727585, 0.00693234009668231, 0.007174486294388771, 0.008220242336392403, 0.008281419053673744, 0.007740323431789875, 0.007906125858426094, 0.0069653247483074665, 0.007203455548733473, 0.00699056638404727, 0.00705084390938282, 0.007017828989773989, 0.007166918832808733], "gru_regularizer_loss": [0.1421651542186737, 0.14620302617549896, 0.16355963051319122, 0.15553444623947144, 0.15712310373783112, 0.1470840573310852, 0.1454075574874878, 0.14193858206272125, 0.14088687300682068, 0.139745831489563, 0.15209227800369263, 0.14485035836696625, 0.1522706151008606, 0.14776962995529175, 0.15217864513397217, 0.1479196399450302, 0.14541448652744293, 0.14683371782302856, 0.15902423858642578, 0.14850464463233948, 0.14988169074058533, 0.14557993412017822, 0.1419701725244522, 0.14136631786823273, 0.144232377409935, 0.14304357767105103, 0.1459197849035263, 0.14426124095916748, 0.13565261662006378, 0.1403774470090866, 0.13818815350532532, 0.14017817378044128, 0.14294686913490295, 0.1415960192680359, 0.13608978688716888, 0.14261494576931, 0.14543083310127258, 0.14377102255821228, 0.14566951990127563, 0.13903582096099854, 0.135902538895607, 0.1422259360551834, 0.13811978697776794, 0.13990433514118195, 0.1414913386106491, 0.13800255954265594, 0.14160683751106262, 0.13825589418411255, 0.14144396781921387, 0.13798648118972778, 0.13379934430122375, 0.13861358165740967, 0.1375197470188141, 0.13915365934371948, 0.14233112335205078, 0.13841742277145386, 0.13953924179077148, 0.13828080892562866, 0.14172877371311188, 0.14003396034240723, 0.14006847143173218, 0.13852715492248535, 0.14040985703468323, 0.1387958824634552, 0.14721129834651947, 0.14003437757492065, 0.1380917876958847, 0.13680575788021088, 0.1382783204317093, 0.139612078666687, 0.13932263851165771, 0.13573400676250458, 0.1412096470594406, 0.13486984372138977, 0.13435816764831543, 0.13575288653373718, 0.13660453259944916, 0.13795186579227448, 0.14699728786945343, 0.13745960593223572, 0.14476856589317322, 0.13767783343791962, 0.14306923747062683, 0.13846668601036072, 0.1404678374528885, 0.1362631767988205, 0.13560566306114197, 0.1342109739780426, 0.1363379806280136, 0.13760830461978912, 0.13228069245815277, 0.13409587740898132, 0.13810357451438904, 0.13909007608890533, 0.13209578394889832, 0.1363547146320343, 0.13427734375, 0.13368694484233856, 0.13262219727039337, 0.13444069027900696],