{"loss": [0.019690683111548424, 0.021679658442735672, 0.04968997463583946, 0.04801452159881592, 0.027333945035934448, 0.027747105807065964, 0.02742614969611168, 0.02687886171042919, 0.026058778166770935, 0.02485157921910286, 0.025371668860316277, 0.02492089569568634, 0.020884733647108078, 0.02039400115609169, 0.022024936974048615, 0.021609153598546982, 0.02313336171209812, 0.02323177084326744, 0.019830336794257164, 0.019923683255910873, 0.024158407002687454, 0.023701444268226624, 0.019370194524526596, 0.01901407353579998, 0.024595899507403374, 0.02353557199239731, 0.02083919569849968, 0.021100619807839394, 0.02001969888806343, 0.02048969827592373, 0.020831383764743805, 0.02086983062326908, 0.022060416638851166, 0.020521603524684906, 0.020880918949842453, 0.021574417129158974, 0.02443341538310051, 0.02412426844239235, 0.020468350499868393, 0.02094738930463791, 0.02322435937821865, 0.02288035862147808, 0.021873483434319496, 0.02147378772497177, 0.01955900900065899, 0.020138505846261978, 0.021582933142781258, 0.02103608287870884, 0.017560070380568504, 0.01883818954229355, 0.02412581816315651, 0.024183424189686775, 0.022131789475679398, 0.0219112541526556, 0.025203710421919823, 0.02425968647003174, 0.023136530071496964, 0.02192176692187786, 0.020623229444026947, 0.02045975811779499], "position_loss": [0.007888901978731155, 0.008917085826396942, 0.022977039217948914, 0.022142304107546806, 0.011746256612241268, 0.011977599933743477, 0.011616047471761703, 0.01144493743777275, 0.011140990070998669, 0.01059308834373951, 0.010946512222290039, 0.010746109299361706, 0.008742572739720345, 0.008554520085453987, 0.009161682799458504, 0.009029345586895943, 0.009867901913821697, 0.009950255043804646, 0.008216015994548798, 0.008285712450742722, 0.010398799553513527, 0.010194669477641582, 0.00791921280324459, 0.007803753018379211, 0.010522257536649704, 0.01005778182297945, 0.008686947636306286, 0.008847332559525967, 0.008300296030938625, 0.008529177866876125, 0.008771502412855625, 0.008779113180935383, 0.009200065396726131, 0.00854866486042738, 0.008744008839130402, 0.009064648300409317, 0.01048037689179182, 0.010335021652281284, 0.00856077391654253, 0.008775345049798489, 0.009854273870587349, 0.009730782359838486, 0.009173045866191387, 0.00900021381676197, 0.007980911061167717, 0.008268462494015694, 0.008949545212090015, 0.00874432921409607, 0.0070559801533818245, 0.007636837661266327, 0.010318467393517494, 0.01036139391362667, 0.00924301240593195, 0.009163813665509224, 0.010628794319927692, 0.010272550396621227, 0.009669750928878784, 0.009135822765529156, 0.008498054929077625, 0.008445333689451218], "gru_regularizer_loss": [0.17017370462417603, 0.16574153304100037, 0.15336085855960846, 0.15302471816539764, 0.16150569915771484, 0.16195610165596008, 0.17612531781196594, 0.16980916261672974, 0.16575372219085693, 0.16076666116714478, 0.1572069525718689, 0.155389204621315, 0.1576469987630844, 0.1531391143798828, 0.16570958495140076, 0.16012030839920044, 0.15624837577342987, 0.154057577252388, 0.15497815608978271, 0.15306687355041504, 0.15459322929382324, 0.15270830690860748, 0.1592760980129242, 0.15440340340137482, 0.16005107760429382, 0.15517938137054443, 0.15585225820541382, 0.15361005067825317, 0.15199728310108185, 0.15307317674160004, 0.14780503511428833, 0.14949162304401398, 0.16119058430194855, 0.1512908935546875, 0.1497294306755066, 0.15337079763412476, 0.15391898155212402, 0.15274327993392944, 0.14898326992988586, 0.15062427520751953, 0.1534315049648285, 0.14948734641075134, 0.15295074880123138, 0.1513768583536148, 0.15512512624263763, 0.155925914645195, 0.15926462411880493, 0.15440109372138977, 0.14866691827774048, 0.15472199022769928, 0.1525420844554901, 0.15108177065849304, 0.15531912446022034, 0.15322361886501312, 0.16489653289318085, 0.15675564110279083, 0.15975184738636017, 0.1546914428472519, 0.15486371517181396, 0.1531953662633896], "l2_xdx_activation_loss": [0.0007366946083493531, 0.0007290041539818048, 0.0007337431889027357, 0.0007328699575737119, 0.0007417722372338176, 0.0007237627287395298, 0.0008105810265988111, 0.0007632788619957864, 0.0007060676580294967, 0.0006855592946521938, 0.000635172298643738, 0.0006245758850127459, 0.0006073529948480427, 0.000584169989451766, 0.0006811392377130687, 0.0006494006374850869, 0.0006113387062214315, 0.000596542377024889, 0.0006158212781883776, 0.0006068433285690844, 0.000604605651460588, 0.000594654877204448, 0.0006459833239205182, 0.0006204913952387869, 0.0006499385926872492, 0.0006223851814866066, 0.0006352393538691103, 0.0006229319842532277, 0.0006326916045509279, 0.0006331833428703249, 0.0006030898075550795, 0.0006052095559425652, 0.0006824401207268238, 0.000636768527328968, 0.0006315158680081367, 0.0006367846508510411, 0.0006441372679546475, 0.0006419105338864028, 0.0006186367245391011, 0.0006297985091805458, 0.0006601455970667303, 0.0006409539491869509, 0.0006656083860434592, 0.0006528435624204576, 0.0006816250970587134, 0.0006804200238548219, 0.0006967125227674842, 0.000667451648041606, 0.0006534597487188876, 0.0006720771780237556, 0.0006541339680552483, 0.0006495859124697745, 0.000697170733474195, 0.0006834430969320238, 0.0007653653738088906, 0.0007153231417760253, 0.0007328162319026887, 0.0007007156382314861, 0.0006924739573150873, 0.0006786913727410138]}