{"loss": [0.021946914494037628, 0.02378661185503006, 0.03265031799674034, 0.03181382268667221, 0.029697995632886887, 0.029813328757882118, 0.03043457865715027, 0.029835142195224762, 0.024432023987174034, 0.023946251720190048, 0.023609131574630737, 0.023273220285773277, 0.029014840722084045, 0.028333349153399467, 0.02701856568455696, 0.025636278092861176, 0.02094060741364956, 0.021952560171484947, 0.02482856623828411, 0.025430599227547646, 0.02560809999704361, 0.024999679997563362, 0.020071644335985184, 0.02088990993797779, 0.021082311868667603, 0.022072909399867058, 0.025782259181141853, 0.025457261130213737, 0.022595737129449844, 0.022874843329191208, 0.020140208303928375, 0.021145634353160858, 0.020459098741412163, 0.020810004323720932, 0.02169465459883213, 0.021268105134367943, 0.02211787924170494, 0.0210431981831789, 0.02012879215180874, 0.020207298919558525, 0.020004577934741974, 0.01974347233772278, 0.0196840763092041, 0.020403793081641197, 0.020991548895835876, 0.020480291917920113, 0.020647741854190826, 0.019499629735946655, 0.02076239511370659, 0.02097219228744507, 0.017875365912914276, 0.018957901746034622, 0.020411716774106026, 0.01994105614721775, 0.020720330998301506, 0.0202040895819664, 0.02135159820318222, 0.020157840102910995, 0.020199790596961975, 0.019992807880043983], "position_loss": [0.00893497746437788, 0.009954119101166725, 0.014508670195937157, 0.01405609492212534, 0.01293463446199894, 0.012990355491638184, 0.013267640955746174, 0.01302408054471016, 0.010267997160553932, 0.010088363662362099, 0.009820090606808662, 0.009739973582327366, 0.012645958922803402, 0.012332718819379807, 0.011639466509222984, 0.01099797710776329, 0.008601387962698936, 0.009106839075684547, 0.010550664737820625, 0.010806020349264145, 0.01084097009152174, 0.01060179341584444, 0.008254388347268105, 0.008612406440079212, 0.008735347539186478, 0.00919498410075903, 0.01105701457709074, 0.010898751206696033, 0.009572252631187439, 0.009649326093494892, 0.008203195407986641, 0.008670865558087826, 0.008410099893808365, 0.008595408871769905, 0.008947490714490414, 0.008793402463197708, 0.009060941636562347, 0.008624495938420296, 0.008188239298760891, 0.008250357583165169, 0.008157727308571339, 0.008054097183048725, 0.007952678948640823, 0.00828779861330986, 0.008561575785279274, 0.008367301896214485, 0.00836130604147911, 0.007889891974627972, 0.008608680218458176, 0.008706505410373211, 0.00714902626350522, 0.007638162933290005, 0.008272425271570683, 0.008104627020657063, 0.0084568802267313, 0.00825362466275692, 0.008738827891647816, 0.00822970736771822, 0.008244406431913376, 0.008163433521986008], "gru_regularizer_loss": [0.20374926924705505, 0.19439148902893066, 0.18157267570495605, 0.18509700894355774, 0.19264349341392517, 0.19468675553798676, 0.19880394637584686, 0.19375668466091156, 0.19514437019824982, 0.18981999158859253, 0.19491025805473328, 0.18681363761425018, 0.18733510375022888, 0.18339303135871887, 0.18651433289051056, 0.18216079473495483, 0.18506553769111633, 0.18702827394008636, 0.1836003065109253, 0.18908384442329407, 0.19297276437282562, 0.18791300058364868, 0.1789574921131134, 0.18450529873371124, 0.17865587770938873, 0.18126091361045837, 0.17908325791358948, 0.1786639392375946, 0.17337492108345032, 0.17934222519397736, 0.1768750548362732, 0.1823306381702423, 0.18248377740383148, 0.18135105073451996, 0.18549087643623352, 0.18077561259269714, 0.1888720542192459, 0.1805858463048935, 0.17946822941303253, 0.17804628610610962, 0.17833301424980164, 0.1772419661283493, 0.17593234777450562, 0.180647075176239, 0.1823175847530365, 0.1780596375465393, 0.18536889553070068, 0.17715467512607574, 0.17353889346122742, 0.17524674534797668, 0.17247557640075684, 0.17796573042869568, 0.18048128485679626, 0.1757686287164688, 0.1796993911266327, 0.1751379817724228, 0.18245527148246765, 0.17494896054267883, 0.17616191506385803, 0.17506396770477295], "l2_xdx_activation_loss": [0.0006794349174015224, 0.0006444321479648352, 0.0006053616525605321, 0.000616499048192054, 0.0006337082595564425, 0.0006281950627453625, 0.0006366969319060445, 0.0006160825141705573, 0.0006478067953139544, 0.0006233861204236746, 0.0006728940643370152, 0.0006413239752873778, 0.0006161350174807012, 0.000610938121099025, 0.0006244413089007139, 0.0006058494909666479, 0.0006286700372584164, 0.0006224778480827808, 0.0006300222594290972, 0.0006421845755539834, 0.0006650884170085192, 0.0006385983433574438, 0.0005907083977945149, 0.0006062916945666075, 0.0006079640588723123, 0.0006230557337403297, 0.0006254105246625841, 0.000623984495177865, 0.0005721054039895535, 0.0005938673857599497, 0.0006546331569552422, 0.0006598102045245469, 0.0006042977329343557, 0.000601503299549222, 0.0006478652358055115, 0.000624125124886632, 0.0007020359043963253, 0.000662393169477582, 0.0006521543255075812, 0.000641650753095746, 0.0006348751485347748, 0.0006205635727383196, 0.0006727422005496919, 0.000673519039992243, 0.000681350938975811, 0.0006546414806507528, 0.0006900905864313245, 0.0006490437663160264, 0.0006028258358128369, 0.0006018489948473871, 0.000617130019236356, 0.0006335836369544268, 0.0006869617500342429, 0.0006576493033207953, 0.0006694691837765276, 0.0006480970187112689, 0.000682740705087781, 0.0006492557004094124, 0.0006493972614407539, 0.0006380449049174786]}