{"loss": [0.019454384222626686, 0.021597662940621376, 0.034586355090141296, 0.034297727048397064, 0.021674739196896553, 0.021275339648127556, 0.028654389083385468, 0.029649727046489716, 0.023128772154450417, 0.02304552122950554, 0.02024095505475998, 0.021318981423974037, 0.027075819671154022, 0.02678450383245945, 0.022786427289247513, 0.022596675902605057, 0.021085502579808235, 0.020874695852398872, 0.022523878142237663, 0.021961452439427376, 0.019547123461961746, 0.019205765798687935, 0.020720165222883224, 0.020874813199043274, 0.019288361072540283, 0.019893789663910866, 0.019682472571730614, 0.019191861152648926, 0.020254533737897873, 0.02035832405090332, 0.019761424511671066, 0.019047174602746964, 0.02247510477900505, 0.021994583308696747, 0.0214106235653162, 0.021009158343076706, 0.021534552797675133, 0.021239707246422768, 0.025028958916664124, 0.023943915963172913, 0.018946761265397072, 0.018561067059636116, 0.021205581724643707, 0.021513888612389565, 0.018991360440850258, 0.0187569260597229, 0.020241480320692062, 0.020174404606223106, 0.018421942368149757, 0.0190188717097044, 0.01797863282263279, 0.018438084051012993, 0.01897384598851204, 0.019042477011680603, 0.019374124705791473, 0.018757222220301628, 0.017714973539114, 0.018082888796925545, 0.020071469247341156, 0.01866835542023182, 0.017423931509256363, 0.017321180552244186, 0.01756291463971138, 0.01720958761870861, 0.015379572287201881, 0.01593981496989727, 0.016738571226596832, 0.01693810150027275, 0.016475774347782135, 0.016294429078698158, 0.01814468391239643, 0.017984189093112946, 0.016181958839297295, 0.01677461341023445, 0.017417166382074356, 0.017369596287608147, 0.017062421888113022, 0.017407167702913284, 0.0192694291472435, 0.019163452088832855, 0.017464451491832733, 0.017494499683380127, 0.019341658800840378, 0.019103845581412315, 0.016582271084189415, 0.017303338274359703, 0.019926108419895172, 0.018804363906383514, 0.01910642348229885, 0.01905059441924095, 0.017073314636945724, 0.017613589763641357, 0.018409565091133118, 0.017652060836553574, 0.017941225320100784, 0.017961913719773293, 0.0195836890488863, 0.01894613727927208, 0.016847992315888405, 0.017189254984259605], "position_loss": [0.008385494351387024, 0.009476568549871445, 0.01597858965396881, 0.015832416713237762, 0.009432519786059856, 0.009322380647063255, 0.013022070750594139, 0.013523508794605732, 0.01022395584732294, 0.01019967719912529, 0.008873171173036098, 0.0093849441036582, 0.012093811295926571, 0.011989033780992031, 0.010103695094585419, 0.009999462403357029, 0.009218364022672176, 0.009115230292081833, 0.009934338741004467, 0.009688345715403557, 0.008382607251405716, 0.008250882849097252, 0.009035300463438034, 0.009093258529901505, 0.008349413052201271, 0.008640547282993793, 0.008428716100752354, 0.008204051293432713, 0.008791876025497913, 0.008824825286865234, 0.008384891785681248, 0.008092489093542099, 0.009774458594620228, 0.009589824825525284, 0.009250002913177013, 0.009083026088774204, 0.009354912675917149, 0.009242761880159378, 0.01112284418195486, 0.010626553557813168, 0.008042572997510433, 0.007905346341431141, 0.009131362661719322, 0.009301622398197651, 0.00798365194350481, 0.00792703963816166, 0.008733524940907955, 0.008720501326024532, 0.007907725870609283, 0.008184077218174934, 0.007627242710441351, 0.007825409062206745, 0.008021095767617226, 0.00808495283126831, 0.008122173137962818, 0.007877949625253677, 0.0074442243203520775, 0.007610740140080452, 0.008506063371896744, 0.007910141721367836, 0.007198689039796591, 0.007178721949458122, 0.007351638283580542, 0.007209834177047014, 0.006303627509623766, 0.006567362230271101, 0.007006993982940912, 0.0070891729556024075, 0.0068381065502762794, 0.006767956539988518, 0.007622973527759314, 0.007570698857307434, 0.00678918045014143, 0.0070550208911299706, 0.007237893994897604, 0.007248555775731802, 0.007094734814018011, 0.007264816202223301, 0.008258678950369358, 0.00821638572961092, 0.007316615432500839, 0.007351428270339966, 0.008211798965930939, 0.008115320466458797, 0.006862885784357786, 0.007211822550743818, 0.008424417115747929, 0.007952132262289524, 0.008011343888938427, 0.008024095557630062, 0.007199369836598635, 0.007437762338668108, 0.0077753555960953236, 0.007462901994585991, 0.007543640211224556, 0.0075820875354111195, 0.008360293693840504, 0.00808644574135542, 0.007076902315020561, 0.007235297001898289], "gru_regularizer_loss": [0.09909707307815552, 0.0980791300535202, 0.09490811079740524, 0.09670992195606232, 0.10332052409648895, 0.09706375002861023, 0.09459710121154785, 0.09486018121242523, 0.09535550326108932, 0.09436428546905518, 0.09149985015392303, 0.09381221979856491, 0.09857622534036636, 0.09703788161277771, 0.09280645847320557, 0.09358634799718857, 0.09516949951648712, 0.09431633353233337, 0.09503817558288574, 0.09257808327674866, 0.09674333035945892, 0.09412965178489685, 0.09291987121105194, 0.09382709860801697, 0.09145065397024155, 0.09220531582832336, 0.0954885482788086, 0.0945192202925682, 0.09318524599075317, 0.09404720366001129, 0.09951089322566986, 0.09628728777170181, 0.09704261273145676, 0.09415742009878159, 0.09538652747869492, 0.09413671493530273, 0.09618774056434631, 0.09360464662313461, 0.09569868445396423, 0.09301375597715378, 0.09621672332286835, 0.09331545978784561, 0.09483203291893005, 0.09488508105278015, 0.09870272874832153, 0.09554125368595123, 0.0945233553647995, 0.09336906671524048, 0.08976820111274719, 0.09068586677312851, 0.0912683755159378, 0.09345652163028717, 0.09535866230726242, 0.09407487511634827, 0.09828745573759079, 0.09506482630968094, 0.09169748425483704, 0.09255543351173401, 0.1001710444688797, 0.09388789534568787, 0.09549293667078018, 0.09416960179805756, 0.09448712319135666, 0.09194309264421463, 0.09117164462804794, 0.09192103147506714, 0.0903487280011177, 0.09119752794504166, 0.09216757118701935, 0.09119369834661484, 0.09378505498170853, 0.09260034561157227, 0.08831314742565155, 0.08945714682340622, 0.09393007308244705, 0.09257107973098755, 0.09211808443069458, 0.09267205744981766, 0.09127408266067505, 0.09056787937879562, 0.09228309243917465, 0.09128358960151672, 0.09366561472415924, 0.09248638153076172, 0.09119795262813568, 0.09187409281730652, 0.09749697148799896, 0.09277994185686111, 0.09549573063850403, 0.09402236342430115, 0.088119737803936, 0.09037268906831741, 0.0946805402636528, 0.09040197730064392, 0.09203296899795532, 0.09083003550767899, 0.09389085322618484, 0.09126626700162888, 0.08879396319389343, 0.08953598141670227],