{"loss": [0.018318329006433487, 0.02442794293165207, 0.04767502844333649, 0.04619390517473221, 0.03610719367861748, 0.03855396807193756, 0.0417691171169281, 0.04104316979646683, 0.03580772131681442, 0.03614235669374466, 0.03397636115550995, 0.032477423548698425, 0.027208557352423668, 0.02674594335258007, 0.025705445557832718, 0.02633955143392086, 0.02843601629137993, 0.02807260863482952, 0.023365195840597153, 0.023036200553178787, 0.024906480684876442, 0.02486015111207962, 0.023073097690939903, 0.02244957536458969, 0.023608170449733734, 0.024092622101306915, 0.02469186671078205, 0.02479489892721176, 0.02484905906021595, 0.025110846385359764, 0.02186448872089386, 0.022272499278187752, 0.023354515433311462, 0.022251933813095093, 0.023239335045218468, 0.02132178097963333, 0.02128363959491253, 0.02158605493605137, 0.019926385954022408, 0.02020771987736225, 0.019543588161468506, 0.020089041441679, 0.02466355264186859, 0.024040821939706802, 0.021589595824480057, 0.02056896686553955, 0.024480024352669716, 0.02368800714612007, 0.024495325982570648, 0.024238592013716698, 0.02323465794324875, 0.022503329440951347, 0.018969865515828133, 0.018791094422340393, 0.021810855716466904, 0.02048908919095993, 0.019685599952936172, 0.01906309835612774, 0.021866902709007263, 0.020073238760232925], "position_loss": [0.0072324215434491634, 0.010231164284050465, 0.021864378824830055, 0.02120601385831833, 0.01634964905679226, 0.01746094971895218, 0.018953057006001472, 0.018617749214172363, 0.01561835315078497, 0.015868637710809708, 0.014655999839305878, 0.014053301885724068, 0.011713295243680477, 0.011547000147402287, 0.01120482012629509, 0.011465011164546013, 0.012581952847540379, 0.012396485544741154, 0.010023615323007107, 0.009864085353910923, 0.01075799111276865, 0.010747643187642097, 0.009790697135031223, 0.00952623039484024, 0.010124805383384228, 0.010346654802560806, 0.010681846179068089, 0.010700175538659096, 0.01077260635793209, 0.010871787555515766, 0.009219747968018055, 0.009401042945683002, 0.009669947437942028, 0.009221551939845085, 0.009553210809826851, 0.008763005957007408, 0.008848391473293304, 0.008971432223916054, 0.008101723156869411, 0.008269649930298328, 0.007938157767057419, 0.008198332041501999, 0.010347479954361916, 0.010105069726705551, 0.008772075176239014, 0.00836753100156784, 0.010206038132309914, 0.009918391704559326, 0.01037850882858038, 0.010277739726006985, 0.009769185446202755, 0.009461120702326298, 0.00759865203872323, 0.00757416570559144, 0.008833841420710087, 0.00828859768807888, 0.00793832540512085, 0.0076900506392121315, 0.009005481377243996, 0.00823583360761404], "gru_regularizer_loss": [0.19088268280029297, 0.195651575922966, 0.18952278792858124, 0.18168479204177856, 0.1718781590461731, 0.18264718353748322, 0.19861993193626404, 0.1971268355846405, 0.21675266325473785, 0.212691992521286, 0.21809057891368866, 0.20717523992061615, 0.1925540566444397, 0.1871790885925293, 0.17291803658008575, 0.178818479180336, 0.17477905750274658, 0.17460115253925323, 0.17755170166492462, 0.17705170810222626, 0.18084296584129333, 0.17993661761283875, 0.18475839495658875, 0.18026421964168549, 0.17467372119426727, 0.17711536586284637, 0.17330381274223328, 0.17617495357990265, 0.1715489625930786, 0.1744714379310608, 0.17583277821540833, 0.17828799784183502, 0.1937839537858963, 0.1851382851600647, 0.1987667828798294, 0.18366584181785583, 0.1763944774866104, 0.17894531786441803, 0.18071281909942627, 0.17927730083465576, 0.1785239577293396, 0.180550679564476, 0.19042322039604187, 0.18506328761577606, 0.19286738336086273, 0.1841224581003189, 0.19134590029716492, 0.18263079226016998, 0.17955918610095978, 0.17792542278766632, 0.18150877952575684, 0.1768263727426529, 0.1846168041229248, 0.17958393692970276, 0.19423769414424896, 0.1851370483636856, 0.1839185357093811, 0.17884737253189087, 0.1882951706647873, 0.176995649933815], "l2_xdx_activation_loss": [0.0006478762370534241, 0.0006693564937449992, 0.0006833369261585176, 0.0006546652875840664, 0.0005626945057883859, 0.000601522799115628, 0.0006252579623833299, 0.0006117904558777809, 0.0008008197182789445, 0.0007590434397570789, 0.0008274753345176578, 0.0007660140981897712, 0.0006184653611853719, 0.0005930410115979612, 0.0005218647420406342, 0.0005401046946644783, 0.0005077632376924157, 0.0005108650075271726, 0.0005138063570484519, 0.0005121612921357155, 0.0005270131514407694, 0.0005214901175349951, 0.0005476962542161345, 0.0005311472341418266, 0.0005369306891225278, 0.0005423759575933218, 0.0005313678411766887, 0.0005439217202365398, 0.0005291085108183324, 0.0005405079573392868, 0.0005552112124860287, 0.000562167027965188, 0.0006919162697158754, 0.0006521382601931691, 0.0007147377473302186, 0.0006526929209940135, 0.0006072933319956064, 0.0006175690214149654, 0.0006382597493939102, 0.0006248709396459162, 0.0006270005833357573, 0.0006286129937507212, 0.0006877764826640487, 0.0006596730090677738, 0.000705246755387634, 0.0006638828781433403, 0.0007178192608989775, 0.0006746277213096619, 0.0006472283275797963, 0.0006342751439660788, 0.0006267220596782863, 0.0006039303843863308, 0.0006417870754376054, 0.0006152973510324955, 0.0007332543027587235, 0.0006864964379929006, 0.0006562433554790914, 0.0006311635370366275, 0.0006573181599378586, 0.0006101937033236027]}