{"loss": [0.019301464781165123, 0.02154948003590107, 0.03556687384843826, 0.03443840518593788, 0.02780124917626381, 0.027858495712280273, 0.022367587313055992, 0.022287366911768913, 0.02490607649087906, 0.02569606341421604, 0.021888690069317818, 0.02246595174074173, 0.025692306458950043, 0.025134671479463577, 0.021313700824975967, 0.020663172006607056, 0.021138852462172508, 0.020915836095809937, 0.019763503223657608, 0.021015193313360214, 0.02131401188671589, 0.020445918664336205, 0.020854467526078224, 0.021566083654761314, 0.022833537310361862, 0.02321743220090866, 0.022475311532616615, 0.021550582721829414, 0.01950806751847267, 0.019392622634768486, 0.020955262705683708, 0.020613545551896095, 0.01990249566733837, 0.019792016595602036, 0.018309371545910835, 0.01735820062458515, 0.01983620971441269, 0.019865071401000023, 0.018109874799847603, 0.01762150228023529, 0.0188550166785717, 0.018788717687129974, 0.018238486722111702, 0.017330409958958626, 0.017898209393024445, 0.018035100772976875, 0.020139196887612343, 0.019514184445142746, 0.01846887916326523, 0.0177691038697958, 0.018588121980428696, 0.019289441406726837, 0.017714783549308777, 0.017652004957199097, 0.01751081831753254, 0.017049266025424004, 0.020458610728383064, 0.019207928329706192, 0.017598506063222885, 0.01628367230296135, 0.018740247935056686, 0.01875605434179306, 0.017645524814724922, 0.017157571390271187, 0.018303031101822853, 0.018710659816861153, 0.019028225913643837, 0.01851292885839939, 0.018002785742282867, 0.017866380512714386, 0.01915016770362854, 0.01929948292672634, 0.017643973231315613, 0.01810065656900406, 0.017713181674480438, 0.01765621267259121, 0.017849594354629517, 0.017570098862051964, 0.016276419162750244, 0.01691477745771408, 0.01768512651324272, 0.017126835882663727, 0.01849851757287979, 0.018344640731811523, 0.017428342252969742, 0.017083531245589256, 0.01817142590880394, 0.01811627671122551, 0.018211806192994118, 0.01811211369931698, 0.019311044365167618, 0.019208312034606934, 0.016561418771743774, 0.016727056354284286, 0.01755431666970253, 0.017625464126467705, 0.016651732847094536, 0.017044974491000175, 0.0163174569606781, 0.01624603010714054], "position_loss": [0.008038600906729698, 0.00920785591006279, 0.01614372618496418, 0.01558298896998167, 0.012342743575572968, 0.012373272329568863, 0.009559874422848225, 0.009577574208378792, 0.010861163027584553, 0.01122299488633871, 0.009415366686880589, 0.009661541320383549, 0.011266722343862057, 0.010997157543897629, 0.009042310528457165, 0.008781184442341328, 0.008976969867944717, 0.00892020296305418, 0.008347718976438046, 0.008930545300245285, 0.00917352270334959, 0.008785407990217209, 0.008950109593570232, 0.009273446165025234, 0.010044463910162449, 0.010173942893743515, 0.00970715656876564, 0.00932029727846384, 0.008271642960608006, 0.008225793950259686, 0.008963820524513721, 0.008841633796691895, 0.008352414704859257, 0.008325629867613316, 0.00759196886792779, 0.007191621698439121, 0.00838897842913866, 0.008409406989812851, 0.00740815419703722, 0.007221139036118984, 0.007725280709564686, 0.007729996461421251, 0.00735949631780386, 0.00700128311291337, 0.007344517856836319, 0.007422672584652901, 0.008454454131424427, 0.0081960903480649, 0.007603998761624098, 0.007329883053898811, 0.0078364172950387, 0.008126934058964252, 0.0073098838329315186, 0.007292957976460457, 0.007199516519904137, 0.007022262550890446, 0.008601225912570953, 0.008060473948717117, 0.007139654364436865, 0.006606508512049913, 0.00769663555547595, 0.00774176511913538, 0.007159615866839886, 0.006979948841035366, 0.007599641103297472, 0.0077840592712163925, 0.007958744652569294, 0.007756392937153578, 0.007375847082585096, 0.007347797974944115, 0.008096182718873024, 0.008145730942487717, 0.007327795494347811, 0.00753443269059062, 0.007279741112142801, 0.007256471551954746, 0.007404991891235113, 0.007271692156791687, 0.006563049741089344, 0.006871156860142946, 0.007154752034693956, 0.006929876282811165, 0.007695176638662815, 0.0076283556409180164, 0.007101473864167929, 0.006971148774027824, 0.007474238984286785, 0.007463234942406416, 0.007484745234251022, 0.007447135169059038, 0.00811012927442789, 0.008071016520261765, 0.006711178924888372, 0.006807940546423197, 0.0071366275660693645, 0.007189102470874786, 0.006764486897736788, 0.006947910413146019, 0.006581704132258892, 0.006573282647877932], "gru_regularizer_loss": [0.14933784306049347, 0.14496919512748718, 0.1456959843635559, 0.14479608833789825, 0.14552417397499084, 0.14438652992248535, 0.15075135231018066, 0.14590537548065186, 0.1424711048603058, 0.14647506177425385, 0.14027127623558044, 0.14250816404819489, 0.1417284905910492, 0.14072185754776, 0.14608070254325867, 0.14150601625442505, 0.14679114520549774, 0.14205379784107208, 0.13976283371448517, 0.14349550008773804, 0.14135193824768066, 0.13734206557273865, 0.13801173865795135, 0.13944008946418762, 0.13230112195014954, 0.1369360089302063, 0.14404278993606567, 0.13720260560512543, 0.1374150812625885, 0.13640707731246948, 0.14335118234157562, 0.13908737897872925, 0.1434338390827179, 0.1416374295949936, 0.14501574635505676, 0.138198122382164, 0.14084038138389587, 0.13948525488376617, 0.14495694637298584, 0.14046621322631836, 0.14627915620803833, 0.14434000849723816, 0.151300311088562, 0.14360411465168, 0.14131948351860046, 0.14002865552902222, 0.14284352958202362, 0.1386863887310028, 0.14366309344768524, 0.13684476912021637, 0.13329409062862396, 0.13755165040493011, 0.13912789523601532, 0.13776326179504395, 0.14047406613826752, 0.1363959163427353, 0.14383381605148315, 0.1367994248867035, 0.14686477184295654, 0.13701705634593964, 0.14307814836502075, 0.14084671437740326, 0.14564573764801025, 0.14089518785476685, 0.13550779223442078, 0.13699279725551605, 0.13910266757011414, 0.1350911259651184, 0.13975489139556885, 0.13803182542324066, 0.13361388444900513, 0.13512632250785828, 0.13324496150016785, 0.1347106248140335, 0.13779577612876892, 0.1366216093301773, 0.13521866500377655, 0.1342197060585022, 0.13618288934230804, 0.1372637152671814, 0.1438831090927124, 0.1394486129283905, 0.13727964460849762, 0.13613811135292053, 0.14058339595794678, 0.13628040254116058, 0.13840153813362122, 0.13674312829971313, 0.1381903737783432, 0.1367374062538147, 0.13571487367153168, 0.13446176052093506, 0.13703368604183197, 0.1355750560760498, 0.13926836848258972, 0.13767141103744507, 0.13524703681468964, 0.13635972142219543, 0.1371787190437317, 0.1357291042804718],