{"loss": [0.019422221928834915, 0.02199852094054222, 0.05022834986448288, 0.0489686019718647, 0.024420542642474174, 0.026412950828671455, 0.03506465256214142, 0.035048048943281174, 0.03682322800159454, 0.035770442336797714, 0.026327205821871758, 0.02679372951388359, 0.02874019742012024, 0.028752945363521576, 0.03042862005531788, 0.03060653805732727, 0.0244183037430048, 0.023993417620658875, 0.023809155449271202, 0.024549396708607674, 0.024937458336353302, 0.025079000741243362, 0.021566713228821754, 0.02150384895503521, 0.025019658729434013, 0.024121269583702087, 0.023946378380060196, 0.02441960759460926, 0.02025623247027397, 0.02125433273613453, 0.019016897305846214, 0.020184572786092758, 0.019280588254332542, 0.018977925181388855, 0.018277905881404877, 0.018163226544857025, 0.019197838380932808, 0.01985742151737213, 0.019415227696299553, 0.018741119652986526, 0.01859358139336109, 0.01940734311938286, 0.018301310017704964, 0.018161434680223465, 0.01824987679719925, 0.01875520497560501, 0.02114250138401985, 0.02122163027524948, 0.018600139766931534, 0.018594220280647278, 0.01837557926774025, 0.018360458314418793, 0.02058844454586506, 0.02024158090353012, 0.016793251037597656, 0.017003754153847694, 0.018516117706894875, 0.01828169822692871, 0.01752285473048687, 0.018272193148732185, 0.017681637778878212, 0.018629416823387146, 0.020207002758979797, 0.020001910626888275, 0.018125062808394432, 0.01726280339062214, 0.02015315555036068, 0.020404310896992683, 0.0199517123401165, 0.02008562535047531, 0.018250038847327232, 0.01784968562424183, 0.016038784757256508, 0.01706075482070446, 0.01832088828086853, 0.019073011353611946, 0.018802698701620102, 0.01804002933204174, 0.016743749380111694, 0.01659437082707882, 0.018393151462078094, 0.018166258931159973, 0.01719205267727375, 0.016607560217380524, 0.016848597675561905, 0.01681768335402012, 0.01681489869952202, 0.016711900010704994, 0.015412721782922745, 0.016120217740535736, 0.01746298559010029, 0.017819495871663094, 0.017297187820076942, 0.01695803552865982, 0.016146220266819, 0.016786746680736542, 0.016561483964323997, 0.018107065930962563, 0.01860049180686474, 0.018503554165363312], "position_loss": [0.008095365017652512, 0.009392354637384415, 0.023692231625318527, 0.02301136404275894, 0.010667555034160614, 0.011689049191772938, 0.01572948507964611, 0.015798810869455338, 0.016477420926094055, 0.016057774424552917, 0.01174275390803814, 0.011924034915864468, 0.012984377332031727, 0.012997394427657127, 0.013857304118573666, 0.013934176415205002, 0.010709311813116074, 0.010560254566371441, 0.010382864624261856, 0.010759305208921432, 0.01088692806661129, 0.01101023331284523, 0.009382923133671284, 0.00935964472591877, 0.011130278930068016, 0.010709617286920547, 0.010675587691366673, 0.010890353471040726, 0.00883888266980648, 0.009278005920350552, 0.008180389180779457, 0.008734620176255703, 0.008167373016476631, 0.008066078647971153, 0.007666944060474634, 0.007641394156962633, 0.008219423703849316, 0.008520543575286865, 0.008048644289374352, 0.007784726098179817, 0.007789307739585638, 0.008185154758393764, 0.0075446260161697865, 0.007537820376455784, 0.007487731985747814, 0.007762512192130089, 0.00899360328912735, 0.009051622822880745, 0.007549039088189602, 0.007608724758028984, 0.007553922478109598, 0.007581673562526703, 0.008708884939551353, 0.008558126166462898, 0.006773264613002539, 0.006913792807608843, 0.00753831909969449, 0.007469452917575836, 0.007308313623070717, 0.007650650106370449, 0.007323911413550377, 0.007767869159579277, 0.008490044623613358, 0.008408480323851109, 0.007453178055584431, 0.007115335203707218, 0.00852162204682827, 0.00865766778588295, 0.00847399141639471, 0.008541930466890335, 0.007513280492275953, 0.007375035900622606, 0.006529428996145725, 0.007005013525485992, 0.007658755406737328, 0.007989287376403809, 0.0076469434425234795, 0.007342914119362831, 0.0067459153942763805, 0.006700035650283098, 0.00744641711935401, 0.0073862746357917786, 0.006878426298499107, 0.006659695412963629, 0.006744352634996176, 0.006768256891518831, 0.0065943836234509945, 0.006594434846192598, 0.006078903563320637, 0.006411217153072357, 0.007089519407600164, 0.00727090472355485, 0.006992952898144722, 0.006880805362015963, 0.006487708073109388, 0.006795457098633051, 0.006620132829993963, 0.00735399778932333, 0.007633496541529894, 0.007625486236065626], "gru_regularizer_loss": [0.13696891069412231, 0.13516996800899506, 0.12921515107154846, 0.13227565586566925, 0.1297052800655365, 0.12953001260757446, 0.1375139057636261, 0.1346009522676468, 0.14835649728775024, 0.14237409830093384, 0.12701404094696045, 0.1297156661748886, 0.12401561439037323, 0.12284588813781738, 0.12308824062347412, 0.1238931268453598, 0.13239365816116333, 0.12784980237483978, 0.13008913397789001, 0.12994003295898438, 0.1344209462404251, 0.13146202266216278, 0.12418803572654724, 0.12266986817121506, 0.1252993941307068, 0.12177775800228119, 0.11904825270175934, 0.12012020498514175, 0.11733468621969223, 0.12219825387001038, 0.11838327348232269, 0.12113353610038757, 0.129177987575531, 0.12500713765621185, 0.12849918007850647, 0.12628816068172455, 0.1195206567645073, 0.1221795603632927, 0.13566958904266357, 0.13079124689102173, 0.12498626857995987, 0.1269719898700714, 0.13185565173625946, 0.12734872102737427, 0.12958642840385437, 0.12918055057525635, 0.12725277245044708, 0.12709182500839233, 0.13606557250022888, 0.13301785290241241, 0.12985427677631378, 0.12762440741062164, 0.12676513195037842, 0.12496500462293625, 0.12878891825675964, 0.12660884857177734, 0.13290496170520782, 0.1301712840795517, 0.11852692067623138, 0.12143847346305847, 0.1218794733285904, 0.1242586225271225, 0.12771844863891602, 0.12565049529075623, 0.13118043541908264, 0.1246793270111084, 0.12354109436273575, 0.1238132193684578, 0.12099366635084152, 0.12150749564170837, 0.1287965029478073, 0.12457890063524246, 0.11963098496198654, 0.12214454263448715, 0.12029637396335602, 0.12309164553880692, 0.13397130370140076, 0.12914375960826874, 0.1269903928041458, 0.12496282160282135, 0.1310860514640808, 0.1284715235233307, 0.12958963215351105, 0.12518709897994995, 0.12724094092845917, 0.12507082521915436, 0.13350383937358856, 0.13060668110847473, 0.12462584674358368, 0.1266299933195114, 0.12527987360954285, 0.12516885995864868, 0.12860611081123352, 0.12433849275112152, 0.12366937100887299, 0.12555138766765594, 0.12465479224920273, 0.12824437022209167, 0.12881244719028473, 0.1263703554868698],