{"loss": [0.021493706852197647, 0.025590240955352783, 0.043537650257349014, 0.04162399470806122, 0.0314093641936779, 0.031159868463873863, 0.035917073488235474, 0.035202812403440475, 0.022775202989578247, 0.022444942966103554, 0.029386794194579124, 0.02999783307313919, 0.02600446715950966, 0.024890605360269547, 0.02638133056461811, 0.02527577430009842, 0.02979038655757904, 0.030518101528286934, 0.022748885676264763, 0.02247428335249424, 0.024141237139701843, 0.02323237434029579, 0.025048134848475456, 0.02517416514456272, 0.020094726234674454, 0.021248651668429375, 0.02018808014690876, 0.02093672752380371, 0.024326223880052567, 0.02375151216983795, 0.021545076742768288, 0.02279278077185154, 0.02342623472213745, 0.023287059739232063, 0.01905183307826519, 0.019928012043237686, 0.02361437678337097, 0.023218367248773575, 0.023716049268841743, 0.02344731241464615, 0.0206487737596035, 0.019836874678730965, 0.024060115218162537, 0.0236540287733078, 0.022952664643526077, 0.02258305251598358, 0.01934639737010002, 0.020206693559885025, 0.01989607885479927, 0.020754985511302948, 0.02171248570084572, 0.02159832790493965, 0.020086292177438736, 0.019893189892172813, 0.019010478630661964, 0.018626175820827484, 0.019432274624705315, 0.01889989525079727, 0.017764154821634293, 0.018207933753728867], "position_loss": [0.009029657579958439, 0.011066962964832783, 0.01996774598956108, 0.01908241957426071, 0.013990836217999458, 0.013891302980482578, 0.016160450875759125, 0.01582612469792366, 0.009462404064834118, 0.009376106783747673, 0.01290283352136612, 0.013224093243479729, 0.011320355348289013, 0.010804176330566406, 0.011498558335006237, 0.011003486812114716, 0.013320107012987137, 0.013629193417727947, 0.00976403709501028, 0.009644759818911552, 0.010412241332232952, 0.010031383484601974, 0.010817786678671837, 0.010915213264524937, 0.008432665839791298, 0.008994923904538155, 0.00854176003485918, 0.00887412391602993, 0.010554223321378231, 0.010310232639312744, 0.009235336445271969, 0.009805704466998577, 0.010042617097496986, 0.010005805641412735, 0.00789872370660305, 0.008308906108140945, 0.010087303817272186, 0.009939603507518768, 0.010033742524683475, 0.009937143884599209, 0.008405961096286774, 0.008097168058156967, 0.010198461823165417, 0.010025718249380589, 0.00981854647397995, 0.009647851809859276, 0.00796128436923027, 0.008399948477745056, 0.008200215175747871, 0.0086175836622715, 0.009091698564589024, 0.009066599421203136, 0.008337650448083878, 0.008267692290246487, 0.007759046740829945, 0.007618988398462534, 0.007972910068929195, 0.007760254200547934, 0.007164709735661745, 0.007388475816696882], "gru_regularizer_loss": [0.15815570950508118, 0.15880104899406433, 0.1601422131061554, 0.15372334420681, 0.1577410101890564, 0.15483933687210083, 0.1609233319759369, 0.15965484082698822, 0.16738104820251465, 0.16246895492076874, 0.15825100243091583, 0.15835519134998322, 0.15665166079998016, 0.15330857038497925, 0.15890975296497345, 0.15345695614814758, 0.14863969385623932, 0.15309913456439972, 0.1530160903930664, 0.15151788294315338, 0.15582126379013062, 0.14966970682144165, 0.15606749057769775, 0.15403318405151367, 0.1488305926322937, 0.1516115367412567, 0.14654597640037537, 0.15054640173912048, 0.15292277932167053, 0.14881765842437744, 0.14326724410057068, 0.1488388180732727, 0.1532479226589203, 0.15161491930484772, 0.14780494570732117, 0.1508885622024536, 0.1560167521238327, 0.1519864946603775, 0.1575576812028885, 0.15542231500148773, 0.16258178651332855, 0.15558484196662903, 0.15763729810714722, 0.15555989742279053, 0.1510733664035797, 0.1497582495212555, 0.1512986421585083, 0.15171462297439575, 0.15123313665390015, 0.15420621633529663, 0.154990553855896, 0.15314413607120514, 0.15241144597530365, 0.15085464715957642, 0.15604311227798462, 0.15194502472877502, 0.15648961067199707, 0.15228863060474396, 0.15115363895893097, 0.15193699300289154], "l2_xdx_activation_loss": [0.0006172663997858763, 0.000622422550804913, 0.0006665679393336177, 0.0006402952130883932, 0.0006164155784063041, 0.0006092772237025201, 0.0006619681953452528, 0.0006509926170110703, 0.000725183286704123, 0.0006890016957186162, 0.0006658603670075536, 0.0006550193065777421, 0.0005987346521578729, 0.0005827104323543608, 0.0005980271380394697, 0.0005777321639470756, 0.0005542464787140489, 0.0005758959450758994, 0.0005632041138596833, 0.0005561825237236917, 0.0005858345539309084, 0.0005572905065491796, 0.000616949750110507, 0.0006007901392877102, 0.0005800171638838947, 0.0005805512191727757, 0.0005460205138660967, 0.0005606591585092247, 0.0005625038174912333, 0.0005472775083035231, 0.0005468982271850109, 0.00056398258311674, 0.0006024948670528829, 0.0005860879900865257, 0.0005917659727856517, 0.0006000911816954613, 0.0006261877133511007, 0.0006060853484086692, 0.0006906496710143983, 0.0006725870771333575, 0.0007366647478193045, 0.0006952167605049908, 0.0006952594849281013, 0.0006819842383265495, 0.0006012661615386605, 0.0005962422583252192, 0.0006366014713421464, 0.0006295374478213489, 0.0006607589893974364, 0.0006589051336050034, 0.0006593814468942583, 0.0006442164303734899, 0.0006286119460128248, 0.0006160726770758629, 0.0006436376716010273, 0.0006225691759027541, 0.0006401726859621704, 0.0006184869562275708, 0.0006407196051441133, 0.0006368572940118611]}