{"loss": [0.020014232024550438, 0.024791710078716278, 0.04532158747315407, 0.044573910534381866, 0.03526456281542778, 0.035958584398031235, 0.038441773504018784, 0.03691501542925835, 0.03192298114299774, 0.030862957239151, 0.03352179005742073, 0.036084260791540146, 0.033326297998428345, 0.03360928222537041, 0.026671260595321655, 0.02595962956547737, 0.028423475101590157, 0.029898259788751602, 0.029680125415325165, 0.029432538896799088, 0.022389793768525124, 0.02224593795835972, 0.025325367227196693, 0.02620691806077957, 0.02854602225124836, 0.027474097907543182, 0.026499483734369278, 0.025830816477537155, 0.022795265540480614, 0.02271995320916176, 0.027223549783229828, 0.027179677039384842, 0.02347099594771862, 0.02379758469760418, 0.024509135633707047, 0.02337377518415451, 0.024839093908667564, 0.02520730160176754, 0.023412175476551056, 0.023973936215043068, 0.02527647651731968, 0.024859171360731125, 0.02103402093052864, 0.021746238693594933, 0.021783974021673203, 0.021614952012896538, 0.022567270323634148, 0.0216843169182539, 0.021936893463134766, 0.021379470825195312, 0.01825168915092945, 0.01932845264673233, 0.02002851665019989, 0.0203032698482275, 0.0210347231477499, 0.02035612054169178, 0.020302092656493187, 0.02037871442735195, 0.021776407957077026, 0.02120571956038475], "position_loss": [0.007877428084611893, 0.010211383923888206, 0.02076161652803421, 0.020346488803625107, 0.015523536130785942, 0.015889182686805725, 0.016940372064709663, 0.016276441514492035, 0.013745193369686604, 0.013308154419064522, 0.014975914731621742, 0.016172334551811218, 0.014886021614074707, 0.014952782541513443, 0.011476520448923111, 0.011154074221849442, 0.012306474149227142, 0.013021277263760567, 0.012897239066660404, 0.012789883650839329, 0.009358094073832035, 0.00929956417530775, 0.010936123318970203, 0.011322089470922947, 0.01242894772440195, 0.011945202015340328, 0.01134757325053215, 0.011069033294916153, 0.009459340944886208, 0.009479876607656479, 0.011748922057449818, 0.011728200130164623, 0.009987572208046913, 0.010121222585439682, 0.010406920686364174, 0.00992174819111824, 0.010594584979116917, 0.01078738272190094, 0.009975931607186794, 0.010228028520941734, 0.010799556039273739, 0.01063691545277834, 0.008715319447219372, 0.00902971439063549, 0.009087588638067245, 0.00901571661233902, 0.0093784024938941, 0.009011801332235336, 0.009039664641022682, 0.008811199106276035, 0.007380623836070299, 0.007875864394009113, 0.008125857450067997, 0.00825236365199089, 0.008629330433905125, 0.008342433720827103, 0.008297461085021496, 0.008347035385668278, 0.008974885568022728, 0.008730555884540081], "gru_regularizer_loss": [0.1966726928949356, 0.2026176154613495, 0.1899004429578781, 0.1912207305431366, 0.19586525857448578, 0.19466692209243774, 0.2064674347639084, 0.20025965571403503, 0.20202511548995972, 0.19628959894180298, 0.1758202314376831, 0.18504422903060913, 0.17730113863945007, 0.18392331898212433, 0.18610996007919312, 0.18238310515880585, 0.1837497055530548, 0.1862858235836029, 0.18657387793064117, 0.18548740446567535, 0.18254926800727844, 0.18189957737922668, 0.17411686480045319, 0.1798974871635437, 0.18352079391479492, 0.17926906049251556, 0.18643619120121002, 0.18203411996364594, 0.18781447410583496, 0.1834697127342224, 0.18287503719329834, 0.1823132485151291, 0.17624281346797943, 0.17870758473873138, 0.18520943820476532, 0.17793391644954681, 0.17818519473075867, 0.1795068383216858, 0.1715131253004074, 0.17618824541568756, 0.18136686086654663, 0.1772400140762329, 0.17397381365299225, 0.1788395643234253, 0.1764650195837021, 0.17583011090755463, 0.1841994971036911, 0.17719000577926636, 0.18248850107192993, 0.1783429980278015, 0.16999316215515137, 0.17494696378707886, 0.1769549399614334, 0.17906683683395386, 0.1803407371044159, 0.17622224986553192, 0.17659522593021393, 0.17581678926944733, 0.18095111846923828, 0.1771528720855713], "l2_xdx_activation_loss": [0.0007638728711754084, 0.0007805784698575735, 0.0006327739683911204, 0.000655899231787771, 0.0007526024710386992, 0.0007441728957928717, 0.0008317744941450655, 0.000786167336627841, 0.0008037714287638664, 0.0007609085878357291, 0.0006035770056769252, 0.0006293735932558775, 0.000593404402025044, 0.0006211509462445974, 0.0006186965038068593, 0.0006088729132898152, 0.0006573324208147824, 0.0006639381754212081, 0.0006729589076712728, 0.0006656218320131302, 0.0006156938034109771, 0.0006089279777370393, 0.0005703065544366837, 0.0005875771748833358, 0.0006172955618239939, 0.0005966565804556012, 0.0006463140016421676, 0.0006237917696125805, 0.0006658026250079274, 0.0006414901581592858, 0.0006319746607914567, 0.0006330375326797366, 0.0005774640594609082, 0.0005890111206099391, 0.0006140554323792458, 0.0005833023460581899, 0.0006223468226380646, 0.0006121453479863703, 0.0005813830066472292, 0.0005849883309565485, 0.0006208878476172686, 0.0006039694417268038, 0.0006208706181496382, 0.0006324604619294405, 0.0006143717910163105, 0.0006080623134039342, 0.0006558132008649409, 0.0006292604957707226, 0.0006772157503291965, 0.0006575367297045887, 0.0005964931333437562, 0.0006087412475608289, 0.0006687399582006037, 0.0006689471774734557, 0.0006572077400051057, 0.000635999720543623, 0.0006467288476414979, 0.0006418148404918611, 0.0006720310193486512, 0.0006573491846211255]}