{"loss": [0.01922678016126156, 0.022314051166176796, 0.04288991168141365, 0.04078350588679314, 0.02473415993154049, 0.025776781141757965, 0.027950944378972054, 0.02751966565847397, 0.028481578454375267, 0.027745239436626434, 0.03272057697176933, 0.0314764641225338, 0.0261458158493042, 0.026912465691566467, 0.025057394057512283, 0.02562469057738781, 0.024354055523872375, 0.024067610502243042, 0.027170293033123016, 0.026668675243854523, 0.021068492904305458, 0.02086300402879715, 0.02107500657439232, 0.02094755880534649, 0.01921345666050911, 0.019338790327310562, 0.02087096869945526, 0.021105563268065453, 0.019347917288541794, 0.019397007301449776, 0.02111867256462574, 0.02116900309920311, 0.018275776877999306, 0.018417052924633026, 0.02003740705549717, 0.02089034579694271, 0.016705036163330078, 0.01807139255106449, 0.020845869556069374, 0.02033364586532116, 0.019697114825248718, 0.019602907821536064, 0.019075186923146248, 0.019430723041296005, 0.019868742674589157, 0.019474897533655167, 0.01851077191531658, 0.018273375928401947, 0.01858001947402954, 0.01861782744526863, 0.018816815689206123, 0.018680565059185028, 0.01887974701821804, 0.018622688949108124, 0.017798949033021927, 0.01850886270403862, 0.018158460035920143, 0.017907237634062767, 0.01823565550148487, 0.018081096932291985, 0.01836092583835125, 0.017889659851789474, 0.01673210971057415, 0.016810603439807892, 0.017808618023991585, 0.01768602803349495, 0.017697712406516075, 0.017795376479625702, 0.019471580162644386, 0.018947400152683258, 0.017031585797667503, 0.017841815948486328, 0.018513072282075882, 0.018896380439400673, 0.019614191725850105, 0.019129475578665733, 0.017171217128634453, 0.01735907979309559, 0.019316542893648148, 0.019186055287718773, 0.01735442690551281, 0.01765500195324421, 0.018710875883698463, 0.01829960010945797, 0.020274978131055832, 0.019592395052313805, 0.017475420609116554, 0.01761706918478012, 0.018012017011642456, 0.01820455677807331, 0.018278297036886215, 0.018367283046245575, 0.019295455887913704, 0.018183140084147453, 0.017137108370661736, 0.01763569377362728, 0.01637045107781887, 0.016635742038488388, 0.018951382488012314, 0.018816648051142693], "position_loss": [0.0080268494784832, 0.009574856609106064, 0.019838029518723488, 0.01881127804517746, 0.010506285354495049, 0.011096062138676643, 0.01217988133430481, 0.012006261385977268, 0.012586252763867378, 0.012241018936038017, 0.014853482134640217, 0.014209066517651081, 0.011623978614807129, 0.011976231820881367, 0.011019246652722359, 0.011283968575298786, 0.01055643055588007, 0.010463763028383255, 0.012047480791807175, 0.011821202002465725, 0.009013112634420395, 0.008935913443565369, 0.009023492224514484, 0.008989263325929642, 0.008064397610723972, 0.008150498382747173, 0.008889919146895409, 0.00901480857282877, 0.008152473717927933, 0.008207455277442932, 0.009085309691727161, 0.009108303114771843, 0.007642475422471762, 0.007724761962890625, 0.008572597056627274, 0.008948784321546555, 0.00691983150318265, 0.0075298938900232315, 0.008825707249343395, 0.008616141974925995, 0.008302351459860802, 0.00827652495354414, 0.007993826642632484, 0.008154688403010368, 0.008335360325872898, 0.008159165270626545, 0.00761594669893384, 0.007535080891102552, 0.007626358885318041, 0.007676939945667982, 0.007669719401746988, 0.0076349345035851, 0.007629111874848604, 0.007572542410343885, 0.00735689140856266, 0.007665025535970926, 0.007395243272185326, 0.007311632391065359, 0.00740354647859931, 0.007350077386945486, 0.007545066066086292, 0.007356612011790276, 0.006723531521856785, 0.006779973860830069, 0.007291531190276146, 0.007256889715790749, 0.007279021665453911, 0.0073502021841704845, 0.008054780773818493, 0.00785258412361145, 0.007006042171269655, 0.007361872121691704, 0.007641841657459736, 0.007834834977984428, 0.00809018686413765, 0.00791199877858162, 0.0069555360823869705, 0.007073873654007912, 0.008041410706937313, 0.007999100722372532, 0.007010962814092636, 0.007161064073443413, 0.0076216538436710835, 0.007490538060665131, 0.008355752564966679, 0.008089518174529076, 0.007087563164532185, 0.00717788003385067, 0.007355187088251114, 0.00744646368548274, 0.007468737196177244, 0.007547890301793814, 0.007959042675793171, 0.007492017466574907, 0.0069749923422932625, 0.007196701131761074, 0.0065377140417695045, 0.006677072960883379, 0.007815740071237087, 0.007769336458295584], "gru_regularizer_loss": [0.1538524329662323, 0.15304067730903625, 0.1559617817401886, 0.15450602769851685, 0.1611488163471222, 0.15855972468852997, 0.15893402695655823, 0.15688036382198334, 0.15393808484077454, 0.1505492627620697, 0.1468493640422821, 0.14668363332748413, 0.14177528023719788, 0.14392048120498657, 0.14333602786064148, 0.1450243443250656, 0.15168163180351257, 0.1476876437664032, 0.14862391352653503, 0.14707905054092407, 0.14780446887016296, 0.14635606110095978, 0.14730754494667053, 0.14576274156570435, 0.14790937304496765, 0.14644896984100342, 0.14748692512512207, 0.14826838672161102, 0.1472771167755127, 0.14563630521297455, 0.14282555878162384, 0.1441032439470291, 0.1450912207365036, 0.1439991444349289, 0.1390714943408966, 0.14340688288211823, 0.1361016482114792, 0.1429205983877182, 0.14857086539268494, 0.144640251994133, 0.14452478289604187, 0.14337791502475739, 0.1430227905511856, 0.14462347328662872, 0.14624059200286865, 0.14494630694389343, 0.14764656126499176, 0.1459157019853592, 0.14842723309993744, 0.14683479070663452, 0.15169468522071838, 0.14980114996433258, 0.1544273942708969, 0.14974011480808258, 0.1397399604320526, 0.14393529295921326, 0.1481916606426239, 0.14639940857887268, 0.14937934279441833, 0.14785230159759521, 0.1486697494983673, 0.1446988731622696, 0.14705848693847656, 0.1456526517868042, 0.14631511270999908, 0.1447533518075943, 0.14405958354473114, 0.14261195063591003, 0.14999064803123474, 0.14579133689403534, 0.13904230296611786, 0.14308319985866547, 0.14447800815105438, 0.14533543586730957, 0.15112218260765076, 0.14661379158496857, 0.14648878574371338, 0.1448720544576645, 0.1453929990530014, 0.14392045140266418, 0.14522653818130493, 0.14618656039237976, 0.1509222388267517, 0.14625784754753113, 0.1515466719865799, 0.14682304859161377, 0.14588475227355957, 0.14449261128902435, 0.1439266800880432, 0.1449923813343048, 0.14538447558879852, 0.143643319606781, 0.14959535002708435, 0.14282214641571045, 0.14203017950057983, 0.14363090693950653, 0.14427508413791656, 0.14496243000030518, 0.14574560523033142, 0.14426761865615845],