{"loss": [0.020679231733083725, 0.0233987495303154, 0.03832218796014786, 0.03717134892940521, 0.02749856747686863, 0.028638998046517372, 0.02608480677008629, 0.02708624117076397, 0.029489025473594666, 0.030481619760394096, 0.03468036651611328, 0.03226099908351898, 0.02232475019991398, 0.02188137173652649, 0.021834930405020714, 0.022318992763757706, 0.024371841922402382, 0.025316746905446053, 0.020927557721734047, 0.0202949121594429, 0.02032645419239998, 0.02092558518052101, 0.02352040633559227, 0.022997302934527397, 0.02007996290922165, 0.01983855850994587, 0.018861528486013412, 0.0189149621874094, 0.020345624536275864, 0.02004023641347885, 0.02074018493294716, 0.01953130029141903, 0.019079379737377167, 0.018841270357370377, 0.01984502002596855, 0.020070217549800873, 0.017945045605301857, 0.01772288978099823, 0.01691902056336403, 0.01846419833600521, 0.018223704770207405, 0.017847461625933647, 0.018874449655413628, 0.017974264919757843, 0.019069068133831024, 0.018249565735459328, 0.017409751191735268, 0.017391592264175415, 0.018673529848456383, 0.018900785595178604, 0.016902482137084007, 0.017694659531116486, 0.01787230744957924, 0.0176338329911232, 0.018748726695775986, 0.018125809729099274, 0.018273236230015755, 0.019043559208512306, 0.017242519184947014, 0.018644127994775772, 0.02109432779252529, 0.020625600591301918, 0.018083887174725533, 0.018021665513515472, 0.020003126934170723, 0.020380347967147827, 0.018670756369829178, 0.018605103716254234, 0.019840411841869354, 0.019907809793949127, 0.017265580594539642, 0.017669446766376495, 0.0195492971688509, 0.018790386617183685, 0.014873862266540527, 0.016292870044708252, 0.016954151913523674, 0.016555342823266983, 0.017125204205513, 0.016967840492725372, 0.01683824509382248, 0.01641256734728813, 0.015929024666547775, 0.015998341143131256, 0.01714586652815342, 0.016673358157277107, 0.016467919573187828, 0.016036851331591606, 0.014901557005941868, 0.016164563596248627, 0.01721973903477192, 0.017213409766554832, 0.017065702006220818, 0.0166024062782526, 0.01853577047586441, 0.017588630318641663, 0.015990233048796654, 0.016451582312583923, 0.016949215903878212, 0.017038308084011078], "position_loss": [0.00894226785749197, 0.01030026562511921, 0.017715217545628548, 0.01719331555068493, 0.012407452799379826, 0.012960759922862053, 0.011702921241521835, 0.01215390395373106, 0.013508744537830353, 0.013920489698648453, 0.015950262546539307, 0.014841769821941853, 0.00988548994064331, 0.009685118682682514, 0.009532387368381023, 0.009811051189899445, 0.010763253085315228, 0.011207904666662216, 0.00908487569540739, 0.008809207938611507, 0.00887343194335699, 0.009125684387981892, 0.010409981943666935, 0.01017669029533863, 0.008655604906380177, 0.008559118956327438, 0.0080081382766366, 0.00805852934718132, 0.008773253299295902, 0.008650952018797398, 0.008859021589159966, 0.008339211344718933, 0.00814592931419611, 0.008064722642302513, 0.008587216958403587, 0.008692847564816475, 0.007477545645087957, 0.007404119707643986, 0.007139312569051981, 0.007857613265514374, 0.007612959016114473, 0.007485807873308659, 0.007934109307825565, 0.007563715800642967, 0.007969100028276443, 0.007647157646715641, 0.0071778930723667145, 0.007203991990536451, 0.007892120629549026, 0.00802399031817913, 0.007109207566827536, 0.007470896001905203, 0.007504577748477459, 0.007408164441585541, 0.007884358987212181, 0.007653628010302782, 0.007773213554173708, 0.008101757615804672, 0.007222231011837721, 0.007846979424357414, 0.008903946727514267, 0.008733578957617283, 0.007576770149171352, 0.007572573143988848, 0.008570145815610886, 0.008750464767217636, 0.007820505648851395, 0.007799073122441769, 0.008501464501023293, 0.008530821651220322, 0.007185716647654772, 0.0073798904195427895, 0.008193392306566238, 0.00787966325879097, 0.006027294788509607, 0.006641445681452751, 0.006978818215429783, 0.00683596869930625, 0.007038177456706762, 0.006992774549871683, 0.0069154356606304646, 0.006750104483217001, 0.006445718929171562, 0.006506726611405611, 0.007071454077959061, 0.006881650071591139, 0.006718826480209827, 0.006560289766639471, 0.006125575862824917, 0.006682853680104017, 0.007052048575133085, 0.007077088579535484, 0.007032494992017746, 0.006846514530479908, 0.007730213459581137, 0.007341806311160326, 0.006559180095791817, 0.006769756320863962, 0.0070138368755578995, 0.007048503495752811], "gru_regularizer_loss": [0.11695036292076111, 0.11839607357978821, 0.12382601946592331, 0.11970898509025574, 0.11431615054607391, 0.11763463914394379, 0.11038696020841599, 0.11641547083854675, 0.10686372965574265, 0.11179289221763611, 0.11874379962682724, 0.11062412708997726, 0.1113109290599823, 0.110475555062294, 0.11550112068653107, 0.11400908976793289, 0.11295391619205475, 0.11628332734107971, 0.11560492217540741, 0.11222174763679504, 0.10856471955776215, 0.11079777777194977, 0.1132512092590332, 0.11023714393377304, 0.11366982012987137, 0.11251214146614075, 0.11419057101011276, 0.11299652606248856, 0.11443811655044556, 0.11309262365102768, 0.12165052443742752, 0.11523398756980896, 0.11519947648048401, 0.1118139922618866, 0.10945890098810196, 0.11090783029794693, 0.11610453575849533, 0.11456481367349625, 0.10654996335506439, 0.11233459413051605, 0.11857262253761292, 0.11462877690792084, 0.12001477181911469, 0.11381670832633972, 0.12060429155826569, 0.11430486291646957, 0.11729933321475983, 0.11571036279201508, 0.11439930647611618, 0.11311222612857819, 0.10794571787118912, 0.11152121424674988, 0.11303962022066116, 0.11193139106035233, 0.11751169711351395, 0.11154124140739441, 0.10738135874271393, 0.11143337190151215, 0.1058618500828743, 0.1120717003941536, 0.12007801234722137, 0.11600438505411148, 0.11358971893787384, 0.11238440126180649, 0.1109248474240303, 0.1121508926153183, 0.11468762159347534, 0.11356532573699951, 0.11151841282844543, 0.11087724566459656, 0.10987278819084167, 0.11119583249092102, 0.11726906895637512, 0.11341917514801025, 0.10664799809455872, 0.11311493813991547, 0.11558549106121063, 0.11188515275716782, 0.11452559381723404, 0.11306300759315491, 0.1145811378955841, 0.11102787405252457, 0.11380064487457275, 0.1124400720000267, 0.11480321735143661, 0.11120104789733887, 0.11524646729230881, 0.11154251545667648, 0.10289692878723145, 0.10909315943717957, 0.11596422642469406, 0.11436912417411804, 0.11409173160791397, 0.1106051504611969, 0.11754876375198364, 0.11147230118513107, 0.11039476096630096, 0.11155596375465393, 0.1099151223897934, 0.11116727441549301],