{"loss": [0.021416768431663513, 0.023416569456458092, 0.04705600067973137, 0.04616508632898331, 0.02547670528292656, 0.026265205815434456, 0.035332176834344864, 0.034239623695611954, 0.03269042819738388, 0.03213031589984894, 0.030515210703015327, 0.030111802741885185, 0.02961583435535431, 0.02894597500562668, 0.01990358531475067, 0.020535744726657867, 0.022670572623610497, 0.02259158343076706, 0.022061504423618317, 0.021680917590856552, 0.01926107332110405, 0.019596194848418236, 0.023078441619873047, 0.023297952488064766, 0.019370969384908676, 0.01997218281030655, 0.01874457858502865, 0.019247878342866898, 0.019533276557922363, 0.020202672109007835, 0.017889272421598434, 0.018139075487852097, 0.01739989034831524, 0.018657270818948746, 0.01965918019413948, 0.01871718093752861, 0.016010046005249023, 0.017227396368980408, 0.01986530050635338, 0.02007114700973034, 0.01692693494260311, 0.01740996725857258, 0.018720535561442375, 0.018740281462669373, 0.016102679073810577, 0.016546912491321564, 0.01910979673266411, 0.01823027990758419, 0.017881037667393684, 0.01759631186723709, 0.019583653658628464, 0.019794639199972153, 0.018555734306573868, 0.018637999892234802, 0.016392216086387634, 0.017651613801717758, 0.018976036459207535, 0.018361758440732956, 0.017260976135730743, 0.017267538234591484, 0.01805872470140457, 0.01791873387992382, 0.018076449632644653, 0.017875460907816887, 0.015851937234401703, 0.01667758636176586, 0.019699759781360626, 0.019367890432476997, 0.018934020772576332, 0.018640803173184395, 0.01680849678814411, 0.017740216106176376, 0.021116919815540314, 0.02046261541545391, 0.017780080437660217, 0.017713822424411774, 0.017851147800683975, 0.017971210181713104, 0.017673224210739136, 0.01743370108306408, 0.01663804054260254, 0.017368538305163383, 0.017573514953255653, 0.018277980387210846, 0.016362600028514862, 0.016509123146533966, 0.01717584952712059, 0.017016753554344177, 0.016251878812909126, 0.016979755833745003, 0.020192017778754234, 0.020076055079698563, 0.016994699835777283, 0.017389260232448578, 0.01828176900744438, 0.017989996820688248, 0.020137492567300797, 0.019571667537093163, 0.018748629838228226, 0.018827365711331367], "position_loss": [0.009015252813696861, 0.010135417804121971, 0.02210916206240654, 0.02160874381661415, 0.011297278106212616, 0.011717232875525951, 0.015955718234181404, 0.015491664409637451, 0.014664461836218834, 0.014463130384683609, 0.01368045900017023, 0.013501014560461044, 0.013418870978057384, 0.013048280030488968, 0.008561019785702229, 0.008846834301948547, 0.009840156883001328, 0.009840489365160465, 0.00957258976995945, 0.009398584254086018, 0.008215241134166718, 0.008366700261831284, 0.010036356747150421, 0.010141587816178799, 0.008210414089262486, 0.008475154638290405, 0.007896501570940018, 0.008140567690134048, 0.008376071229577065, 0.00866211112588644, 0.0074768043123185635, 0.007591703906655312, 0.007282227277755737, 0.007836146280169487, 0.008234028704464436, 0.00784715823829174, 0.006600081920623779, 0.007121232803910971, 0.008480672724545002, 0.008553934283554554, 0.006981304846704006, 0.007212348282337189, 0.007775164674967527, 0.007812811993062496, 0.0065456866286695, 0.006766302045434713, 0.007979178801178932, 0.007625306025147438, 0.0073585533536970615, 0.007260535378009081, 0.008207934908568859, 0.008342375978827477, 0.007780380081385374, 0.007811915595084429, 0.006766594015061855, 0.007323257625102997, 0.007908307015895844, 0.007652422413229942, 0.007092518266290426, 0.007120769936591387, 0.007541796192526817, 0.007478202227503061, 0.007616291753947735, 0.007522068917751312, 0.00652523897588253, 0.006877575535327196, 0.0082444092258811, 0.008135010488331318, 0.007881536148488522, 0.007767396047711372, 0.0069578588008880615, 0.007382137235254049, 0.009024393744766712, 0.008744973689317703, 0.007387821562588215, 0.007372626103460789, 0.007310603279620409, 0.007398495450615883, 0.007269624620676041, 0.007182543631643057, 0.006844446528702974, 0.007166097406297922, 0.007379306014627218, 0.007687300443649292, 0.006688643246889114, 0.006769297644495964, 0.007120154332369566, 0.00707087991759181, 0.006631406489759684, 0.006953930016607046, 0.008603724651038647, 0.008571641519665718, 0.007083709351718426, 0.007268404122442007, 0.007536172866821289, 0.007441320456564426, 0.008434772491455078, 0.008201805874705315, 0.007810329087078571, 0.007885483093559742], "gru_regularizer_loss": [0.13483181595802307, 0.1256522536277771, 0.1174309253692627, 0.12045302987098694, 0.11981567740440369, 0.1191205307841301, 0.13173337280750275, 0.12698595225811005, 0.1318189799785614, 0.12741267681121826, 0.12458248436450958, 0.12353277206420898, 0.11597074568271637, 0.11787435412406921, 0.1140347421169281, 0.11604413390159607, 0.11959969997406006, 0.11633875966072083, 0.11862516403198242, 0.11786254495382309, 0.11685976386070251, 0.1182495653629303, 0.1172708123922348, 0.11849570274353027, 0.11530386656522751, 0.11879906058311462, 0.11637596786022186, 0.11783185601234436, 0.11233851313591003, 0.11628635972738266, 0.11456133425235748, 0.11590417474508286, 0.11129443347454071, 0.11744899302721024, 0.1229877918958664, 0.11716394871473312, 0.10990633070468903, 0.1163804680109024, 0.11333605647087097, 0.11516700685024261, 0.1146036759018898, 0.11593464016914368, 0.12018682062625885, 0.1186968982219696, 0.1154652014374733, 0.11672410368919373, 0.12128579616546631, 0.11537913233041763, 0.11905224621295929, 0.11753830313682556, 0.11932366341352463, 0.1177348718047142, 0.1142558753490448, 0.115620456635952, 0.10849609971046448, 0.11466995626688004, 0.1182788610458374, 0.11488069593906403, 0.11615084111690521, 0.11508035659790039, 0.11393539607524872, 0.113404780626297, 0.11318974196910858, 0.1124548614025116, 0.10955233126878738, 0.11373644322156906, 0.11896546185016632, 0.11538048833608627, 0.1166163831949234, 0.11531993001699448, 0.1105557382106781, 0.11450604349374771, 0.1167096495628357, 0.11347843706607819, 0.11428990960121155, 0.11326209455728531, 0.11792775988578796, 0.1165342703461647, 0.11649473756551743, 0.11522302031517029, 0.1100141853094101, 0.1137910932302475, 0.10852348804473877, 0.1123410314321518, 0.11329661309719086, 0.11236434429883957, 0.11374363303184509, 0.11249824613332748, 0.11060622334480286, 0.11413979530334473, 0.11341897398233414, 0.11261096596717834, 0.11013752222061157, 0.11163493990898132, 0.1181645318865776, 0.11470545828342438, 0.11956869065761566, 0.1157396137714386, 0.11547818779945374, 0.11414115875959396],