{"loss": [0.019502680748701096, 0.022205732762813568, 0.04379976540803909, 0.043517664074897766, 0.030387088656425476, 0.03272179514169693, 0.040163375437259674, 0.039302997291088104, 0.02627531811594963, 0.02530585415661335, 0.03060894086956978, 0.030032379552721977, 0.03242693841457367, 0.03245957940816879, 0.024958357214927673, 0.024710675701498985, 0.02476971410214901, 0.025063885375857353, 0.022727759554982185, 0.022049061954021454, 0.021832486614584923, 0.02169863134622574, 0.023195547983050346, 0.022565243765711784, 0.018969779834151268, 0.018802786245942116, 0.018246084451675415, 0.018873456865549088, 0.017302095890045166, 0.017353883013129234, 0.016917947679758072, 0.017008809372782707, 0.01916469633579254, 0.018014956265687943, 0.01692979782819748, 0.017292842268943787, 0.01820528507232666, 0.01746860332787037, 0.015703456476330757, 0.016076700761914253, 0.017301902174949646, 0.016779430210590363, 0.017229150980710983, 0.016743142157793045, 0.01756211742758751, 0.0168929360806942, 0.01617838256061077, 0.01631743088364601, 0.016211990267038345, 0.016942918300628662, 0.017454903572797775, 0.01882000081241131, 0.01759875938296318, 0.018192358314990997, 0.019143782556056976, 0.019127780571579933, 0.01847340166568756, 0.01887037791311741, 0.01813165657222271, 0.01769452728331089, 0.020239710807800293, 0.01947495900094509, 0.018097123131155968, 0.018559398129582405, 0.016949528828263283, 0.017243076115846634, 0.017140503972768784, 0.016712119802832603, 0.01497503463178873, 0.015942241996526718, 0.016217242926359177, 0.016547001898288727, 0.016695771366357803, 0.016540298238396645, 0.015671562403440475, 0.016956619918346405, 0.019032014533877373, 0.018539762124419212, 0.017587091773748398, 0.017167171463370323, 0.019336014986038208, 0.01927901804447174, 0.016300255432724953, 0.016889097169041634, 0.017559239640831947, 0.017047611996531487, 0.017574019730091095, 0.017523523420095444, 0.01721489056944847, 0.017111025750637054, 0.016286183148622513, 0.016232162714004517, 0.017250292003154755, 0.017129139974713326, 0.016231629997491837, 0.015894390642642975, 0.01689692959189415, 0.01671537570655346, 0.018496233969926834, 0.017391420900821686], "position_loss": [0.008173619396984577, 0.009586561471223831, 0.02062845230102539, 0.02043272741138935, 0.01380860898643732, 0.014933314174413681, 0.01850803941488266, 0.018150903284549713, 0.011539258994162083, 0.011121182702481747, 0.013956774026155472, 0.013686534017324448, 0.014910092577338219, 0.014865461736917496, 0.011165034957230091, 0.01103989128023386, 0.010966195724904537, 0.01114732027053833, 0.009873904287815094, 0.009587857872247696, 0.009548314847052097, 0.00948876142501831, 0.010198269970715046, 0.009896031580865383, 0.008071666583418846, 0.008033356629312038, 0.007828515954315662, 0.008112803101539612, 0.00731399841606617, 0.007358688395470381, 0.00706331804394722, 0.0071412911638617516, 0.008073333650827408, 0.007586861029267311, 0.0070082154124975204, 0.00719846598803997, 0.007549299392849207, 0.007251010276377201, 0.006462303921580315, 0.006648309528827667, 0.007117355242371559, 0.006918590050190687, 0.007108725141733885, 0.006920131854712963, 0.007268599234521389, 0.006992830894887447, 0.006644312757998705, 0.006734171882271767, 0.006731103640049696, 0.007060581818223, 0.007335578091442585, 0.007965273223817348, 0.0073625193908810616, 0.007656676694750786, 0.008104882203042507, 0.00810678768903017, 0.007790843956172466, 0.007986665703356266, 0.007575473748147488, 0.007413588464260101, 0.008618292398750782, 0.008286204189062119, 0.0075975703075528145, 0.007818281650543213, 0.00701760221272707, 0.007160463370382786, 0.007035509217530489, 0.006874365732073784, 0.006045209243893623, 0.006493877619504929, 0.0066551510244607925, 0.006823026575148106, 0.006803966127336025, 0.0067502898164093494, 0.006356661207973957, 0.006936392281204462, 0.00792966689914465, 0.007748549338430166, 0.0072734160348773, 0.007110380567610264, 0.008039607666432858, 0.008020073175430298, 0.006656270008534193, 0.0069335829466581345, 0.00712067075073719, 0.006936101708561182, 0.007168433628976345, 0.0071622952818870544, 0.006972129922360182, 0.006946285720914602, 0.0065171741880476475, 0.0065242997370660305, 0.007024398073554039, 0.006984923500567675, 0.006600699853152037, 0.006483383011072874, 0.006955768447369337, 0.006883660331368446, 0.007539086509495974, 0.007091442588716745], "gru_regularizer_loss": [0.1287868171930313, 0.12484368681907654, 0.11330728232860565, 0.11781823635101318, 0.1167740672826767, 0.12216443568468094, 0.12747924029827118, 0.12306512892246246, 0.1298016905784607, 0.1253962367773056, 0.1205546036362648, 0.11775834113359451, 0.11284513771533966, 0.11543868482112885, 0.1136256605386734, 0.11315051466226578, 0.1176537573337555, 0.11655105650424957, 0.12284477055072784, 0.11909990757703781, 0.11892908811569214, 0.11820665001869202, 0.11741199344396591, 0.11641587316989899, 0.11815968155860901, 0.1144520565867424, 0.10991725325584412, 0.11324356496334076, 0.11465448141098022, 0.11350545287132263, 0.11543932557106018, 0.11372479796409607, 0.12116216123104095, 0.11515099555253983, 0.11512808501720428, 0.11582145094871521, 0.11985871940851212, 0.11598233133554459, 0.11169041693210602, 0.11318867653608322, 0.11862215399742126, 0.11491931974887848, 0.1167704313993454, 0.1134372130036354, 0.11749479919672012, 0.11408618092536926, 0.11419354379177094, 0.11311838030815125, 0.10956000536680222, 0.11315202713012695, 0.10800980776548386, 0.11344823241233826, 0.11242733150720596, 0.11336644738912582, 0.11318062245845795, 0.11413457989692688, 0.11239303648471832, 0.11342950910329819, 0.11612682789564133, 0.11271027475595474, 0.11576740443706512, 0.11257249861955643, 0.11108747869729996, 0.11220608651638031, 0.11193464696407318, 0.11313894391059875, 0.11699405312538147, 0.11366113275289536, 0.11093360185623169, 0.11402633786201477, 0.11150039732456207, 0.11287309229373932, 0.11534413695335388, 0.11418028920888901, 0.10820253938436508, 0.11382240802049637, 0.1173994168639183, 0.11388279497623444, 0.11665171384811401, 0.1132250502705574, 0.11510814726352692, 0.11606032401323318, 0.11154138296842575, 0.11299529671669006, 0.11925432085990906, 0.11548727005720139, 0.11654296517372131, 0.11544227600097656, 0.11764754354953766, 0.11648964881896973, 0.11710056662559509, 0.1156463623046875, 0.11652176082134247, 0.11523430794477463, 0.115618497133255, 0.11239300668239594, 0.11334549635648727, 0.11232774704694748, 0.12267081439495087, 0.11667276918888092],