{"loss": [0.01716713421046734, 0.021428905427455902, 0.04348912462592125, 0.041804563254117966, 0.02917478233575821, 0.028758393600583076, 0.02714640088379383, 0.026436826214194298, 0.02623821049928665, 0.024626266211271286, 0.024218272417783737, 0.025369707494974136, 0.025293800979852676, 0.025363588705658913, 0.027753205969929695, 0.027037551626563072, 0.018634160980582237, 0.019041389226913452, 0.021061338484287262, 0.020971674472093582, 0.021234992891550064, 0.021600879728794098, 0.022943971678614616, 0.021518968045711517, 0.017092153429985046, 0.016957275569438934, 0.021648593246936798, 0.02074584737420082, 0.019714653491973877, 0.01961786113679409, 0.017214292660355568, 0.017277192324399948, 0.0207932498306036, 0.01974332332611084, 0.019475864246487617, 0.019671231508255005, 0.016434576362371445, 0.017051074653863907, 0.019454756751656532, 0.018829263746738434, 0.017562171444296837, 0.01744954288005829, 0.019006269052624702, 0.017659392207860947, 0.01685166358947754, 0.017571911215782166, 0.017182065173983574, 0.01680169627070427, 0.01740889623761177, 0.017437539994716644, 0.01627269573509693, 0.01617618277668953, 0.016919951885938644, 0.017393603920936584, 0.015405964106321335, 0.016265206038951874, 0.016841933131217957, 0.017291612923145294, 0.017217418178915977, 0.016268625855445862, 0.015735087916254997, 0.016554219648241997, 0.01970524713397026, 0.019046548753976822, 0.017296822741627693, 0.01785961538553238, 0.01616276055574417, 0.01676788553595543, 0.01835913024842739, 0.017396578565239906, 0.01780726946890354, 0.01880241185426712, 0.018107233569025993, 0.01758049800992012, 0.01727672666311264, 0.01804511807858944, 0.018732557073235512, 0.018485285341739655, 0.01722262240946293, 0.018315527588129044, 0.016484711319208145, 0.01645675115287304, 0.015785131603479385, 0.016310764476656914, 0.016612302511930466, 0.01666007749736309, 0.01778625324368477, 0.017298944294452667, 0.019024210050702095, 0.018681831657886505, 0.018551424145698547, 0.018175527453422546, 0.01811434142291546, 0.018161334097385406, 0.017087435349822044, 0.01794218271970749, 0.017098387703299522, 0.016746368259191513, 0.018548669293522835, 0.018709395080804825], "position_loss": [0.007192120421677828, 0.009342994540929794, 0.02021884359419346, 0.01941470056772232, 0.013310227543115616, 0.01307290606200695, 0.01219908520579338, 0.011906863190233707, 0.01166974101215601, 0.01094804797321558, 0.010715591721236706, 0.011241896077990532, 0.011226901784539223, 0.011269248090684414, 0.01257492695003748, 0.012209270149469376, 0.007978512905538082, 0.008176852948963642, 0.009151739999651909, 0.009124536998569965, 0.009315485134720802, 0.009453599341213703, 0.010089064948260784, 0.009444504044950008, 0.007131007965654135, 0.007121488451957703, 0.009195714257657528, 0.008853759616613388, 0.008412046357989311, 0.008406275883316994, 0.007238374557346106, 0.007292419672012329, 0.009006373584270477, 0.00855120550841093, 0.008450932800769806, 0.008532162755727768, 0.00690719299018383, 0.007215168792754412, 0.008310694247484207, 0.008054984733462334, 0.007385895121842623, 0.007355451583862305, 0.008098600432276726, 0.0075233932584524155, 0.007157173939049244, 0.007460664492100477, 0.007193467114120722, 0.007052834611386061, 0.007311991415917873, 0.007341563701629639, 0.0067665898241102695, 0.006726599298417568, 0.0071235219947993755, 0.007339374162256718, 0.0063462271355092525, 0.006723727565258741, 0.007051622960716486, 0.007254267111420631, 0.007096820045262575, 0.006702957674860954, 0.006509906146675348, 0.00686312559992075, 0.00842050090432167, 0.008131212554872036, 0.007302048150449991, 0.007523835636675358, 0.006603068206459284, 0.006918706931173801, 0.007591043598949909, 0.00719201797619462, 0.0075755249708890915, 0.008002237416803837, 0.007674800232052803, 0.007452561520040035, 0.007218256127089262, 0.007573458831757307, 0.007973885163664818, 0.007879194803535938, 0.007273223251104355, 0.007764905691146851, 0.006678229663521051, 0.006704943720251322, 0.006539955269545317, 0.006788361351937056, 0.006877729669213295, 0.006920164451003075, 0.007472561206668615, 0.007272359449416399, 0.008038302883505821, 0.007914488203823566, 0.007812384516000748, 0.007655119523406029, 0.007606568746268749, 0.007634647190570831, 0.0071968818083405495, 0.007559980731457472, 0.006997496355324984, 0.006880929693579674, 0.00783508736640215, 0.007905191741883755], "gru_regularizer_loss": [0.1143450140953064, 0.11489103734493256, 0.11571012437343597, 0.1143675148487091, 0.10858816653490067, 0.10902427136898041, 0.11359201371669769, 0.10872863233089447, 0.11594074219465256, 0.11042789369821548, 0.10722463577985764, 0.11295286566019058, 0.11417640745639801, 0.11343230307102203, 0.11013772338628769, 0.10986733436584473, 0.10865865647792816, 0.1102282702922821, 0.11063380539417267, 0.10990940779447556, 0.10655966401100159, 0.1091332659125328, 0.1135338768362999, 0.10844266414642334, 0.11424057930707932, 0.11082399636507034, 0.12299086153507233, 0.11644674837589264, 0.11454002559185028, 0.1130337044596672, 0.11136116087436676, 0.11021875590085983, 0.11455153673887253, 0.1090632975101471, 0.10716195404529572, 0.10857775807380676, 0.1093849390745163, 0.1103789210319519, 0.11394121497869492, 0.11023198068141937, 0.11164338886737823, 0.11036691814661026, 0.11526910960674286, 0.10769578814506531, 0.10343940556049347, 0.1077231913805008, 0.1115027591586113, 0.10825279355049133, 0.10929751396179199, 0.10839860141277313, 0.1079329326748848, 0.10728073865175247, 0.10625674575567245, 0.10800445824861526, 0.10572679340839386, 0.10952501744031906, 0.10761430859565735, 0.10907837748527527, 0.11494635790586472, 0.109359510242939, 0.10532988607883453, 0.10925433039665222, 0.11072838306427002, 0.1079622358083725, 0.10407763719558716, 0.1083378791809082, 0.10947808623313904, 0.11044951528310776, 0.11744120717048645, 0.11178469657897949, 0.1030353456735611, 0.10734143853187561, 0.10910072922706604, 0.10601857304573059, 0.10623262822628021, 0.1093243658542633, 0.11106202006340027, 0.10790488123893738, 0.10352379083633423, 0.10885698348283768, 0.11384250223636627, 0.11213570088148117, 0.10577191412448883, 0.10700681060552597, 0.10954981297254562, 0.10833178460597992, 0.1096666157245636, 0.10662918537855148, 0.11174412816762924, 0.10838457942008972, 0.10858399420976639, 0.10754010081291199, 0.10843192785978317, 0.1079278364777565, 0.1028905138373375, 0.10682039707899094, 0.11466878652572632, 0.11112577468156815, 0.10826201736927032, 0.10946652293205261],