{"loss": [0.019993558526039124, 0.024718770757317543, 0.06070065125823021, 0.05625860020518303, 0.029555244371294975, 0.03105144388973713, 0.0375717468559742, 0.036890242248773575, 0.030606932938098907, 0.031992122530937195, 0.04001888632774353, 0.038823243230581284, 0.02876213937997818, 0.03053414449095726, 0.028855100274086, 0.0281110480427742, 0.02162516489624977, 0.022276541218161583, 0.025226494297385216, 0.02583872526884079, 0.027169998735189438, 0.026284191757440567, 0.020543621852993965, 0.02136346325278282, 0.02242114394903183, 0.022735297679901123, 0.021953893825411797, 0.021494707092642784, 0.023260941728949547, 0.021944144740700722, 0.022450339049100876, 0.022379443049430847, 0.022322021424770355, 0.021223492920398712, 0.020627016201615334, 0.021080000326037407, 0.020316217094659805, 0.0193626768887043, 0.02514190413057804, 0.024996574968099594, 0.023067165166139603, 0.023010633885860443, 0.022256840020418167, 0.02118518017232418, 0.02207380160689354, 0.021465713158249855, 0.022643523290753365, 0.021361134946346283, 0.019168002530932426, 0.01911807805299759, 0.02060449682176113, 0.020083345472812653, 0.01812627539038658, 0.01791638322174549, 0.019800394773483276, 0.019001325592398643, 0.01951558142900467, 0.019167833030223846, 0.019508302211761475, 0.019824538379907608], "position_loss": [0.008272893726825714, 0.010689237155020237, 0.028575504198670387, 0.026437310501933098, 0.013067930936813354, 0.013842735439538956, 0.017017144709825516, 0.016685573384165764, 0.013603320345282555, 0.014272709377110004, 0.018266133964061737, 0.017735468223690987, 0.01279375795274973, 0.013613400980830193, 0.012591235339641571, 0.012296332977712154, 0.009141195565462112, 0.009451751597225666, 0.010956325568258762, 0.011262788437306881, 0.011818574741482735, 0.011431023478507996, 0.008594098500907421, 0.009011175483465195, 0.009574800729751587, 0.009735056199133396, 0.009293678216636181, 0.00911751575767994, 0.00982846599072218, 0.009264537133276463, 0.009585915133357048, 0.009542875923216343, 0.009415844455361366, 0.008945267647504807, 0.00860617496073246, 0.008842404000461102, 0.008412719704210758, 0.008015725761651993, 0.01096328254789114, 0.010895266197621822, 0.0099395252764225, 0.009902359917759895, 0.009371715597808361, 0.008925073780119419, 0.009258316829800606, 0.009027091786265373, 0.009567011147737503, 0.00901394709944725, 0.007907270453870296, 0.007914084009826183, 0.008614006452262402, 0.008405810222029686, 0.007340358570218086, 0.007289652246981859, 0.008116625249385834, 0.007807045243680477, 0.007966198027133942, 0.007845468819141388, 0.00790407694876194, 0.008092732168734074], "gru_regularizer_loss": [0.16310733556747437, 0.15873214602470398, 0.16696518659591675, 0.15956948697566986, 0.1595696359872818, 0.15815387666225433, 0.16113388538360596, 0.16219714283943176, 0.1560460776090622, 0.16021957993507385, 0.16306643187999725, 0.15816093981266022, 0.14889571070671082, 0.15572629868984222, 0.1655730903148651, 0.16027560830116272, 0.1526503562927246, 0.1562361717224121, 0.15353955328464508, 0.15476125478744507, 0.16001147031784058, 0.15558533370494843, 0.152364581823349, 0.15333889424800873, 0.1501648724079132, 0.15128472447395325, 0.1561388373374939, 0.15195736289024353, 0.16172870993614197, 0.15433812141418457, 0.14879688620567322, 0.150434672832489, 0.15705746412277222, 0.1503748744726181, 0.15126517415046692, 0.152250275015831, 0.1581183820962906, 0.15140588581562042, 0.14941398799419403, 0.14879710972309113, 0.1462707817554474, 0.14805790781974792, 0.15904292464256287, 0.1518830806016922, 0.1584809124469757, 0.15369263291358948, 0.1598699390888214, 0.15272948145866394, 0.15253892540931702, 0.1510208547115326, 0.15427915751934052, 0.15021087229251862, 0.15686142444610596, 0.15250438451766968, 0.16049563884735107, 0.15317276120185852, 0.1571272909641266, 0.15468814969062805, 0.1567346751689911, 0.15696290135383606], "l2_xdx_activation_loss": [0.0006051680538803339, 0.0005839274963364005, 0.0006262655952014029, 0.0005956966197118163, 0.000607497408054769, 0.0005944142467342317, 0.0006416417309083045, 0.0006319767562672496, 0.0006128791719675064, 0.0006144381477497518, 0.0006182525539770722, 0.0005898337112739682, 0.0005614908295683563, 0.0005829624133184552, 0.0006719005177728832, 0.000638142810203135, 0.0006050249212421477, 0.000603160064201802, 0.0005924172000959516, 0.0005881133838556707, 0.0006438465788960457, 0.000621698796749115, 0.0006101946346461773, 0.0006021761801093817, 0.0005895655485801399, 0.0005837141070514917, 0.0006013176753185689, 0.0005796353798359632, 0.0006618418265134096, 0.0006234978791326284, 0.0005964476149529219, 0.0005960492417216301, 0.0006395197124220431, 0.0006093364208936691, 0.0006336056394502521, 0.000623831176199019, 0.0006361316773109138, 0.0006053230026736856, 0.0005733340512961149, 0.0005722918431274593, 0.0005747366230934858, 0.0005747133400291204, 0.0006405942840501666, 0.0006050010561011732, 0.0006570527330040932, 0.0006244676187634468, 0.0006365340668708086, 0.0006015824619680643, 0.0006089574890211225, 0.0005928339087404311, 0.0006108309025876224, 0.0005894717178307474, 0.0006252482999116182, 0.0006036122795194387, 0.0006536629516631365, 0.0006181027856655419, 0.0006702377577312291, 0.0006429378991015255, 0.000710533931851387, 0.0006894153775647283]}