{"loss": [0.019847728312015533, 0.022986015304923058, 0.0474424883723259, 0.046837326139211655, 0.02216261252760887, 0.02290831319987774, 0.03936706855893135, 0.038808777928352356, 0.0313824899494648, 0.03144821897149086, 0.022810759022831917, 0.023033227771520615, 0.031728316098451614, 0.03207482770085335, 0.02980838529765606, 0.029310442507267, 0.018742280080914497, 0.019019003957509995, 0.028427038341760635, 0.027654355391860008, 0.02678176574409008, 0.027279146015644073, 0.020656170323491096, 0.01973639987409115, 0.026381995528936386, 0.02650158852338791, 0.028192082419991493, 0.02687292918562889, 0.02045784331858158, 0.02013063244521618, 0.022700758650898933, 0.022942088544368744, 0.02043238840997219, 0.021050982177257538, 0.02100827731192112, 0.021882405504584312, 0.024822378531098366, 0.024090664461255074, 0.020625589415431023, 0.019866451621055603, 0.020052364096045494, 0.021344225853681564, 0.020872455090284348, 0.021392080932855606, 0.019514746963977814, 0.02017996460199356, 0.023753689602017403, 0.023544572293758392, 0.020046252757310867, 0.019160933792591095, 0.020239559933543205, 0.01919105462729931, 0.02011183835566044, 0.020335527136921883, 0.01867266185581684, 0.01905977353453636, 0.019630294293165207, 0.019052278250455856, 0.016461526975035667, 0.01693420670926571, 0.017719268798828125, 0.01798626035451889, 0.01658153161406517, 0.017066093161702156, 0.019140245392918587, 0.018687928095459938, 0.01813396066427231, 0.01760244183242321, 0.01705320179462433, 0.017577050253748894, 0.018860824406147003, 0.01777409203350544, 0.01658332720398903, 0.016910916194319725, 0.01787315309047699, 0.017486197873950005, 0.016463592648506165, 0.01625179499387741, 0.017488010227680206, 0.0170921441167593, 0.017227090895175934, 0.016563566401600838, 0.017773786559700966, 0.016705065965652466, 0.017655400559306145, 0.017069019377231598, 0.015064357779920101, 0.01606585830450058, 0.016509592533111572, 0.016416748985648155, 0.016439981758594513, 0.016727212816476822, 0.015494363382458687, 0.016332758590579033, 0.018403196707367897, 0.01834825985133648, 0.017241183668375015, 0.016963733360171318, 0.017715733498334885, 0.016870848834514618], "position_loss": [0.008260015398263931, 0.009876004420220852, 0.022242102771997452, 0.021848244592547417, 0.009427057579159737, 0.009852278977632523, 0.017857586964964867, 0.017676344141364098, 0.013999607414007187, 0.014059990644454956, 0.0099105229601264, 0.010043621994554996, 0.01446925476193428, 0.014597644098103046, 0.013570266775786877, 0.013307247310876846, 0.0079461969435215, 0.008138744160532951, 0.012761767022311687, 0.012457039207220078, 0.011996770277619362, 0.012252278625965118, 0.008945133537054062, 0.008555397391319275, 0.011912272311747074, 0.011950301006436348, 0.012772103771567345, 0.012157128192484379, 0.008902897126972675, 0.008782042190432549, 0.010008126497268677, 0.010156672447919846, 0.008936474099755287, 0.009218589402735233, 0.009239536710083485, 0.009641265496611595, 0.01107301190495491, 0.010748576372861862, 0.00895142462104559, 0.008619601838290691, 0.008626519702374935, 0.009257153607904911, 0.009082859382033348, 0.009312132373452187, 0.00845966674387455, 0.008773704059422016, 0.01055891066789627, 0.010457352735102177, 0.008633965626358986, 0.008240630850195885, 0.008669239468872547, 0.00822523608803749, 0.008555544540286064, 0.008698512800037861, 0.007867906242609024, 0.0080637251958251, 0.008333491161465645, 0.008089178241789341, 0.006794889457523823, 0.007026328705251217, 0.007453239988535643, 0.007576627656817436, 0.006938640959560871, 0.007162740454077721, 0.00800174567848444, 0.00782720185816288, 0.007494187448173761, 0.007283222395926714, 0.0070974682457745075, 0.007336037699133158, 0.007870107889175415, 0.007414315361529589, 0.006862638983875513, 0.007032450754195452, 0.0074240160174667835, 0.007285372354090214, 0.006801999639719725, 0.006729389075189829, 0.0072073061019182205, 0.007055922411382198, 0.007115113083273172, 0.006843624636530876, 0.007376064080744982, 0.006924636662006378, 0.007360305171459913, 0.007125393487513065, 0.006206146441400051, 0.006664056796580553, 0.00678414897993207, 0.006765515077859163, 0.006840180139988661, 0.006983094848692417, 0.006368874106556177, 0.006755730137228966, 0.007699046283960342, 0.007684418931603432, 0.007038486190140247, 0.006958307698369026, 0.00728562893345952, 0.006937746424227953], "gru_regularizer_loss": [0.14181028306484222, 0.13763350248336792, 0.13068479299545288, 0.1358858346939087, 0.14240305125713348, 0.13945479691028595, 0.14501936733722687, 0.13947436213493347, 0.13752973079681396, 0.13735999166965485, 0.1337861865758896, 0.13195881247520447, 0.12722429633140564, 0.1305256187915802, 0.12495352327823639, 0.1258946806192398, 0.13076157867908478, 0.12645849585533142, 0.13180243968963623, 0.12526686489582062, 0.1258063018321991, 0.12603206932544708, 0.1291947364807129, 0.12322238087654114, 0.12133927643299103, 0.12245043367147446, 0.1256479173898697, 0.12191078066825867, 0.12479627132415771, 0.12106939405202866, 0.12374124675989151, 0.12194696813821793, 0.11878229677677155, 0.12165644764900208, 0.11892649531364441, 0.12202797830104828, 0.1251389980316162, 0.1214434951543808, 0.12573421001434326, 0.12191132456064224, 0.12353216111660004, 0.12604402005672455, 0.12137705087661743, 0.12421207875013351, 0.12066100537776947, 0.1217988058924675, 0.12196073681116104, 0.12088187783956528, 0.12608809769153595, 0.12221845984458923, 0.13021616637706757, 0.12384185194969177, 0.12954935431480408, 0.12749148905277252, 0.1279374361038208, 0.12826424837112427, 0.1297493427991867, 0.12583275139331818, 0.12570388615131378, 0.12615345418453217, 0.12280339747667313, 0.12367192655801773, 0.12066379189491272, 0.12186091393232346, 0.13243727385997772, 0.12821942567825317, 0.13203909993171692, 0.12796805799007416, 0.12234276533126831, 0.12355706095695496, 0.1324402540922165, 0.12591750919818878, 0.12284699082374573, 0.1231754869222641, 0.12904810905456543, 0.1250280737876892, 0.12367565929889679, 0.12181145697832108, 0.1279047131538391, 0.12406599521636963, 0.12626945972442627, 0.12237077206373215, 0.12892848253250122, 0.1228068545460701, 0.12568829953670502, 0.12163203209638596, 0.11680109798908234, 0.11996512860059738, 0.1253935694694519, 0.12346182763576508, 0.11930647492408752, 0.11997629702091217, 0.11858902871608734, 0.12153764814138412, 0.1250285804271698, 0.12375608831644058, 0.12935709953308105, 0.1252681165933609, 0.1308966726064682, 0.12481968849897385],