{"loss": [0.017199255526065826, 0.020899567753076553, 0.046939533203840256, 0.0455729179084301, 0.022741254419088364, 0.022947221994400024, 0.039150066673755646, 0.03765728324651718, 0.03359716758131981, 0.032445259392261505, 0.019045213237404823, 0.019718512892723083, 0.02563459239900112, 0.025411825627088547, 0.02152400091290474, 0.02151762694120407, 0.021992983296513557, 0.022482741624116898, 0.021601364016532898, 0.021312279626727104, 0.021734202280640602, 0.022213157266378403, 0.018269475549459457, 0.019190888851881027, 0.023183949291706085, 0.022171562537550926, 0.020366933196783066, 0.01985633186995983, 0.019230378791689873, 0.01816336065530777, 0.019279295578598976, 0.018094172701239586, 0.019116733223199844, 0.01880105584859848, 0.016646934673190117, 0.017376048490405083, 0.018754249438643456, 0.018286356702446938, 0.019473744556307793, 0.01902993582189083, 0.018529357388615608, 0.018109507858753204, 0.01789521798491478, 0.0178980752825737, 0.01684628427028656, 0.017904007807374, 0.0175566915422678, 0.017651230096817017, 0.017836539074778557, 0.017781337723135948, 0.017619604244828224, 0.017612703144550323, 0.016058657318353653, 0.016943568363785744, 0.018324118107557297, 0.018651943653821945, 0.017397496849298477, 0.01767323724925518, 0.018084878101944923, 0.01730288378894329, 0.01775510609149933, 0.017063019797205925, 0.01723404973745346, 0.01784117892384529, 0.01906854473054409, 0.018300723284482956, 0.018004106357693672, 0.01795007474720478, 0.016876038163900375, 0.01735593192279339, 0.019491147249937057, 0.01892835460603237, 0.017526594921946526, 0.017120521515607834, 0.018466051667928696, 0.017651451751589775, 0.01894206739962101, 0.01835530623793602, 0.018400268629193306, 0.018438035622239113, 0.016225656494498253, 0.0167169701308012, 0.01938740350306034, 0.017842084169387817, 0.02138751931488514, 0.02187786065042019, 0.020778918638825417, 0.020568497478961945, 0.020431233569979668, 0.020522721111774445, 0.017307963222265244, 0.018076971173286438, 0.018405845388770103, 0.018192850053310394, 0.01893061213195324, 0.017964376136660576, 0.01891837827861309, 0.018061183393001556, 0.01757245510816574, 0.01763828657567501], "position_loss": [0.006986033171415329, 0.00887475535273552, 0.021804628893733025, 0.021194368600845337, 0.009891923516988754, 0.010012476705014706, 0.018051763996481895, 0.017362015321850777, 0.015338830649852753, 0.014794658869504929, 0.008093615062534809, 0.008448321372270584, 0.011442873626947403, 0.011348049156367779, 0.009388959035277367, 0.009391852654516697, 0.009669192135334015, 0.009894344955682755, 0.009435399435460567, 0.009314041584730148, 0.009562421590089798, 0.00978775043040514, 0.007858389988541603, 0.008275575935840607, 0.010197567753493786, 0.009751295670866966, 0.008853426203131676, 0.00864136591553688, 0.00822144653648138, 0.007763013243675232, 0.008126549422740936, 0.007640808820724487, 0.0082022026181221, 0.008058723993599415, 0.0069890618324279785, 0.007342508994042873, 0.00799764133989811, 0.0077935135923326015, 0.008311348967254162, 0.008127421140670776, 0.007827903144061565, 0.007671153172850609, 0.007581766229122877, 0.007610026281327009, 0.007125277072191238, 0.007619280833750963, 0.007498543243855238, 0.007557328324764967, 0.0075232889503240585, 0.007525763474404812, 0.007390502840280533, 0.007413610816001892, 0.006704453378915787, 0.007112619001418352, 0.007895252667367458, 0.008042372763156891, 0.007403950206935406, 0.007533083204180002, 0.0075784046202898026, 0.007263945881277323, 0.007462508510798216, 0.007171637378633022, 0.007178911939263344, 0.0074776094406843185, 0.008113727904856205, 0.00779358297586441, 0.0076234485022723675, 0.007618334610015154, 0.006997855380177498, 0.007251021917909384, 0.008305191062390804, 0.008075582794845104, 0.007329602260142565, 0.007173893507570028, 0.007831383496522903, 0.007488850969821215, 0.008084505796432495, 0.007832836359739304, 0.007763891015201807, 0.0078054750338196754, 0.006706706248223782, 0.006956598721444607, 0.008204826153814793, 0.007532451767474413, 0.009337319061160088, 0.009579027071595192, 0.008900058455765247, 0.008834521286189556, 0.008796156384050846, 0.008842185139656067, 0.00732190627604723, 0.007697774097323418, 0.007852370850741863, 0.007760826963931322, 0.00792130921036005, 0.007522568106651306, 0.008022763766348362, 0.007658801041543484, 0.007469526492059231, 0.007509422022849321], "gru_regularizer_loss": [0.12045994400978088, 0.1177876815199852, 0.11984797567129135, 0.11558248102664948, 0.11693640053272247, 0.1133432388305664, 0.11694398522377014, 0.11172305047512054, 0.11453172564506531, 0.11104988306760788, 0.11317606270313263, 0.11138342320919037, 0.10967142879962921, 0.10825696587562561, 0.11064603179693222, 0.10898888111114502, 0.10806886851787567, 0.10860610008239746, 0.1101810485124588, 0.10851703584194183, 0.10708694159984589, 0.1071922779083252, 0.10322455316781998, 0.10526953637599945, 0.11256501078605652, 0.10718335211277008, 0.10879087448120117, 0.10549293458461761, 0.11088842153549194, 0.10576209425926208, 0.11725398898124695, 0.10978327691555023, 0.10778993368148804, 0.10634270310401917, 0.10664037615060806, 0.10678549855947495, 0.10880988836288452, 0.10551922023296356, 0.11138695478439331, 0.10780002176761627, 0.11224713921546936, 0.10840439051389694, 0.10874931514263153, 0.10679933428764343, 0.10312283039093018, 0.10514771938323975, 0.10320159047842026, 0.10196158289909363, 0.10970562696456909, 0.10782720893621445, 0.110014408826828, 0.10810590535402298, 0.10443468391895294, 0.10618080943822861, 0.10132358968257904, 0.10214252769947052, 0.10267038643360138, 0.10316511988639832, 0.1128711849451065, 0.10747535526752472, 0.10967104882001877, 0.10637014359235764, 0.11008504033088684, 0.10976629704236984, 0.11091761291027069, 0.10553862154483795, 0.10808882862329483, 0.10633796453475952, 0.10774168372154236, 0.10761487483978271, 0.11073891818523407, 0.10702412575483322, 0.1110493540763855, 0.10734767466783524, 0.10829859226942062, 0.10324298590421677, 0.10782025009393692, 0.10447683930397034, 0.10962852835655212, 0.10744345188140869, 0.10696911066770554, 0.10708457976579666, 0.11481116712093353, 0.10749443620443344, 0.10421425104141235, 0.10400337725877762, 0.11106006801128387, 0.10885398089885712, 0.10671548545360565, 0.10658778995275497, 0.10335250198841095, 0.10346835106611252, 0.10544013977050781, 0.1036892831325531, 0.11476912349462509, 0.10891005396842957, 0.10773146897554398, 0.10276906937360764, 0.10321632772684097, 0.10204946994781494],