{"loss": [0.02128208801150322, 0.02469649910926819, 0.05570804327726364, 0.05195452272891998, 0.030026795342564583, 0.03071262687444687, 0.030403826385736465, 0.029957106336951256, 0.0275888629257679, 0.026307305321097374, 0.028004424646496773, 0.026689356192946434, 0.029988078400492668, 0.029344307258725166, 0.024488650262355804, 0.022936271503567696, 0.028158515691757202, 0.028497882187366486, 0.028038818389177322, 0.02728458307683468, 0.024353036656975746, 0.025588393211364746, 0.024640658870339394, 0.02407674305140972, 0.026433495804667473, 0.02525307983160019, 0.019735632464289665, 0.020233096554875374, 0.026883520185947418, 0.026814637705683708, 0.025379600003361702, 0.024785911664366722, 0.020865239202976227, 0.02088245376944542, 0.024780621752142906, 0.02454996109008789, 0.02304057776927948, 0.02218259684741497, 0.02211509458720684, 0.022055231034755707, 0.01944614388048649, 0.02000407688319683, 0.020635630935430527, 0.021125786006450653, 0.020748678594827652, 0.02011246420443058, 0.020119505003094673, 0.020034708082675934, 0.020439930260181427, 0.01892148144543171, 0.018795255571603775, 0.01924784667789936, 0.019575487822294235, 0.020251350477337837, 0.020147282630205154, 0.019625598564743996, 0.020020265132188797, 0.019512908533215523, 0.020562555640935898, 0.0213104747235775], "position_loss": [0.008884006179869175, 0.010625013150274754, 0.02624976634979248, 0.02445082552731037, 0.013334301300346851, 0.013693870045244694, 0.01344442367553711, 0.013315720483660698, 0.012233905494213104, 0.0116435457020998, 0.012343155220150948, 0.01177761610597372, 0.013252874836325645, 0.013003087602555752, 0.01058051735162735, 0.009892625734210014, 0.012548265047371387, 0.01270298846065998, 0.01247563399374485, 0.012115806341171265, 0.010697710327804089, 0.01127687282860279, 0.010678164660930634, 0.01046188548207283, 0.011524971574544907, 0.011024328880012035, 0.008396007120609283, 0.008628031238913536, 0.011987212114036083, 0.011933311820030212, 0.011117667891085148, 0.010874243453145027, 0.008783591911196709, 0.008829755708575249, 0.010836903937160969, 0.010739382356405258, 0.009925492107868195, 0.009556172415614128, 0.009326954372227192, 0.009341727010905743, 0.00824305135756731, 0.008516055531799793, 0.008783205412328243, 0.009006503969430923, 0.008727055042982101, 0.008471659384667873, 0.00846797227859497, 0.00844995491206646, 0.008515382185578346, 0.007873515598475933, 0.007832545787096024, 0.00805690512061119, 0.00820846762508154, 0.008526118472218513, 0.00836144294589758, 0.008143523707985878, 0.008354002609848976, 0.008161334320902824, 0.008773568086326122, 0.009085179306566715], "gru_regularizer_loss": [0.1523887813091278, 0.14960457384586334, 0.14522810280323029, 0.13847671449184418, 0.14135323464870453, 0.14197033643722534, 0.15015044808387756, 0.14293044805526733, 0.14157560467720032, 0.13723519444465637, 0.14699801802635193, 0.13992512226104736, 0.14728286862373352, 0.14214348793029785, 0.14687779545783997, 0.1394820660352707, 0.14008526504039764, 0.14220118522644043, 0.14232930541038513, 0.1402798295021057, 0.1313501000404358, 0.13551479578018188, 0.14345908164978027, 0.13925552368164062, 0.14693157374858856, 0.1396917700767517, 0.13413335382938385, 0.1351495385169983, 0.1315118819475174, 0.1333404928445816, 0.14073587954044342, 0.1367449164390564, 0.14202694594860077, 0.139557346701622, 0.13382375240325928, 0.13252179324626923, 0.1367577314376831, 0.1328205019235611, 0.1401742547750473, 0.1380811482667923, 0.1305955946445465, 0.1320505142211914, 0.1336086243391037, 0.13662412762641907, 0.1395787000656128, 0.13508468866348267, 0.13441261649131775, 0.1328088343143463, 0.1450040638446808, 0.13550898432731628, 0.13390682637691498, 0.1340951770544052, 0.1333005130290985, 0.1358993649482727, 0.1427161693572998, 0.14020931720733643, 0.13999274373054504, 0.13563083112239838, 0.12793709337711334, 0.13417021930217743], "l2_xdx_activation_loss": [0.0006630589487031102, 0.0006498050643131137, 0.0005850724410265684, 0.0005556967225857079, 0.0006478834548033774, 0.000634724972769618, 0.0006708213477395475, 0.0006317826337181032, 0.0005680947215296328, 0.0005489499890245497, 0.0006157074240036309, 0.0005779532948508859, 0.0006694963667541742, 0.0006385619635693729, 0.000619275204371661, 0.0005850625457242131, 0.0005533731891773641, 0.0005562927108258009, 0.0005544147570617497, 0.0005497194943018258, 0.0005477009108290076, 0.0005594964604824781, 0.0006162418285384774, 0.0005864675040356815, 0.0006377408863045275, 0.0006021632580086589, 0.0005337572656571865, 0.0005415084888227284, 0.0005309878615662456, 0.0005378651549108326, 0.0005786306574009359, 0.0005563211743719876, 0.000625590851996094, 0.0006087853107601404, 0.000589187431614846, 0.0005816552438773215, 0.0006070008967071772, 0.0005803442327305675, 0.0006861427682451904, 0.0006633172743022442, 0.0005510232876986265, 0.000550147844478488, 0.0005773727316409349, 0.0005818403442390263, 0.0006325891590677202, 0.0006057614809833467, 0.0006128062959760427, 0.0006018985295668244, 0.0006527029909193516, 0.0006061146268621087, 0.0005966936587356031, 0.0005973565275780857, 0.0006081770989112556, 0.000613034819252789, 0.0006654066382907331, 0.0006451479275710881, 0.0006371053750626743, 0.0006109718233346939, 0.0005783439846709371, 0.0005991327343508601]}