{"loss": [0.02359795942902565, 0.026703592389822006, 0.05193967744708061, 0.04955534636974335, 0.02400321699678898, 0.026868455111980438, 0.041297849267721176, 0.0416267067193985, 0.02962050586938858, 0.02869434840977192, 0.03195325657725334, 0.031493645161390305, 0.033450257033109665, 0.03383846580982208, 0.023792216554284096, 0.02366439253091812, 0.03073987551033497, 0.03013622760772705, 0.027468692511320114, 0.027446819469332695, 0.02217690832912922, 0.02268390916287899, 0.027314744889736176, 0.02714451402425766, 0.020077647641301155, 0.019843226298689842, 0.025087399408221245, 0.024243395775556564, 0.019404446706175804, 0.020919550210237503, 0.020958784967660904, 0.02079586312174797, 0.019563721492886543, 0.019294820725917816, 0.020007193088531494, 0.019405318424105644, 0.020814400166273117, 0.020516028627753258, 0.021091388538479805, 0.02094561606645584, 0.018908625468611717, 0.019215190783143044, 0.02214200422167778, 0.02107238583266735, 0.019349168986082077, 0.019735733047127724, 0.01996629685163498, 0.01891227252781391, 0.019896963611245155, 0.020262934267520905, 0.01879730634391308, 0.01919778250157833, 0.020287126302719116, 0.019364075735211372, 0.020446786656975746, 0.020468035712838173, 0.019293826073408127, 0.01978311687707901, 0.018940730020403862, 0.019355909898877144], "position_loss": [0.009962936863303185, 0.011568434536457062, 0.02394324727356434, 0.02283356338739395, 0.010426056571304798, 0.01174576673656702, 0.018900582566857338, 0.019063573330640793, 0.013089141808450222, 0.012647337280213833, 0.014330425299704075, 0.014146040193736553, 0.015166196040809155, 0.015346179716289043, 0.010336620733141899, 0.010274146683514118, 0.01374835055321455, 0.013483740389347076, 0.01214807853102684, 0.012128259055316448, 0.009508240967988968, 0.00977674126625061, 0.012080452404916286, 0.012005859985947609, 0.008310902863740921, 0.00825169775635004, 0.010765020735561848, 0.01040993444621563, 0.00812850333750248, 0.008827358484268188, 0.00875720102339983, 0.00871308520436287, 0.008065778762102127, 0.007978526875376701, 0.008237285539507866, 0.008002578280866146, 0.00856791902333498, 0.008465170860290527, 0.008808447979390621, 0.008763791993260384, 0.007762419991195202, 0.007918904535472393, 0.00936255231499672, 0.008905511349439621, 0.00800145324319601, 0.008198118768632412, 0.00811880361288786, 0.0076901582069695, 0.008307194337248802, 0.008483776822686195, 0.007657742593437433, 0.00786746945232153, 0.008313499391078949, 0.00794635247439146, 0.008455904200673103, 0.00850619375705719, 0.00794044230133295, 0.008176961913704872, 0.007778544910252094, 0.007987946271896362], "gru_regularizer_loss": [0.16996750235557556, 0.16767416894435883, 0.17387819290161133, 0.16865843534469604, 0.14973071217536926, 0.16088685393333435, 0.16159242391586304, 0.16275861859321594, 0.15955588221549988, 0.15808062255382538, 0.15682820975780487, 0.15265798568725586, 0.14702196419239044, 0.14892816543579102, 0.14886589348316193, 0.14831727743148804, 0.1526399701833725, 0.14915567636489868, 0.14947699010372162, 0.15112929046154022, 0.14829328656196594, 0.14729979634284973, 0.1486487090587616, 0.14751775562763214, 0.15690533816814423, 0.15244370698928833, 0.15847736597061157, 0.15385790169239044, 0.14452695846557617, 0.1514301896095276, 0.15547974407672882, 0.1533762514591217, 0.15517517924308777, 0.15092690289020538, 0.15794382989406586, 0.15310600399971008, 0.1582440435886383, 0.15599161386489868, 0.15562540292739868, 0.15389177203178406, 0.15168437361717224, 0.15320587158203125, 0.15757063031196594, 0.15046590566635132, 0.15085145831108093, 0.15179559588432312, 0.16284577548503876, 0.15517696738243103, 0.14796477556228638, 0.14936622977256775, 0.1510240137577057, 0.15208826959133148, 0.1597854197025299, 0.15216022729873657, 0.15366008877754211, 0.1518508940935135, 0.15050499141216278, 0.1515069454908371, 0.14792712032794952, 0.14910779893398285], "l2_xdx_activation_loss": [0.0006571396952494979, 0.0006296634091995656, 0.0007711359648965299, 0.0007335476111620665, 0.000550934812054038, 0.0005890205502510071, 0.0006265903939493, 0.0006236606277525425, 0.0006152234855107963, 0.0006059587467461824, 0.0005743771907873452, 0.0005579977296292782, 0.0005488845054060221, 0.0005519443075172603, 0.0005431073950603604, 0.0005439772503450513, 0.0005719270557165146, 0.0005587320774793625, 0.0005589243955910206, 0.00055933918338269, 0.0005588341737166047, 0.0005521457642316818, 0.000555453123524785, 0.0005522078718058765, 0.0006285985582508147, 0.0006048001814633608, 0.0006571973208338022, 0.0006279849912971258, 0.0005670594400726259, 0.0005831797025166452, 0.0006295307539403439, 0.0006116458680480719, 0.0006264728144742548, 0.0006091678515076637, 0.0006507302168756723, 0.0006227027042768896, 0.0006983759813010693, 0.0006749255699105561, 0.0006390815251506865, 0.0006260399241000414, 0.0006219827919267118, 0.0006147771491669118, 0.0006133991992101073, 0.0005852359463460743, 0.0006122509366832674, 0.000606848276220262, 0.0006997451419010758, 0.0006597298779524863, 0.0006006440962664783, 0.0006002411246299744, 0.0006568616954609752, 0.0006469878135249019, 0.0006870923680253327, 0.0006495908601209521, 0.0006657940102741122, 0.0006453815149143338, 0.0006356314406730235, 0.0006377093377523124, 0.0006344573921523988, 0.0006293142214417458]}