{"loss": [0.021508032456040382, 0.024692971259355545, 0.05243300274014473, 0.04933623597025871, 0.028908248990774155, 0.029623355716466904, 0.03996358811855316, 0.040182165801525116, 0.032793596386909485, 0.03309772536158562, 0.032079894095659256, 0.032370422035455704, 0.03343405947089195, 0.0332719087600708, 0.028132857754826546, 0.02770676463842392, 0.030284056439995766, 0.03168193995952606, 0.0304061658680439, 0.030159536749124527, 0.023130744695663452, 0.023015806451439857, 0.03211097791790962, 0.030196325853466988, 0.028338272124528885, 0.02693077176809311, 0.024090664461255074, 0.023120371624827385, 0.02182476967573166, 0.02323978766798973, 0.020069506019353867, 0.020433999598026276, 0.024451246485114098, 0.022795988246798515, 0.02052629366517067, 0.02100815810263157, 0.022552847862243652, 0.022897543385624886, 0.022128168493509293, 0.0217297300696373, 0.02048465423285961, 0.021320488303899765, 0.020938359200954437, 0.02102569490671158, 0.022379137575626373, 0.022121137008070946, 0.01881209760904312, 0.018800774589180946, 0.020132528617978096, 0.019178546965122223, 0.02084747701883316, 0.020285407081246376, 0.01834394410252571, 0.017897987738251686, 0.019237414002418518, 0.019386498257517815, 0.021483127027750015, 0.02128138206899166, 0.0195695199072361, 0.019208116456866264], "position_loss": [0.008741316385567188, 0.010416976176202297, 0.024473240599036217, 0.02296399138867855, 0.01264597661793232, 0.013071507215499878, 0.018139811232686043, 0.018303437158465385, 0.01462587621062994, 0.014794440940022469, 0.014430330134928226, 0.014568012207746506, 0.015165367163717747, 0.015046287328004837, 0.012280686758458614, 0.012135692872107029, 0.013361088931560516, 0.014045285061001778, 0.013440349139273167, 0.013347899541258812, 0.009926573373377323, 0.009854603558778763, 0.014315154403448105, 0.013460880145430565, 0.01250467263162136, 0.01184759195894003, 0.010276664048433304, 0.009863889776170254, 0.009228762239217758, 0.009919385425746441, 0.008320664055645466, 0.008530709892511368, 0.010513274930417538, 0.00979794654995203, 0.008721769787371159, 0.0089558195322752, 0.009654184803366661, 0.00985624548047781, 0.009338375180959702, 0.009186146780848503, 0.008613008074462414, 0.009010802954435349, 0.008727827109396458, 0.008798589929938316, 0.009334365837275982, 0.00923844799399376, 0.007655564695596695, 0.00768333999440074, 0.008225918747484684, 0.00784827396273613, 0.008487283252179623, 0.008274375461041927, 0.007396141067147255, 0.007224055472761393, 0.007933026179671288, 0.00799928791821003, 0.008838891051709652, 0.008795772679150105, 0.007974090985953808, 0.00784983392804861], "gru_regularizer_loss": [0.18421311676502228, 0.17802909016609192, 0.16920167207717896, 0.16530665755271912, 0.1721663624048233, 0.16649436950683594, 0.17158809304237366, 0.16817384958267212, 0.16702525317668915, 0.1667330265045166, 0.15938234329223633, 0.16009418666362762, 0.1547350436449051, 0.15829351544380188, 0.16985642910003662, 0.16414912045001984, 0.16231375932693481, 0.16509194672107697, 0.16370053589344025, 0.16171914339065552, 0.1540667861700058, 0.153909832239151, 0.16216763854026794, 0.15292280912399292, 0.16032856702804565, 0.15621206164360046, 0.16676387190818787, 0.15931808948516846, 0.15903067588806152, 0.16186730563640594, 0.16328462958335876, 0.16095246374607086, 0.17009028792381287, 0.15963082015514374, 0.15436452627182007, 0.15502573549747467, 0.161124125123024, 0.15865539014339447, 0.1669194996356964, 0.16384786367416382, 0.15826024115085602, 0.16105906665325165, 0.16542121767997742, 0.16289326548576355, 0.17053276300430298, 0.16781330108642578, 0.16294406354427338, 0.1608612984418869, 0.17048999667167664, 0.1625347137451172, 0.1744825839996338, 0.1686711460351944, 0.1674996167421341, 0.16270460188388824, 0.1587338149547577, 0.15973292291164398, 0.17207933962345123, 0.168669655919075, 0.169185608625412, 0.16410264372825623], "l2_xdx_activation_loss": [0.0007274224772118032, 0.0006925751222297549, 0.0005978351109661162, 0.0005847287829965353, 0.0006312106270343065, 0.000604798668064177, 0.0006556946900673211, 0.0006308509036898613, 0.0006235293112695217, 0.0006135025760158896, 0.0005414694896899164, 0.0005441511166281998, 0.0005183239700272679, 0.0005317993927747011, 0.0006239725043997169, 0.0005976289394311607, 0.0006459132418967783, 0.000646481872536242, 0.0006291528698056936, 0.0006151804700493813, 0.0005786424153484404, 0.0005888326559215784, 0.0006193298031575978, 0.0005814442411065102, 0.0005748796393163502, 0.0005574885290116072, 0.0006228984566405416, 0.0005994697567075491, 0.0005919792456552386, 0.0005937809473834932, 0.0005981088033877313, 0.000587350397836417, 0.0005742635694332421, 0.0005342612275853753, 0.0005127018666826189, 0.0005150858778506517, 0.0005440771928988397, 0.0005324978264980018, 0.0005937399691902101, 0.0005726517993025482, 0.0005583441234193742, 0.0005624298355542123, 0.000609162962064147, 0.0005995258106850088, 0.0006680249935016036, 0.0006550346151925623, 0.0006235080072656274, 0.0006081595201976597, 0.0006582627538591623, 0.0006185495294630527, 0.0007090268773026764, 0.000682980113197118, 0.0006252203602343798, 0.0006072757532820106, 0.0005943397409282625, 0.0005965303280390799, 0.0006945155328139663, 0.000667377607896924, 0.0006428254419006407, 0.0006221384974196553]}