{"loss": [0.019276589155197144, 0.021739985793828964, 0.04290933534502983, 0.041353989392519, 0.028882905840873718, 0.027650663629174232, 0.029423153027892113, 0.029141558334231377, 0.026069866493344307, 0.026017554104328156, 0.025012245401740074, 0.02380947209894657, 0.025149427354335785, 0.025111151859164238, 0.021359547972679138, 0.021928951144218445, 0.016855213791131973, 0.018152037635445595, 0.024375369772315025, 0.024122126400470734, 0.022437026724219322, 0.020997580140829086, 0.02418808452785015, 0.02328789420425892, 0.025789735838770866, 0.024421967566013336, 0.02038094960153103, 0.019443919882178307, 0.020292161032557487, 0.02032044343650341, 0.018493441864848137, 0.0192425437271595, 0.019335687160491943, 0.019809195771813393, 0.017455890774726868, 0.017470363527536392, 0.02018943428993225, 0.019049309194087982, 0.020755775272846222, 0.019347356632351875, 0.017517631873488426, 0.017199210822582245, 0.01784644089639187, 0.017810193821787834, 0.01906060427427292, 0.01848561316728592, 0.016729040071368217, 0.01764727383852005, 0.017886534333229065, 0.01789870113134384, 0.01816996932029724, 0.01812008023262024, 0.0163457952439785, 0.016806595027446747, 0.017094766721129417, 0.017395520582795143, 0.018725182861089706, 0.01791594922542572, 0.016781901940703392, 0.017099471762776375, 0.017907563596963882, 0.01838734745979309, 0.0182492658495903, 0.017689626663923264, 0.018408391624689102, 0.018578512594103813, 0.017636261880397797, 0.018059467896819115, 0.01718619093298912, 0.017167076468467712, 0.01750323735177517, 0.017202896997332573, 0.01628732681274414, 0.016692159697413445, 0.017306340858340263, 0.016782794147729874, 0.01926025003194809, 0.019004106521606445, 0.018228447064757347, 0.01819097436964512, 0.017480384558439255, 0.017200347036123276, 0.017109917476773262, 0.017603503540158272, 0.018683619797229767, 0.0190653707832098, 0.01691383123397827, 0.016962118446826935, 0.018904633820056915, 0.019278185442090034, 0.01967686414718628, 0.019337261095643044, 0.01844988390803337, 0.018416382372379303, 0.020705128088593483, 0.0206960029900074, 0.020501868799328804, 0.019620588049292564, 0.01913013495504856, 0.01876436360180378], "position_loss": [0.007943710312247276, 0.009259024634957314, 0.019737109541893005, 0.019034840166568756, 0.01284980308264494, 0.012319054454565048, 0.013222437351942062, 0.013129767961800098, 0.011565420776605606, 0.011569224298000336, 0.011057588271796703, 0.010530058294534683, 0.011249483563005924, 0.011209765449166298, 0.00936807133257389, 0.009632410481572151, 0.0071024526841938496, 0.007670348510146141, 0.010797593742609024, 0.010678116232156754, 0.009666955098509789, 0.009056594222784042, 0.01046520471572876, 0.010110129602253437, 0.011263196356594563, 0.010658720508217812, 0.008616646751761436, 0.00823037140071392, 0.008692861534655094, 0.008697984740138054, 0.007760696578770876, 0.00813538208603859, 0.008130618371069431, 0.008365720510482788, 0.0072126733139157295, 0.007238692604005337, 0.008526772260665894, 0.008040986023843288, 0.008798563852906227, 0.008200335316359997, 0.007285288535058498, 0.00717480294406414, 0.007461339235305786, 0.0074658566154539585, 0.00805958453565836, 0.007824204862117767, 0.006970775313675404, 0.007399792317301035, 0.007478731218725443, 0.007502182386815548, 0.007585350424051285, 0.007574369665235281, 0.006754028145223856, 0.006977709475904703, 0.007114715408533812, 0.007255439180880785, 0.007825314067304134, 0.007500429172068834, 0.006924080662429333, 0.007074412424117327, 0.007488536182790995, 0.007716545835137367, 0.00754290958866477, 0.007317566312849522, 0.0077638705261051655, 0.007834353484213352, 0.00737116951495409, 0.0075545534491539, 0.00702052703127265, 0.007026292383670807, 0.007142925169318914, 0.0070436024107038975, 0.006627312861382961, 0.006813426967710257, 0.007121920585632324, 0.006907260976731777, 0.00803119782358408, 0.007926609367132187, 0.007578982040286064, 0.00758748734369874, 0.007150745484977961, 0.007063893135637045, 0.007051774300634861, 0.007268441841006279, 0.007882604375481606, 0.008065355941653252, 0.006943110376596451, 0.0069785392843186855, 0.00789966806769371, 0.008044729940593243, 0.00821149442344904, 0.008094444870948792, 0.00762107502669096, 0.007628855761140585, 0.008728542365133762, 0.008739594370126724, 0.00862883310765028, 0.008236659690737724, 0.007939815521240234, 0.007820110768079758], "gru_regularizer_loss": [0.13920889794826508, 0.134622260928154, 0.13774558901786804, 0.13388335704803467, 0.1360754519701004, 0.13019149005413055, 0.13025693595409393, 0.12662488222122192, 0.12865380942821503, 0.12744306027889252, 0.12962305545806885, 0.12428084760904312, 0.12163242697715759, 0.12311854958534241, 0.11965566873550415, 0.12157608568668365, 0.11732037365436554, 0.12330406159162521, 0.1234070211648941, 0.12296231836080551, 0.13316725194454193, 0.1252906620502472, 0.13281115889549255, 0.1269209384918213, 0.13200858235359192, 0.12608735263347626, 0.1296323984861374, 0.12429523468017578, 0.12255576252937317, 0.1242971122264862, 0.12326418608427048, 0.12434621900320053, 0.12540286779403687, 0.1261555552482605, 0.12443572282791138, 0.1233496144413948, 0.13034583628177643, 0.12465906143188477, 0.13122466206550598, 0.1233474537730217, 0.12487497180700302, 0.12169071286916733, 0.1236976683139801, 0.12257523089647293, 0.12546803057193756, 0.12227579206228256, 0.11852157115936279, 0.12180185317993164, 0.12346924841403961, 0.12237189710140228, 0.1233394518494606, 0.12217255681753159, 0.12044926732778549, 0.12155425548553467, 0.12218200415372849, 0.12318967282772064, 0.1279425024986267, 0.12248984724283218, 0.12163090705871582, 0.12274791300296783, 0.12276943027973175, 0.12374615669250488, 0.1283481866121292, 0.12484338879585266, 0.12016710638999939, 0.12177851796150208, 0.12085245549678802, 0.12255080789327621, 0.1261526644229889, 0.12524719536304474, 0.12784738838672638, 0.12463336437940598, 0.12232931703329086, 0.12371967732906342, 0.1252480000257492, 0.12207378447055817, 0.1262187957763672, 0.12488380074501038, 0.1240352913737297, 0.1229492723941803, 0.12727797031402588, 0.123898945748806, 0.12134535610675812, 0.12445226311683655, 0.12109914422035217, 0.12232927232980728, 0.12294437736272812, 0.12207986414432526, 0.12066376209259033, 0.12417003512382507, 0.1278717964887619, 0.1244724839925766, 0.12580960988998413, 0.12474796175956726, 0.12584975361824036, 0.1247137114405632, 0.12690825760364532, 0.12354186177253723, 0.12799714505672455, 0.12438265234231949],