{"loss": [0.018493596464395523, 0.021188566461205482, 0.037393637001514435, 0.03739583492279053, 0.02988104149699211, 0.02819671854376793, 0.028286635875701904, 0.028639771044254303, 0.028967808932065964, 0.028837183490395546, 0.03029821068048477, 0.029965676367282867, 0.02134748362004757, 0.021890761330723763, 0.024445081129670143, 0.024796808138489723, 0.025753846392035484, 0.025591978803277016, 0.02432997152209282, 0.024247800931334496, 0.020327609032392502, 0.020577527582645416, 0.020474189892411232, 0.021244985982775688, 0.023894764482975006, 0.023975759744644165, 0.022124776616692543, 0.022012563422322273, 0.020441584289073944, 0.02166350744664669, 0.021191652864217758, 0.020765291526913643, 0.02195550501346588, 0.021491549909114838, 0.02232835255563259, 0.021647486835718155, 0.018793761730194092, 0.019292231649160385, 0.020503582432866096, 0.020246325060725212, 0.01786331832408905, 0.018025528639554977, 0.022812727838754654, 0.022067658603191376, 0.020591169595718384, 0.020188024267554283, 0.018296070396900177, 0.018469229340553284, 0.020863205194473267, 0.020285403355956078, 0.018229730427265167, 0.016954833641648293, 0.020757760852575302, 0.02027082070708275, 0.019114218652248383, 0.01969144493341446, 0.018546931445598602, 0.019535336643457413, 0.020529985427856445, 0.019225986674427986, 0.019450172781944275, 0.020064059644937515, 0.018566055223345757, 0.018246110528707504, 0.01926138624548912, 0.019396023824810982, 0.018855398520827293, 0.019136160612106323, 0.018735351040959358, 0.01857219636440277, 0.0196173507720232, 0.019399672746658325, 0.019140318036079407, 0.018888946622610092, 0.017781279981136322, 0.018048303201794624, 0.020206857472658157, 0.020566366612911224, 0.020014308393001556, 0.019068695604801178, 0.024113526567816734, 0.022985370829701424, 0.021992886438965797, 0.022303609177470207, 0.01882285252213478, 0.01863204687833786, 0.01644238270819187, 0.017320550978183746, 0.02044464461505413, 0.020174458622932434, 0.018114866688847542, 0.01782218925654888, 0.017955180257558823, 0.017758861184120178, 0.017447415739297867, 0.017734495922923088, 0.01615927368402481, 0.016271384432911873, 0.015783898532390594, 0.015779512003064156], "position_loss": [0.007786765228956938, 0.009166817180812359, 0.017126426100730896, 0.017117176204919815, 0.013441736809909344, 0.012630055658519268, 0.012682430446147919, 0.012874392792582512, 0.013041692785918713, 0.013014884665608406, 0.013869669288396835, 0.013642025180161, 0.00932282768189907, 0.009572368115186691, 0.010831453837454319, 0.010998617857694626, 0.011426330544054508, 0.011375030502676964, 0.010745840147137642, 0.010707031935453415, 0.008887330070137978, 0.008992215618491173, 0.008955023251473904, 0.009318361058831215, 0.010704074054956436, 0.010717903263866901, 0.009764537215232849, 0.009715179912745953, 0.008979099802672863, 0.009512893855571747, 0.009164753369987011, 0.009006104432046413, 0.009465545415878296, 0.009294799529016018, 0.009721590206027031, 0.009422327391803265, 0.008043289184570312, 0.008259812369942665, 0.008811512030661106, 0.008728248998522758, 0.007547174580395222, 0.007615725044161081, 0.009977045468986034, 0.00967288576066494, 0.00890200026333332, 0.008718670345842838, 0.007757194805890322, 0.007862826809287071, 0.009036780335009098, 0.008787808939814568, 0.007664671167731285, 0.007131039164960384, 0.008973171934485435, 0.008781667798757553, 0.008227001875638962, 0.008483495563268661, 0.007993126288056374, 0.008429642766714096, 0.008800789713859558, 0.008250751532614231, 0.00844269897788763, 0.008700922131538391, 0.007853281684219837, 0.0077344379387795925, 0.008300873450934887, 0.008343823254108429, 0.00797263067215681, 0.00813398789614439, 0.00790448673069477, 0.00784575380384922, 0.008439604192972183, 0.008338188752532005, 0.008127047680318356, 0.008019414730370045, 0.007516989018768072, 0.007638321258127689, 0.008696962147951126, 0.008863791823387146, 0.008525175042450428, 0.008129216730594635, 0.01052683126181364, 0.010078378021717072, 0.009602587670087814, 0.009734498336911201, 0.00799407809972763, 0.00792071595788002, 0.006857814732939005, 0.00725881103426218, 0.008822581730782986, 0.00869730394333601, 0.007584731560200453, 0.007484523579478264, 0.0075880358926951885, 0.007500264327973127, 0.007333276327699423, 0.007467345334589481, 0.006690606474876404, 0.006757022347301245, 0.006510183680802584, 0.0065110307186841965], "gru_regularizer_loss": [0.113670714199543, 0.11228641122579575, 0.11783657968044281, 0.11885572969913483, 0.11846841871738434, 0.11497467011213303, 0.11012721061706543, 0.10913951694965363, 0.1117076724767685, 0.10884527862071991, 0.10429598391056061, 0.10681671649217606, 0.10738717019557953, 0.10884664952754974, 0.1095888763666153, 0.11063725501298904, 0.11421501636505127, 0.11271142959594727, 0.112237848341465, 0.11245724558830261, 0.10514916479587555, 0.10645214468240738, 0.10288870334625244, 0.10415466129779816, 0.10067754238843918, 0.10216830670833588, 0.10425939410924911, 0.10331600904464722, 0.09949017316102982, 0.10497356206178665, 0.11219871044158936, 0.10849545896053314, 0.1129625216126442, 0.10894712805747986, 0.10981503129005432, 0.10676614195108414, 0.10375137627124786, 0.10540589690208435, 0.10940350592136383, 0.10622256249189377, 0.10550772398710251, 0.10677686333656311, 0.11009544879198074, 0.10467371344566345, 0.10572762042284012, 0.10478118807077408, 0.10613188147544861, 0.10494213551282883, 0.10834267735481262, 0.10502313822507858, 0.1127258762717247, 0.10509487241506577, 0.10863015800714493, 0.10488075762987137, 0.1016448587179184, 0.10481049120426178, 0.10164505243301392, 0.1050466001033783, 0.11225170642137527, 0.1045687198638916, 0.09808458387851715, 0.10175150632858276, 0.10890766978263855, 0.10583660006523132, 0.10168333351612091, 0.10324002057313919, 0.10763823240995407, 0.10632773488759995, 0.10817015916109085, 0.10690745711326599, 0.1050739586353302, 0.10431511700153351, 0.1079472005367279, 0.10686898976564407, 0.10409034043550491, 0.10521648079156876, 0.10406164824962616, 0.10517437756061554, 0.11053112894296646, 0.10497591644525528, 0.11367282271385193, 0.10577766597270966, 0.10304634273052216, 0.10581467300653458, 0.10729413479566574, 0.10598402470350266, 0.10245487838983536, 0.10546895116567612, 0.1051735132932663, 0.1041921004652977, 0.10855776071548462, 0.10522399097681046, 0.10526834428310394, 0.10422608256340027, 0.10251104831695557, 0.1035967767238617, 0.10440514236688614, 0.1034957766532898, 0.10379814356565475, 0.10301680117845535],