{"loss": [0.02200986072421074, 0.0239391066133976, 0.03173990920186043, 0.033125195652246475, 0.030195079743862152, 0.031243545934557915, 0.02797308936715126, 0.027897261083126068, 0.03014492802321911, 0.031728219240903854, 0.02620689384639263, 0.024841099977493286, 0.03336397185921669, 0.03206637501716614, 0.03053208440542221, 0.030477331951260567, 0.03176154941320419, 0.029526356607675552, 0.022399011999368668, 0.022829361259937286, 0.02365650050342083, 0.024115312844514847, 0.02369990199804306, 0.023273658007383347, 0.02257123962044716, 0.022871650755405426, 0.02529056742787361, 0.024772098287940025, 0.024930156767368317, 0.024320432916283607, 0.0206808689981699, 0.022372465580701828, 0.024036580696702003, 0.022977417334914207, 0.022363552823662758, 0.02244892343878746, 0.019516490399837494, 0.019945302978157997, 0.01976861245930195, 0.019848046824336052, 0.018073858693242073, 0.018505236133933067, 0.022166423499584198, 0.021950654685497284, 0.019712714478373528, 0.019904186949133873, 0.02190212346613407, 0.021378904581069946, 0.01840626448392868, 0.018818503245711327, 0.020727872848510742, 0.019432472065091133, 0.023281343281269073, 0.021960744634270668, 0.019078083336353302, 0.019631866365671158, 0.02010525017976761, 0.020383402705192566, 0.01943618804216385, 0.01898922398686409], "position_loss": [0.009052122943103313, 0.010123354382812977, 0.014183739200234413, 0.014836149290204048, 0.013523757457733154, 0.0139376325532794, 0.012144074775278568, 0.012182108126580715, 0.013018016703426838, 0.013836866244673729, 0.011235683225095272, 0.010628525167703629, 0.014924414455890656, 0.014275949448347092, 0.013597738929092884, 0.013502871617674828, 0.014104065485298634, 0.013059103861451149, 0.009526604786515236, 0.009744293987751007, 0.010089090093970299, 0.010340607725083828, 0.010036766529083252, 0.00988464243710041, 0.009602964855730534, 0.009733879938721657, 0.01103746797889471, 0.010778774507343769, 0.010824506171047688, 0.010530468076467514, 0.008836946450173855, 0.009585760533809662, 0.010348524898290634, 0.009870436042547226, 0.009447608143091202, 0.009527196176350117, 0.008113903924822807, 0.008329684846103191, 0.008139320649206638, 0.008221899159252644, 0.0073086051270365715, 0.00753887090831995, 0.00919613242149353, 0.00914295855909586, 0.008045912720263004, 0.008178246207535267, 0.009227633476257324, 0.009014017879962921, 0.0075111533515155315, 0.007712223567068577, 0.008512070402503014, 0.007960055023431778, 0.009789499454200268, 0.009219381958246231, 0.0078009627759456635, 0.008050849661231041, 0.008336951024830341, 0.008460300043225288, 0.007868807762861252, 0.007702263072133064], "gru_regularizer_loss": [0.17751619219779968, 0.16832971572875977, 0.15313293039798737, 0.15777811408042908, 0.150709867477417, 0.16109126806259155, 0.17173917591571808, 0.16670113801956177, 0.16953369975090027, 0.1714683622121811, 0.1688861846923828, 0.1612042784690857, 0.15659037232398987, 0.15421026945114136, 0.15085069835186005, 0.15468302369117737, 0.1623539924621582, 0.15584594011306763, 0.15508726239204407, 0.1543257236480713, 0.16037291288375854, 0.15882571041584015, 0.1636296808719635, 0.15901070833206177, 0.1543356478214264, 0.15591004490852356, 0.1536431610584259, 0.1528072953224182, 0.15398959815502167, 0.15281957387924194, 0.1405407190322876, 0.15022510290145874, 0.15472598373889923, 0.1503886580467224, 0.15886256098747253, 0.1564154028892517, 0.1533815562725067, 0.1538206934928894, 0.15770459175109863, 0.15526527166366577, 0.15581032633781433, 0.1562756896018982, 0.1632780134677887, 0.16015373170375824, 0.15868288278579712, 0.1565997153520584, 0.15601617097854614, 0.15146976709365845, 0.15102051198482513, 0.15219682455062866, 0.1614363193511963, 0.15427403151988983, 0.16137108206748962, 0.1542128473520279, 0.1528182178735733, 0.15410318970680237, 0.15132975578308105, 0.1528577357530594, 0.15959002077579498, 0.15496386587619781], "l2_xdx_activation_loss": [0.0007097930065356195, 0.0006693415925838053, 0.0006133430870249867, 0.0006246809498406947, 0.000546464987564832, 0.0005854325136169791, 0.0006554916617460549, 0.0006216535111889243, 0.0008041616529226303, 0.000779575901106, 0.0006818643305450678, 0.0006569778197444975, 0.0006493885302916169, 0.0006571003468707204, 0.0006090093520469964, 0.0006412292714230716, 0.0006429358036257327, 0.0006162061472423375, 0.0005979525740258396, 0.0005988143384456635, 0.0006245060358196497, 0.0006149218534119427, 0.0006629988783970475, 0.0006377305253408849, 0.0006069598603062332, 0.0006145720835775137, 0.0005593751557171345, 0.0005618005525320768, 0.0005800583749078214, 0.0005767428083345294, 0.0005334982997737825, 0.0005658730515278876, 0.0005970653146505356, 0.0005771946161985397, 0.0006262121023610234, 0.0006097675068303943, 0.0005845974083058536, 0.0005822174134664237, 0.0006372836651280522, 0.0006168404361233115, 0.0006324898567982018, 0.0006212205626070499, 0.0007134348270483315, 0.000687374675180763, 0.000677661329973489, 0.0006602061912417412, 0.0006285395938903093, 0.0006116980803199112, 0.0006242250674404204, 0.0006236695335246623, 0.0006960974424146116, 0.000656181771773845, 0.000695852329954505, 0.0006595913437195122, 0.0006489658262580633, 0.0006626856629736722, 0.0006389915361069143, 0.0006443832535296679, 0.0007005324005149305, 0.0006779945688322186]}