{"loss": [0.021525178104639053, 0.024775879457592964, 0.053895000368356705, 0.051287129521369934, 0.029850076884031296, 0.03032294288277626, 0.03436177968978882, 0.0337211936712265, 0.028708158060908318, 0.02818823605775833, 0.03132689744234085, 0.030943738296628, 0.03100615181028843, 0.029984338209033012, 0.02467815950512886, 0.02499239519238472, 0.028797460719943047, 0.02734708972275257, 0.022926894947886467, 0.022494254633784294, 0.02311115153133869, 0.02375384420156479, 0.02542855031788349, 0.025910422205924988, 0.024442916736006737, 0.02318001724779606, 0.019092882052063942, 0.019109321758151054, 0.021873839199543, 0.021557355299592018, 0.020198523998260498, 0.02201518602669239, 0.020154085010290146, 0.01974852941930294, 0.020610852167010307, 0.021306313574314117, 0.021844543516635895, 0.0214146226644516, 0.02083916962146759, 0.02089858427643776, 0.02336374670267105, 0.022941114380955696, 0.022622140124440193, 0.021267395466566086, 0.024985384196043015, 0.024141762405633926, 0.023458540439605713, 0.023366812616586685, 0.01948479562997818, 0.020394204184412956, 0.02263808622956276, 0.022778553888201714, 0.024118054658174515, 0.023919036611914635, 0.023261811584234238, 0.02388826385140419, 0.01987268775701523, 0.019670790061354637, 0.025818977504968643, 0.025748496875166893], "position_loss": [0.008596551604568958, 0.010313301347196102, 0.024901969358325005, 0.02364288829267025, 0.01296437531709671, 0.013226673007011414, 0.014914307743310928, 0.014690731652081013, 0.012170889414846897, 0.011999459937214851, 0.013623645529150963, 0.013452061451971531, 0.013550099916756153, 0.013047761283814907, 0.010366315953433514, 0.010549422353506088, 0.012289050035178661, 0.011711486615240574, 0.009472412057220936, 0.009285633452236652, 0.009685138240456581, 0.009948638267815113, 0.010665664449334145, 0.010918905958533287, 0.009988836944103241, 0.00949031487107277, 0.007616746239364147, 0.007646441459655762, 0.009039349853992462, 0.008902332745492458, 0.00820114091038704, 0.009038539603352547, 0.008036286570131779, 0.007905123755335808, 0.008422945626080036, 0.008718563243746758, 0.008875863626599312, 0.008740887977182865, 0.008374195545911789, 0.00841143261641264, 0.009565737098455429, 0.009428746066987514, 0.009086129255592823, 0.00853688083589077, 0.010295474901795387, 0.009995238855481148, 0.009659552946686745, 0.009619658812880516, 0.007756635081022978, 0.008199082687497139, 0.009293450973927975, 0.009362836368381977, 0.00981586892157793, 0.009790860116481781, 0.009507404640316963, 0.009833268821239471, 0.007904606871306896, 0.007841253653168678, 0.010960524901747704, 0.010937856510281563], "gru_regularizer_loss": [0.22825786471366882, 0.21727758646011353, 0.211393341422081, 0.20549462735652924, 0.2058587521314621, 0.2040380984544754, 0.22283008694648743, 0.21539120376110077, 0.22453224658966064, 0.21676139533519745, 0.2139226198196411, 0.21137410402297974, 0.20589680969715118, 0.20418713986873627, 0.20619532465934753, 0.20405927300453186, 0.2196936309337616, 0.20441681146621704, 0.2069018930196762, 0.20469754934310913, 0.1987457275390625, 0.20531654357910156, 0.210819274187088, 0.21178607642650604, 0.22699126601219177, 0.21445240080356598, 0.20515695214271545, 0.20308831334114075, 0.2027358114719391, 0.20066212117671967, 0.19549477100372314, 0.20537132024765015, 0.21233409643173218, 0.20543941855430603, 0.19679482281208038, 0.20284512639045715, 0.20947685837745667, 0.20255130529403687, 0.20475566387176514, 0.2059335559606552, 0.21408100426197052, 0.20706899464130402, 0.22104957699775696, 0.20916442573070526, 0.2163943350315094, 0.20493797957897186, 0.20208576321601868, 0.20335835218429565, 0.19946524500846863, 0.20138540863990784, 0.20150309801101685, 0.20294421911239624, 0.21274222433567047, 0.20874232053756714, 0.20477816462516785, 0.20544099807739258, 0.20278716087341309, 0.2002728283405304, 0.19751131534576416, 0.19575195014476776], "l2_xdx_activation_loss": [0.0006828224868513644, 0.0006584909278899431, 0.0006586998933926225, 0.0006484606419689953, 0.0006205695681273937, 0.0006093949778005481, 0.0007679443806409836, 0.0007282629958353937, 0.0007066757534630597, 0.0006735572242178023, 0.0006464501493610442, 0.0006416148389689624, 0.0006153177237138152, 0.0006153045105747879, 0.0006275149062275887, 0.0006173095316626132, 0.0006737983203493059, 0.0006263062823563814, 0.0006373407668434083, 0.000624994223471731, 0.0005841291858814657, 0.0006007901392877102, 0.0006626663380302489, 0.0006512397085316479, 0.0007314335671253502, 0.0006846115575172007, 0.0006022634916007519, 0.0005948423058725893, 0.0005889168241992593, 0.0005816795164719224, 0.000613420910667628, 0.0006277871434576809, 0.0006523797637782991, 0.0006276186322793365, 0.000598660612013191, 0.000613234587945044, 0.0006656718906015158, 0.0006354344659484923, 0.000680730037856847, 0.0006717838114127517, 0.0006968099623918533, 0.000670633336994797, 0.0007461176719516516, 0.0007003190112300217, 0.000743152922950685, 0.000700290547683835, 0.0007058483315631747, 0.0006976260337978601, 0.0006586130475625396, 0.0006603837246075273, 0.0006783741991966963, 0.000674135924782604, 0.0007859537727199495, 0.0007496195030398667, 0.0007327292114496231, 0.0007220942643471062, 0.0006781896227039397, 0.0006615067832171917, 0.0006405934691429138, 0.0006380764534696937]}