{"loss": [0.01984548382461071, 0.025090137496590614, 0.060637082904577255, 0.057751331478357315, 0.028704864904284477, 0.03025577776134014, 0.03774815425276756, 0.038063254207372665, 0.02824883908033371, 0.029254117980599403, 0.03155837580561638, 0.03151487186551094, 0.026446135714650154, 0.02636348269879818, 0.02698502130806446, 0.027265280485153198, 0.021932002156972885, 0.02134297788143158, 0.023785633966326714, 0.024083664640784264, 0.02128334529697895, 0.021588901057839394, 0.019430795684456825, 0.020537376403808594, 0.023016853258013725, 0.023455630987882614, 0.02208775281906128, 0.022298969328403473, 0.01923491060733795, 0.020551705732941628, 0.01939062774181366, 0.01973230391740799, 0.01891534961760044, 0.019642041996121407, 0.02125764638185501, 0.02078198827803135, 0.020135298371315002, 0.020281251519918442, 0.018986765295267105, 0.019424859434366226, 0.021076835691928864, 0.020759761333465576, 0.01796247996389866, 0.018882330507040024, 0.018284574151039124, 0.01842297613620758, 0.019023476168513298, 0.018083609640598297, 0.020649464800953865, 0.02041964791715145, 0.01982773467898369, 0.019846657291054726, 0.019315721467137337, 0.018473520874977112, 0.017448976635932922, 0.018267735838890076, 0.019305098801851273, 0.019619397819042206, 0.01727675274014473, 0.018162762746214867], "position_loss": [0.008103152737021446, 0.01074642688035965, 0.02871350198984146, 0.02730425074696541, 0.01272639725357294, 0.013524390757083893, 0.01711232401430607, 0.017300911247730255, 0.012463468126952648, 0.012952076271176338, 0.014195737428963184, 0.014152158983051777, 0.01165380235761404, 0.01161639578640461, 0.011886496096849442, 0.012036227621138096, 0.009302225895226002, 0.009055107831954956, 0.010263619013130665, 0.010402334854006767, 0.0090108010917902, 0.009180438704788685, 0.008105126209557056, 0.008618878200650215, 0.009927632287144661, 0.010129567235708237, 0.009475975297391415, 0.009560828097164631, 0.008036204613745213, 0.008633066900074482, 0.008036849088966846, 0.008225598372519016, 0.007868364453315735, 0.008191315457224846, 0.00894051231443882, 0.008747072890400887, 0.008428006432950497, 0.008506584912538528, 0.007937130518257618, 0.008134454488754272, 0.008838857524096966, 0.008696569129824638, 0.00740815931931138, 0.007806430105119944, 0.0075162374414503574, 0.0075912741012871265, 0.0077388714998960495, 0.007350882515311241, 0.00864383578300476, 0.008539092727005482, 0.008232737891376019, 0.008262700401246548, 0.007950585335493088, 0.007602659985423088, 0.0071068718098104, 0.007474764250218868, 0.008060877211391926, 0.008204334415495396, 0.007017842028290033, 0.007433256134390831], "gru_regularizer_loss": [0.16654381155967712, 0.16749024391174316, 0.16271010041236877, 0.15909957885742188, 0.15990221500396729, 0.15890604257583618, 0.1664401739835739, 0.16689495742321014, 0.16041415929794312, 0.1647520661354065, 0.15909627079963684, 0.1612969934940338, 0.15808364748954773, 0.1576649248600006, 0.1555224508047104, 0.1550837606191635, 0.16131114959716797, 0.15771465003490448, 0.15807026624679565, 0.1600891351699829, 0.1586703062057495, 0.15757034718990326, 0.15316715836524963, 0.15785402059555054, 0.1536484658718109, 0.15577036142349243, 0.1538584977388382, 0.15632005035877228, 0.14913173019886017, 0.15679606795310974, 0.15932005643844604, 0.1579962521791458, 0.15284091234207153, 0.1577516347169876, 0.16031001508235931, 0.1566355973482132, 0.15475210547447205, 0.1547892987728119, 0.152003675699234, 0.1547347903251648, 0.15996643900871277, 0.1589948534965515, 0.1500551402568817, 0.15585488080978394, 0.155037522315979, 0.15441825985908508, 0.1635531336069107, 0.15733180940151215, 0.15744957327842712, 0.1571250706911087, 0.15779605507850647, 0.1570912003517151, 0.16262099146842957, 0.1557789146900177, 0.1501365751028061, 0.15549515187740326, 0.15183262526988983, 0.15385277569293976, 0.15170346200466156, 0.1559949517250061], "l2_xdx_activation_loss": [0.0006575455190613866, 0.0006404262967407703, 0.0005272909766063094, 0.0005169087671674788, 0.0005506480811163783, 0.0005389433936215937, 0.0006193341105245054, 0.0005971265491098166, 0.0005722186178900301, 0.0005671136896125972, 0.0005249439855106175, 0.0005321596981957555, 0.0005188632057979703, 0.0005176451522856951, 0.0005518999532796443, 0.0005469609750434756, 0.0005711110425181687, 0.0005515033844858408, 0.000558862928301096, 0.0005589990760199726, 0.0005579785793088377, 0.0005504050641320646, 0.0005625892663374543, 0.000573325261939317, 0.0005413324688561261, 0.0005458955420181155, 0.0005320371128618717, 0.0005376689950935543, 0.0005566926556639373, 0.0005721686175093055, 0.0005742072244174778, 0.0005666794022545218, 0.0005497019737958908, 0.0005602626479230821, 0.000590805197134614, 0.0005734603619202971, 0.0005768862320110202, 0.0005730283446609974, 0.0005304540391080081, 0.0005358323687687516, 0.0005994502571411431, 0.0005918560200370848, 0.0005481677362695336, 0.0005699384491890669, 0.0005668721860274673, 0.0005650455132126808, 0.0006363647407852113, 0.000602472631726414, 0.0005953963263891637, 0.0005897008813917637, 0.0005943967844359577, 0.0005830794107168913, 0.000595743884332478, 0.0005697676097042859, 0.0005775864701718092, 0.0005873825866729021, 0.0005546368192881346, 0.0005570309585891664, 0.0005743090296164155, 0.0005783972446806729]}