{"loss": [0.018440786749124527, 0.022036828100681305, 0.042196739464998245, 0.040632862597703934, 0.04459526389837265, 0.04399840906262398, 0.04446001350879669, 0.0440339520573616, 0.03050743043422699, 0.03140075504779816, 0.03901238366961479, 0.0376131497323513, 0.026558872312307358, 0.026139331981539726, 0.027291905134916306, 0.027734799310564995, 0.02298380248248577, 0.023903537541627884, 0.033485013991594315, 0.032907597720623016, 0.03194615617394447, 0.030870569869875908, 0.021802188828587532, 0.021998785436153412, 0.027288371697068214, 0.028650512918829918, 0.027229268103837967, 0.026367560029029846, 0.02077743224799633, 0.02132600173354149, 0.027555938810110092, 0.027575435116887093, 0.02465752884745598, 0.02483929693698883, 0.024741552770137787, 0.024334223940968513, 0.025618568062782288, 0.025096656754612923, 0.019693326205015182, 0.019475363194942474, 0.0221379566937685, 0.0218275785446167, 0.020597882568836212, 0.02028263732790947, 0.022834794595837593, 0.02209853194653988, 0.019328726455569267, 0.018764687702059746, 0.01897267811000347, 0.019626716151833534, 0.01884678564965725, 0.018787018954753876, 0.01818418689072132, 0.018459953367710114, 0.020995186641812325, 0.020475344732403755, 0.017431916669011116, 0.018290137872099876, 0.022549226880073547, 0.021831439808011055, 0.020499251782894135, 0.019377388060092926, 0.02025662362575531, 0.020306332036852837, 0.021730322390794754, 0.021632157266139984, 0.019362561404705048, 0.018878858536481857, 0.018741140142083168, 0.019143296405673027, 0.019129173830151558, 0.01876022107899189, 0.018293965607881546, 0.018393073230981827, 0.017221854999661446, 0.017215048894286156, 0.018084609881043434, 0.018534250557422638, 0.0193607397377491, 0.018544930964708328, 0.017315227538347244, 0.017104459926486015, 0.017100820317864418, 0.018151836469769478, 0.018131745979189873, 0.018736204132437706, 0.02031967043876648, 0.019607700407505035, 0.019983714446425438, 0.02061793953180313, 0.019556300714612007, 0.020747093483805656, 0.020618988201022148, 0.020398281514644623, 0.022666415199637413, 0.022683147341012955, 0.023109938949346542, 0.021637585014104843, 0.02037036418914795, 0.020136628299951553], "position_loss": [0.007657878566533327, 0.0094063151627779, 0.019358327612280846, 0.018670469522476196, 0.020299986004829407, 0.020114772021770477, 0.02048088051378727, 0.02030850760638714, 0.013732114806771278, 0.014101892709732056, 0.01787692867219448, 0.017257049679756165, 0.01170949824154377, 0.011554747819900513, 0.012163562700152397, 0.012407873757183552, 0.01008900161832571, 0.010502513498067856, 0.015254640951752663, 0.014998937956988811, 0.01451095100492239, 0.013985410332679749, 0.009442772716283798, 0.009590864181518555, 0.012271333485841751, 0.01290915347635746, 0.01205179002135992, 0.01170163694769144, 0.008965950459241867, 0.009218912571668625, 0.01233632117509842, 0.012321875430643559, 0.010764505714178085, 0.010888890363276005, 0.010702707804739475, 0.010573389008641243, 0.011190099641680717, 0.010993925854563713, 0.00834216084331274, 0.008275812491774559, 0.009587530978024006, 0.0094368951395154, 0.008811590261757374, 0.008704408071935177, 0.009787100367248058, 0.009479312226176262, 0.008003215305507183, 0.007794009521603584, 0.008076625876128674, 0.00836250651627779, 0.007929419167339802, 0.007922985590994358, 0.007508914452046156, 0.007656795904040337, 0.008982503786683083, 0.008767683058977127, 0.0073558129370212555, 0.0077340733259916306, 0.009756618179380894, 0.009471765719354153, 0.008700958453118801, 0.008218294009566307, 0.00854738149791956, 0.00860521662980318, 0.009213129058480263, 0.009214082732796669, 0.00804715696722269, 0.00784801971167326, 0.007963726297020912, 0.00814351998269558, 0.008045614697039127, 0.007891308516263962, 0.007579616736620665, 0.007652902975678444, 0.006976923439651728, 0.007005258463323116, 0.007522872183471918, 0.007724558934569359, 0.008097833022475243, 0.007745027542114258, 0.006975500378757715, 0.006929543800652027, 0.007027468644082546, 0.007502915803343058, 0.00750260055065155, 0.007807108107954264, 0.008588884957134724, 0.008316980674862862, 0.00845613144338131, 0.00875261053442955, 0.008306977339088917, 0.008870950900018215, 0.008745068684220314, 0.008663556538522243, 0.009782219305634499, 0.009818830527365208, 0.009975793771445751, 0.009317892603576183, 0.008617370389401913, 0.008554489351809025], "gru_regularizer_loss": [0.13040177524089813, 0.1322232037782669, 0.14446088671684265, 0.13737279176712036, 0.14423786103725433, 0.13852690160274506, 0.13510435819625854, 0.13448625802993774, 0.12476927042007446, 0.1319572776556015, 0.13674111664295197, 0.13051965832710266, 0.13111691176891327, 0.12711560726165771, 0.12369010597467422, 0.12215741723775864, 0.11866852641105652, 0.12207308411598206, 0.12752176821231842, 0.12391098588705063, 0.12492254376411438, 0.12356182932853699, 0.12545433640480042, 0.1216002032160759, 0.11620321124792099, 0.12080688029527664, 0.12986315786838531, 0.12361058592796326, 0.12039174139499664, 0.12139887362718582, 0.12291011214256287, 0.12374896556138992, 0.1281794011592865, 0.1260729432106018, 0.13168999552726746, 0.12706226110458374, 0.12842246890068054, 0.12428571283817291, 0.12556348741054535, 0.12181586772203445, 0.12333135306835175, 0.12192824482917786, 0.12422990798950195, 0.12048322707414627, 0.12936076521873474, 0.1250942349433899, 0.1308322548866272, 0.1264355182647705, 0.11740876734256744, 0.1202826201915741, 0.12302765995264053, 0.12122869491577148, 0.12461064755916595, 0.12467952817678452, 0.12562650442123413, 0.12179313600063324, 0.1152273491024971, 0.11816073954105377, 0.12488308548927307, 0.11901974678039551, 0.12605257332324982, 0.12006505578756332, 0.1265638917684555, 0.12444942444562912, 0.12955597043037415, 0.1269156038761139, 0.1280737668275833, 0.12564674019813538, 0.11695148050785065, 0.11779999732971191, 0.12138944864273071, 0.11971461772918701, 0.12411864101886749, 0.1223437637090683, 0.12499991804361343, 0.12306368350982666, 0.11806713789701462, 0.11894016712903976, 0.12273740768432617, 0.11901845037937164, 0.12702956795692444, 0.12291620671749115, 0.11839862167835236, 0.1227453276515007, 0.12119841575622559, 0.12136010080575943, 0.12494345009326935, 0.11892080307006836, 0.1198360025882721, 0.12182249128818512, 0.11712553352117538, 0.11954181641340256, 0.12120901793241501, 0.11945036798715591, 0.12255194783210754, 0.12051178514957428, 0.12503118813037872, 0.11902663111686707, 0.12274648249149323, 0.11907046288251877],