{"loss": [0.020777853205800056, 0.024535639211535454, 0.05205550789833069, 0.049018457531929016, 0.03288264945149422, 0.0334998294711113, 0.04073595255613327, 0.04014657065272331, 0.02553490176796913, 0.025394150987267494, 0.03768442943692207, 0.03783842548727989, 0.04087762534618378, 0.039574604481458664, 0.0321420282125473, 0.030948353931307793, 0.025969726964831352, 0.026531562209129333, 0.02681626006960869, 0.026689931750297546, 0.029476607218384743, 0.029219862073659897, 0.025116370990872383, 0.025371331721544266, 0.02565489523112774, 0.025541778653860092, 0.02817075327038765, 0.027870526537299156, 0.02902602031826973, 0.02828001230955124, 0.023406509310007095, 0.02388053387403488, 0.024837832897901535, 0.02412167750298977, 0.02499634213745594, 0.02523384988307953, 0.023252317681908607, 0.02316294237971306, 0.02178257703781128, 0.0220988467335701, 0.02592400275170803, 0.026022737845778465, 0.02048700675368309, 0.019885800778865814, 0.025674445554614067, 0.025512637570500374, 0.02321743592619896, 0.02345462329685688, 0.020654398947954178, 0.0208580382168293, 0.02244967594742775, 0.023313680663704872, 0.020274365320801735, 0.02088642679154873, 0.02337883599102497, 0.02261834591627121, 0.0194851141422987, 0.020352952182292938, 0.022350996732711792, 0.022220797836780548], "position_loss": [0.008197269402444363, 0.010127706453204155, 0.023994486778974533, 0.02249951846897602, 0.014057960361242294, 0.014477672055363655, 0.018214114010334015, 0.017978526651859283, 0.010805536061525345, 0.010743372142314911, 0.016945883631706238, 0.01695207692682743, 0.018497563898563385, 0.017841676250100136, 0.014208529144525528, 0.013662758283317089, 0.011190813034772873, 0.011510809883475304, 0.011458811350166798, 0.011479433625936508, 0.012812115252017975, 0.012765105813741684, 0.010812580585479736, 0.010952714830636978, 0.011111688800156116, 0.011053898371756077, 0.012417583726346493, 0.012282561510801315, 0.012871947139501572, 0.012518695555627346, 0.009945370256900787, 0.01019391231238842, 0.01046338677406311, 0.010186292231082916, 0.010685715824365616, 0.01084999367594719, 0.009867984801530838, 0.009835198521614075, 0.009103262796998024, 0.00930212065577507, 0.011109493672847748, 0.011174838989973068, 0.008502625860273838, 0.008254888467490673, 0.01100839301943779, 0.010964208282530308, 0.009745768271386623, 0.009883211925625801, 0.008483919315040112, 0.008598779328167439, 0.009522974491119385, 0.009886548854410648, 0.0082772858440876, 0.008588180877268314, 0.009810106828808784, 0.00948856957256794, 0.007925502024590969, 0.008364301174879074, 0.009259765967726707, 0.009242682717740536], "gru_regularizer_loss": [0.1940372735261917, 0.18853670358657837, 0.1866471767425537, 0.18551892042160034, 0.20118774473667145, 0.1943867802619934, 0.1895231455564499, 0.18704122304916382, 0.18195441365242004, 0.1808353215456009, 0.17298273742198944, 0.17667518556118011, 0.17077672481536865, 0.1708570271730423, 0.17223235964775085, 0.16801849007606506, 0.17244087159633636, 0.17044520378112793, 0.1826765537261963, 0.17669011652469635, 0.1834152638912201, 0.17726075649261475, 0.17187879979610443, 0.17211675643920898, 0.1675354242324829, 0.1685897409915924, 0.1647759974002838, 0.1637197881937027, 0.16452719271183014, 0.1630285531282425, 0.16689226031303406, 0.16754047572612762, 0.1819038689136505, 0.17571766674518585, 0.17367148399353027, 0.1708514392375946, 0.16903047263622284, 0.16988937556743622, 0.1695411205291748, 0.16732102632522583, 0.17096969485282898, 0.17119218409061432, 0.1708860695362091, 0.1662481427192688, 0.17211966216564178, 0.16988563537597656, 0.17258568108081818, 0.17326870560646057, 0.171879842877388, 0.17239902913570404, 0.16085779666900635, 0.16830091178417206, 0.1697205901145935, 0.17059248685836792, 0.17401669919490814, 0.16883710026741028, 0.1682586818933487, 0.16899608075618744, 0.17549312114715576, 0.1726776361465454], "l2_xdx_activation_loss": [0.0008139602141454816, 0.0007979324436746538, 0.0007330008083954453, 0.000721058517228812, 0.0009179299813695252, 0.0008665195200592279, 0.0008038108935579658, 0.000772680330555886, 0.0007010744884610176, 0.000699330703355372, 0.0006872581434436142, 0.0007221528212539852, 0.0007245562737807631, 0.0007272070506587625, 0.0006671951268799603, 0.0006471973028965294, 0.0006208769045770168, 0.0006014761747792363, 0.0006902702152729034, 0.0006543674389831722, 0.0006723874830640852, 0.0006386602763086557, 0.0005904533318243921, 0.0005812239833176136, 0.0005850336747244, 0.000582340988330543, 0.0005622552707791328, 0.000555714825168252, 0.0005452639306895435, 0.0005370911676436663, 0.0006152617861516774, 0.0006054143887013197, 0.0006969866226427257, 0.0006636181497015059, 0.0006290439632721245, 0.0006080942112021148, 0.000608326867222786, 0.000597529811784625, 0.0006265256088227034, 0.0006067766225896776, 0.000664751511067152, 0.0006533584091812372, 0.000590610085055232, 0.00057082693092525, 0.0006451331428252161, 0.0006281003006733954, 0.0006663266685791314, 0.0006514835986308753, 0.0006555663421750069, 0.0006451414665207267, 0.000598028302192688, 0.0006188370753079653, 0.0006738418596796691, 0.0006676925113424659, 0.0006724639679305255, 0.0006505913916043937, 0.000650153262540698, 0.0006444418686442077, 0.0006918234867043793, 0.00066919787786901]}