{"loss": [0.01853976398706436, 0.02227797545492649, 0.04423097148537636, 0.043858274817466736, 0.02717968076467514, 0.027256755158305168, 0.03274502232670784, 0.032090943306684494, 0.02134076878428459, 0.02170805260539055, 0.02726326882839203, 0.02664697729051113, 0.021538816392421722, 0.02110760100185871, 0.023867597803473473, 0.023506976664066315, 0.026421230286359787, 0.026468003168702126, 0.02240019477903843, 0.022235674783587456, 0.019146310165524483, 0.01953715831041336, 0.020972102880477905, 0.02149224281311035, 0.020661700516939163, 0.019956903532147408, 0.019376378506422043, 0.01879751682281494, 0.020027676597237587, 0.02009100280702114, 0.022951608523726463, 0.02190321870148182, 0.021835235878825188, 0.021281803026795387, 0.0222256351262331, 0.02203826606273651, 0.020166413858532906, 0.019476501271128654, 0.024684878066182137, 0.02331993170082569, 0.019616350531578064, 0.018679363653063774, 0.023981664329767227, 0.022976823151111603, 0.019595954567193985, 0.0191812627017498, 0.023036347702145576, 0.021939972415566444, 0.020840924233198166, 0.020170025527477264, 0.023306051269173622, 0.02251528389751911, 0.020210716873407364, 0.02034284919500351, 0.02222423255443573, 0.020979322493076324, 0.017587367445230484, 0.017732534557580948, 0.018420008942484856, 0.01847325824201107, 0.017807556316256523, 0.017397155985236168, 0.019609197974205017, 0.01886121742427349, 0.018519291654229164, 0.017991965636610985, 0.01712987571954727, 0.01724354363977909, 0.01723303832113743, 0.016440358012914658, 0.017797155305743217, 0.017248613759875298, 0.018292570486664772, 0.017753085121512413, 0.018979841843247414, 0.018054140731692314, 0.018314223736524582, 0.018030472099781036, 0.01676400750875473, 0.017854630947113037, 0.017265209928154945, 0.01637910306453705, 0.018231121823191643, 0.017601944506168365, 0.016455667093396187, 0.01679140143096447, 0.016606774181127548, 0.017096111550927162, 0.01640983484685421, 0.016382552683353424, 0.015809040516614914, 0.01580800674855709, 0.01723317801952362, 0.017289504408836365, 0.01700173318386078, 0.016637038439512253, 0.016630230471491814, 0.0172156672924757, 0.016884231939911842, 0.017186541110277176], "position_loss": [0.00779498927295208, 0.009700600057840347, 0.020624151453375816, 0.020418785512447357, 0.011870870366692543, 0.011972923763096333, 0.014806563965976238, 0.014486231841146946, 0.009147930890321732, 0.009352076798677444, 0.012119550257921219, 0.011851572431623936, 0.0092361681163311, 0.00906835962086916, 0.010342075489461422, 0.01023038849234581, 0.011801199987530708, 0.011801493354141712, 0.009714660234749317, 0.009647711180150509, 0.008044660091400146, 0.00822931993752718, 0.00908714160323143, 0.00931120477616787, 0.008808775804936886, 0.008505218662321568, 0.008138900622725487, 0.00789442379027605, 0.008492830209434032, 0.008521022275090218, 0.009920394979417324, 0.009471509605646133, 0.009444118477404118, 0.009216593578457832, 0.009499249048531055, 0.00944913923740387, 0.008380843326449394, 0.008138288743793964, 0.010679120197892189, 0.01011517271399498, 0.008179792203009129, 0.007800546940416098, 0.010328905656933784, 0.009921704418957233, 0.008171122521162033, 0.008030762895941734, 0.009944643825292587, 0.009479351341724396, 0.008783077821135521, 0.008547605946660042, 0.010046997107565403, 0.009708225727081299, 0.008537487126886845, 0.0086129792034626, 0.0095213009044528, 0.008971262723207474, 0.007276596035808325, 0.007374502718448639, 0.007701626047492027, 0.007748612202703953, 0.007287968415766954, 0.007155039347708225, 0.008158480748534203, 0.007853679358959198, 0.007664092350751162, 0.007454520091414452, 0.0069311452098190784, 0.007014269009232521, 0.006900861859321594, 0.006580821704119444, 0.007266690954566002, 0.007040784694254398, 0.007516335230320692, 0.007315598428249359, 0.007716933265328407, 0.007358340080827475, 0.007531484588980675, 0.0074371760711073875, 0.006763645447790623, 0.007291982416063547, 0.006962927058339119, 0.006601189263164997, 0.007477267179638147, 0.007220048923045397, 0.006678593344986439, 0.006832011975347996, 0.00670094508677721, 0.006946427281945944, 0.006627802737057209, 0.006646561902016401, 0.006315135862678289, 0.006346148904412985, 0.007030037697404623, 0.007074648514389992, 0.0068455352447927, 0.006708796601742506, 0.0067210630513727665, 0.007000105921179056, 0.006692111026495695, 0.006859137676656246], "gru_regularizer_loss": [0.1391630321741104, 0.1375112533569336, 0.13471530377864838, 0.1387651264667511, 0.1511121690273285, 0.1465369015932083, 0.14328204095363617, 0.14184807240962982, 0.1389598250389099, 0.1377643495798111, 0.1390739381313324, 0.13551029562950134, 0.14029450714588165, 0.13635806739330292, 0.14419162273406982, 0.1395867019891739, 0.13262099027633667, 0.13624373078346252, 0.13739824295043945, 0.13595187664031982, 0.1361420452594757, 0.13723929226398468, 0.12797603011131287, 0.13230416178703308, 0.1365806758403778, 0.13289880752563477, 0.1390402913093567, 0.1350104808807373, 0.13401448726654053, 0.13529883325099945, 0.14123108983039856, 0.13466490805149078, 0.13510805368423462, 0.13142216205596924, 0.13727962970733643, 0.13551031053066254, 0.14603087306022644, 0.1386547088623047, 0.14636802673339844, 0.1366463452577591, 0.14393652975559235, 0.13684552907943726, 0.14263220131397247, 0.13558262586593628, 0.14005373418331146, 0.13576717674732208, 0.14197789132595062, 0.1351122260093689, 0.14356422424316406, 0.13628816604614258, 0.13929153978824615, 0.13491861522197723, 0.13633443415164948, 0.13491643965244293, 0.1417008340358734, 0.1349116414785385, 0.13423782587051392, 0.13270451128482819, 0.13382753729820251, 0.13244378566741943, 0.139102965593338, 0.1346803456544876, 0.13992048799991608, 0.13558799028396606, 0.13867869973182678, 0.1346345692873001, 0.1377602219581604, 0.1360723078250885, 0.14395418763160706, 0.13712722063064575, 0.13827119767665863, 0.1342824548482895, 0.13934257626533508, 0.13500577211380005, 0.14674289524555206, 0.13920603692531586, 0.13788196444511414, 0.13601252436637878, 0.1334468126296997, 0.13673706352710724, 0.14242108166217804, 0.13564927875995636, 0.13921338319778442, 0.13503582775592804, 0.13300256431102753, 0.13406004011631012, 0.1349642276763916, 0.1357235610485077, 0.13591615855693817, 0.13434337079524994, 0.13505519926548004, 0.13354746997356415, 0.13717105984687805, 0.1356179118156433, 0.14121270179748535, 0.13686883449554443, 0.13332074880599976, 0.1345529556274414, 0.13968907296657562, 0.14010494947433472],