{"loss": [0.020864905789494514, 0.024379821494221687, 0.05002598091959953, 0.050079748034477234, 0.024445343762636185, 0.024743178859353065, 0.03521154820919037, 0.03531662002205849, 0.031836897134780884, 0.030906829982995987, 0.026469223201274872, 0.024574948474764824, 0.02752680517733097, 0.027120579034090042, 0.028860924765467644, 0.02774592489004135, 0.020076725631952286, 0.021731272339820862, 0.025141263380646706, 0.026163700968027115, 0.02153916470706463, 0.02274768240749836, 0.025204556062817574, 0.02476470172405243, 0.026423189789056778, 0.025790516287088394, 0.025532566010951996, 0.024901151657104492, 0.02389177307486534, 0.023767147213220596, 0.018573500216007233, 0.019075799733400345, 0.0247008316218853, 0.024582721292972565, 0.021112222224473953, 0.02135688066482544, 0.020066458731889725, 0.02041543647646904, 0.02069098688662052, 0.020529769361019135, 0.021020039916038513, 0.019982924684882164, 0.01800932176411152, 0.018513554707169533, 0.019751140847802162, 0.01916949450969696, 0.02113170363008976, 0.020490936934947968, 0.01888883300125599, 0.019389061257243156, 0.018945474177598953, 0.01938600093126297, 0.01902071386575699, 0.019439363852143288, 0.02149711735546589, 0.020825184881687164, 0.01967361383140087, 0.01921048015356064, 0.018389996141195297, 0.018914319574832916], "position_loss": [0.00847255066037178, 0.010306324809789658, 0.023436956107616425, 0.023356124758720398, 0.01040954515337944, 0.010632606223225594, 0.015462314710021019, 0.01561036892235279, 0.013965347781777382, 0.013573963195085526, 0.0113839041441679, 0.01055813953280449, 0.012076863087713718, 0.01187819242477417, 0.012776670046150684, 0.012221680954098701, 0.00837938766926527, 0.0092066815122962, 0.010757362470030785, 0.01128171756863594, 0.009099248796701431, 0.009645715355873108, 0.010874572210013866, 0.010701486840844154, 0.011517065577208996, 0.011219821870326996, 0.011014264076948166, 0.010757704265415668, 0.010154735296964645, 0.010138553567230701, 0.007489361800253391, 0.007749555166810751, 0.010553729720413685, 0.010529271326959133, 0.008770700544118881, 0.008916337043046951, 0.008252095431089401, 0.00844492670148611, 0.008664696477353573, 0.00861234962940216, 0.00868871808052063, 0.008268976584076881, 0.007279493845999241, 0.007538586854934692, 0.008082243613898754, 0.007857262156903744, 0.008819449692964554, 0.008545726537704468, 0.007712014950811863, 0.007962426170706749, 0.007769819349050522, 0.007987999357283115, 0.00781988725066185, 0.0080203115940094, 0.008876961655914783, 0.008615990169346333, 0.008030394092202187, 0.007860344834625721, 0.007527370937168598, 0.007787906564772129], "gru_regularizer_loss": [0.1718120127916336, 0.16634394228458405, 0.15146902203559875, 0.15986067056655884, 0.16504642367362976, 0.15959040820598602, 0.17509259283542633, 0.17105013132095337, 0.17360356450080872, 0.16770793497562408, 0.17058342695236206, 0.15935207903385162, 0.15557169914245605, 0.15467163920402527, 0.15516045689582825, 0.15409013628959656, 0.15380968153476715, 0.15482887625694275, 0.15770916640758514, 0.15843598544597626, 0.15027514100074768, 0.15749098360538483, 0.1605357974767685, 0.15595389902591705, 0.15698260068893433, 0.15534956753253937, 0.15816085040569305, 0.1535036712884903, 0.1586225926876068, 0.1561349481344223, 0.15815846621990204, 0.1588335633277893, 0.16128945350646973, 0.1588999480009079, 0.15741001069545746, 0.15780353546142578, 0.15574431419372559, 0.15626558661460876, 0.15269383788108826, 0.1510869860649109, 0.16332992911338806, 0.155125692486763, 0.15404070913791656, 0.15465371310710907, 0.1598968505859375, 0.15469761192798615, 0.1567329466342926, 0.15210796892642975, 0.15278121829032898, 0.1537439227104187, 0.15202398598194122, 0.15310342609882355, 0.1518716961145401, 0.15291047096252441, 0.16041333973407745, 0.15524008870124817, 0.1587076336145401, 0.1538439691066742, 0.14893190562725067, 0.1502375304698944], "l2_xdx_activation_loss": [0.0007335749105550349, 0.0007009236724115908, 0.0005454726051539183, 0.000589310540817678, 0.000658277131151408, 0.0006270355661399662, 0.0008450117893517017, 0.0007948073907755315, 0.0007230685441754758, 0.0006936219288036227, 0.0006648733979091048, 0.0006213958258740604, 0.0006054674740880728, 0.0006055059493519366, 0.0005850071902386844, 0.0005869010929018259, 0.0005929652834311128, 0.0005895538488402963, 0.0006828288314864039, 0.0006716488860547543, 0.000612319097854197, 0.0006267947610467672, 0.0006163647631183267, 0.000600410217884928, 0.0006060904124751687, 0.0005988049088045955, 0.0006404894520528615, 0.0006165812956169248, 0.0006650383002124727, 0.0006425761966966093, 0.0006707437569275498, 0.0006624644156545401, 0.0006598388426937163, 0.00064473896054551, 0.0006652528536505997, 0.0006484028999693692, 0.0006679543294012547, 0.0006539886817336082, 0.0006112315459176898, 0.000597746460698545, 0.0006694478797726333, 0.0006309179589152336, 0.0006363220745697618, 0.0006296280189417303, 0.000662240432575345, 0.0006356764351949096, 0.0006415038369596004, 0.0006258133216761053, 0.0006453423411585391, 0.0006419352721422911, 0.0006282106041908264, 0.000626001856289804, 0.0006204195087775588, 0.0006228908896446228, 0.0007126991986297071, 0.0006799469119869173, 0.0006749285967089236, 0.000650128407869488, 0.0006149903638288379, 0.0006117217126302421]}