{"loss": [0.0182498712092638, 0.02021190896630287, 0.03712155297398567, 0.03567826375365257, 0.028343534097075462, 0.029726462438702583, 0.02803874760866165, 0.027659287676215172, 0.026945725083351135, 0.026270493865013123, 0.022705508396029472, 0.023490270599722862, 0.026172973215579987, 0.02639015018939972, 0.02833673544228077, 0.0275545846670866, 0.025472791865468025, 0.024054918438196182, 0.017044316977262497, 0.017854847013950348, 0.021451786160469055, 0.02162683568894863, 0.019198374822735786, 0.01993486098945141, 0.01888592541217804, 0.01884288340806961, 0.020468244329094887, 0.019703170284628868, 0.020278608426451683, 0.020216472446918488, 0.019323082640767097, 0.018886204808950424, 0.020839601755142212, 0.02078213356435299, 0.018159646540880203, 0.01769835501909256, 0.02118661254644394, 0.021189818158745766, 0.01877359300851822, 0.018562503159046173, 0.02103607915341854, 0.0218631774187088, 0.017167501151561737, 0.017456501722335815, 0.023088231682777405, 0.023291626945137978, 0.021149350330233574, 0.020704645663499832, 0.018403805792331696, 0.018989039584994316, 0.01653181202709675, 0.016611633822321892, 0.01922539994120598, 0.01887880079448223, 0.01757565513253212, 0.01759428158402443, 0.017170263454318047, 0.016795486211776733, 0.01807129755616188, 0.017844075337052345, 0.01865328848361969, 0.018400564789772034, 0.01793587952852249, 0.017411082983016968, 0.018353845924139023, 0.017944293096661568, 0.01786598190665245, 0.018361376598477364, 0.01571541652083397, 0.016387715935707092, 0.019886888563632965, 0.01875479333102703, 0.018777336925268173, 0.018364138901233673, 0.018729109317064285, 0.01773660071194172, 0.020684700459241867, 0.020161665976047516, 0.01997978612780571, 0.019352346658706665, 0.020749099552631378, 0.02066371589899063, 0.017459942027926445, 0.01800079084932804, 0.020313072949647903, 0.0210492592304945, 0.018181489780545235, 0.01849956251680851, 0.019865764304995537, 0.019223354756832123, 0.01949291303753853, 0.018720470368862152, 0.017733067274093628, 0.018147388473153114, 0.016568269580602646, 0.01694498024880886, 0.017857477068901062, 0.017033914104104042, 0.018779490143060684, 0.018031030893325806], "position_loss": [0.007440732792019844, 0.008413770236074924, 0.016959426924586296, 0.016207357868552208, 0.012103253975510597, 0.012850834988057613, 0.011681616306304932, 0.011653386987745762, 0.011689332313835621, 0.01137844379991293, 0.0097351698204875, 0.01008554082363844, 0.011542572639882565, 0.011592220515012741, 0.012651520781219006, 0.01226358488202095, 0.0111951669678092, 0.010555240325629711, 0.007003890350461006, 0.007419522386044264, 0.009169216267764568, 0.009275708347558975, 0.008139555342495441, 0.008464740589261055, 0.00794170517474413, 0.007942679338157177, 0.008734687231481075, 0.008406531065702438, 0.008635136298835278, 0.008648552000522614, 0.008083444088697433, 0.007921351119875908, 0.008818800561130047, 0.008831108920276165, 0.0074836816638708115, 0.007312442641705275, 0.009124690666794777, 0.009122360497713089, 0.007720740046352148, 0.00768570601940155, 0.008915652520954609, 0.00931617897003889, 0.006984323263168335, 0.007151779253035784, 0.010027381591498852, 0.010119881480932236, 0.00899866595864296, 0.008805675432085991, 0.007685779128223658, 0.007979568094015121, 0.006716560106724501, 0.006766362115740776, 0.008142638020217419, 0.007991219870746136, 0.007207668852061033, 0.007238433696329594, 0.0069905356504023075, 0.0068609812296926975, 0.0074706291779875755, 0.0073757595382630825, 0.007672361563891172, 0.00760418688878417, 0.0073553393594920635, 0.007148377597332001, 0.007561621256172657, 0.00739615224301815, 0.007314796559512615, 0.007569938898086548, 0.006234524305909872, 0.006560658570379019, 0.008253110572695732, 0.0077738892287015915, 0.007683970965445042, 0.0075484695844352245, 0.007614796049892902, 0.007210205774754286, 0.008652979508042336, 0.008451872505247593, 0.008355936035513878, 0.008101394400000572, 0.008779914118349552, 0.008772894740104675, 0.007196745835244656, 0.0074517079629004, 0.008690476417541504, 0.008988757617771626, 0.007556218653917313, 0.007705289404839277, 0.008181340992450714, 0.00793736707419157, 0.008108601905405521, 0.007787383161485195, 0.007342320866882801, 0.007533119060099125, 0.0067922198213636875, 0.006964115425944328, 0.0072043659165501595, 0.0068915849551558495, 0.00782067608088255, 0.007504540961235762], "gru_regularizer_loss": [0.1313321441411972, 0.13008588552474976, 0.12191273272037506, 0.12373365461826324, 0.13713252544403076, 0.13662508130073547, 0.1510266363620758, 0.1427624523639679, 0.13133180141448975, 0.12971623241901398, 0.12244483828544617, 0.1257762610912323, 0.12034585326910019, 0.12386393547058105, 0.11973263323307037, 0.11901063472032547, 0.12498830258846283, 0.119244784116745, 0.12131522595882416, 0.12186194956302643, 0.12515677511692047, 0.12333551049232483, 0.1193222850561142, 0.12208138406276703, 0.12276151776313782, 0.12098672986030579, 0.1237151175737381, 0.11998099833726883, 0.12228202819824219, 0.11863172054290771, 0.12592263519763947, 0.1218923032283783, 0.12588678300380707, 0.12364860624074936, 0.12601855397224426, 0.1219462975859642, 0.11841592192649841, 0.11914001405239105, 0.1274636834859848, 0.12309686094522476, 0.12091386318206787, 0.12320937216281891, 0.12380349636077881, 0.12184006720781326, 0.1183537095785141, 0.11918894201517105, 0.1219392716884613, 0.12019521743059158, 0.11813169717788696, 0.11864694207906723, 0.12170704454183578, 0.12002024054527283, 0.11733272671699524, 0.1160888820886612, 0.12112554907798767, 0.11934918910264969, 0.1221085637807846, 0.11825276911258698, 0.12019026279449463, 0.118637815117836, 0.12469684332609177, 0.1204654797911644, 0.12323953211307526, 0.11933770775794983, 0.12151764333248138, 0.11966995149850845, 0.12069699168205261, 0.12069474160671234, 0.12217956781387329, 0.12216661870479584, 0.12666091322898865, 0.12027738988399506, 0.12588302791118622, 0.12152205407619476, 0.12861810624599457, 0.12202620506286621, 0.12549367547035217, 0.12121454626321793, 0.12368890643119812, 0.1194981187582016, 0.12079921364784241, 0.11890486627817154, 0.11778761446475983, 0.11822634190320969, 0.11193227022886276, 0.1153840646147728, 0.11585158109664917, 0.11644036322832108, 0.1274358332157135, 0.12279823422431946, 0.12194710969924927, 0.11794918030500412, 0.11683249473571777, 0.1175621896982193, 0.11382143199443817, 0.11468323320150375, 0.12625648081302643, 0.11981169134378433, 0.11960814893245697, 0.11593222618103027],