{"loss": [0.020061956718564034, 0.022350341081619263, 0.044757649302482605, 0.042095985263586044, 0.02772962674498558, 0.027378268539905548, 0.025319674983620644, 0.024865174666047096, 0.02063027024269104, 0.02109922654926777, 0.023407019674777985, 0.023513589054346085, 0.02378617599606514, 0.02373284474015236, 0.02272707223892212, 0.0220491923391819, 0.02117478847503662, 0.021037301048636436, 0.019016416743397713, 0.019312353804707527, 0.01891103759407997, 0.019055290147662163, 0.021569401025772095, 0.02102438360452652, 0.018091250211000443, 0.019578121602535248, 0.01931471936404705, 0.018618367612361908, 0.019934050738811493, 0.019299345090985298, 0.01888667419552803, 0.01863357424736023, 0.021348992362618446, 0.02106948010623455, 0.018872518092393875, 0.018237486481666565, 0.021017735823988914, 0.020399635657668114, 0.01811443828046322, 0.019588105380535126, 0.018792474642395973, 0.019124086946249008, 0.018608832731842995, 0.01857897639274597, 0.01623140089213848, 0.01664748601615429, 0.017842523753643036, 0.01751304604113102, 0.017072519287467003, 0.016484327614307404, 0.015704002231359482, 0.016787586733698845, 0.01641741208732128, 0.017165450379252434, 0.017216812819242477, 0.017284708097577095, 0.017711292952299118, 0.017280487343668938, 0.01749557815492153, 0.017344653606414795, 0.017306983470916748, 0.016533292829990387, 0.016583489254117012, 0.016295213252305984, 0.017963850870728493, 0.017296427860856056, 0.01695956476032734, 0.016901172697544098, 0.015567981638014317, 0.015940874814987183, 0.017508352175354958, 0.01776648499071598, 0.01793181337416172, 0.017496535554528236, 0.017923081293702126, 0.017696835100650787, 0.01924147829413414, 0.01912967674434185, 0.017020022496581078, 0.01631147414445877, 0.019028082489967346, 0.018620675429701805, 0.016722198575735092, 0.017021851614117622, 0.017014002427458763, 0.018422627821564674, 0.01829519495368004, 0.018527725711464882, 0.016910791397094727, 0.01762755960226059, 0.017056167125701904, 0.017811117693781853, 0.017550326883792877, 0.01662064529955387, 0.019580408930778503, 0.01937680132687092, 0.018217800185084343, 0.017277538776397705, 0.019473470747470856, 0.01941973716020584], "position_loss": [0.008274092338979244, 0.009533953852951527, 0.020594174042344093, 0.01936880126595497, 0.011995800770819187, 0.011886779218912125, 0.010873986408114433, 0.010756533592939377, 0.008738621138036251, 0.008978597819805145, 0.010265601798892021, 0.01030824240297079, 0.01032691728323698, 0.010307385586202145, 0.009760133922100067, 0.009480053558945656, 0.008798237890005112, 0.008808843791484833, 0.007915974594652653, 0.008074051700532436, 0.007834558375179768, 0.00793630350381136, 0.009178383275866508, 0.00893552415072918, 0.007490766234695911, 0.008181554265320301, 0.007886108942329884, 0.0076401797123253345, 0.008402304723858833, 0.008136365562677383, 0.007866224274039268, 0.0078012365847826, 0.00919149536639452, 0.009066776372492313, 0.007864784449338913, 0.0076303682290017605, 0.008957636542618275, 0.008701976388692856, 0.007641647011041641, 0.00832361914217472, 0.007901014760136604, 0.008073593489825726, 0.007807721383869648, 0.00780892139300704, 0.006662179250270128, 0.006855125073343515, 0.0073057194240391254, 0.007184168323874474, 0.006956493481993675, 0.0067306999117136, 0.0064493026584386826, 0.00691775418817997, 0.006710745859891176, 0.007050796411931515, 0.007079903036355972, 0.007121404632925987, 0.007234048098325729, 0.007063416764140129, 0.007216793484985828, 0.007174246944487095, 0.006963272113353014, 0.00667586037889123, 0.006714250892400742, 0.006625039968639612, 0.00743633508682251, 0.00716228224337101, 0.006934405770152807, 0.006937783677130938, 0.006337075028568506, 0.006526086945086718, 0.007254660129547119, 0.007387503050267696, 0.007391772232949734, 0.0072302017360925674, 0.007425482850521803, 0.007338247261941433, 0.008000874891877174, 0.007978422567248344, 0.006910258438438177, 0.00662778876721859, 0.007943745702505112, 0.00776095874607563, 0.006831569597125053, 0.006985110696405172, 0.00711828051134944, 0.007722626905888319, 0.007531598210334778, 0.007661128882318735, 0.006904951296746731, 0.007231362164020538, 0.007055541966110468, 0.0073913345113396645, 0.007153750862926245, 0.006778162904083729, 0.008176951669156551, 0.008129863068461418, 0.007436967920511961, 0.007069854065775871, 0.00818044226616621, 0.008153006434440613], "gru_regularizer_loss": [0.14217442274093628, 0.13458901643753052, 0.14138083159923553, 0.1346084475517273, 0.14500923454761505, 0.14193004369735718, 0.14331182837486267, 0.13593870401382446, 0.1294889748096466, 0.12913352251052856, 0.12083829194307327, 0.12169934809207916, 0.12647505104541779, 0.12645888328552246, 0.12997792661190033, 0.12598004937171936, 0.13657468557357788, 0.13158024847507477, 0.12558294832706451, 0.12572114169597626, 0.12762904167175293, 0.1254996508359909, 0.12812569737434387, 0.12602178752422333, 0.1229136511683464, 0.126791313290596, 0.13539037108421326, 0.12867289781570435, 0.12884102761745453, 0.12458617240190506, 0.12934789061546326, 0.12514010071754456, 0.12317503243684769, 0.12111561745405197, 0.1285533308982849, 0.12247628718614578, 0.12707877159118652, 0.12270503491163254, 0.11671425402164459, 0.12074048072099686, 0.12193094193935394, 0.12194371223449707, 0.12406420707702637, 0.12199589610099792, 0.11949852108955383, 0.11957421898841858, 0.12656423449516296, 0.12420475482940674, 0.1268828958272934, 0.12272103875875473, 0.11291253566741943, 0.11762195080518723, 0.12144163995981216, 0.12343481928110123, 0.12298768758773804, 0.12303078174591064, 0.12860876321792603, 0.12420061230659485, 0.124413400888443, 0.12240634858608246, 0.13106271624565125, 0.12456978857517242, 0.12825921177864075, 0.12394298613071442, 0.12566454708576202, 0.12170249968767166, 0.12449431419372559, 0.12237957119941711, 0.11954852938652039, 0.11968445777893066, 0.12270423769950867, 0.12242705374956131, 0.1258283257484436, 0.12174548208713531, 0.12468576431274414, 0.12253430485725403, 0.1276009976863861, 0.1250152438879013, 0.12780319154262543, 0.12158858776092529, 0.12382382154464722, 0.12162518501281738, 0.12259843945503235, 0.12236682325601578, 0.11380968987941742, 0.12001054733991623, 0.12652626633644104, 0.12593592703342438, 0.12056385725736618, 0.12226303666830063, 0.11821870505809784, 0.12029075622558594, 0.1278551071882248, 0.12161389738321304, 0.12577538192272186, 0.12330040335655212, 0.12951023876667023, 0.12322453409433365, 0.12296842038631439, 0.12097850441932678],