{"loss": [0.02095339260995388, 0.024832122027873993, 0.04459686204791069, 0.04324020817875862, 0.052334263920784, 0.049032241106033325, 0.03487851470708847, 0.03486425802111626, 0.039790328592061996, 0.03937096893787384, 0.03721463680267334, 0.03724929690361023, 0.027955474331974983, 0.028153307735919952, 0.035919345915317535, 0.035352546721696854, 0.02545393630862236, 0.024609001353383064, 0.026784498244524002, 0.028090907260775566, 0.027736850082874298, 0.02686813659965992, 0.026247844099998474, 0.026323720812797546, 0.031127599999308586, 0.031374625861644745, 0.021470777690410614, 0.022834135219454765, 0.029186148196458817, 0.02867426536977291, 0.02476412057876587, 0.02367592789232731, 0.023721110075712204, 0.02429588884115219, 0.026901626959443092, 0.025413431227207184, 0.02101285755634308, 0.020571747794747353, 0.02074148878455162, 0.020894387736916542, 0.01945876143872738, 0.019756130874156952, 0.021125152707099915, 0.02054070122539997, 0.018979301676154137, 0.018986688926815987, 0.018755437806248665, 0.019666697829961777, 0.019795965403318405, 0.01933891512453556, 0.022050466388463974, 0.021895429119467735, 0.019811447709798813, 0.019855961203575134, 0.019318658858537674, 0.02019222266972065, 0.01933090202510357, 0.01897606998682022, 0.021176248788833618, 0.020525647327303886], "position_loss": [0.008546345867216587, 0.010493091307580471, 0.02034110575914383, 0.019737111404538155, 0.02413458749651909, 0.022606737911701202, 0.0155123146250844, 0.015516151674091816, 0.017745226621627808, 0.01765521615743637, 0.016523538157343864, 0.016560714691877365, 0.011889294721186161, 0.01202668622136116, 0.01604790985584259, 0.015772424638271332, 0.010865871794521809, 0.010491102002561092, 0.011562309227883816, 0.012163879349827766, 0.012019749730825424, 0.011629878543317318, 0.011385403573513031, 0.011421003378927708, 0.013891749083995819, 0.013936545699834824, 0.008961876854300499, 0.009638405404984951, 0.012710395269095898, 0.012521397322416306, 0.010520241223275661, 0.010036032646894455, 0.010173751041293144, 0.01042113732546568, 0.011681332252919674, 0.010983126237988472, 0.008759669959545135, 0.008587627671658993, 0.008597121573984623, 0.008693450130522251, 0.008031513541936874, 0.008157972246408463, 0.008812514133751392, 0.008568443357944489, 0.007754748687148094, 0.007776785176247358, 0.007747700437903404, 0.008151110261678696, 0.008094953373074532, 0.007923959754407406, 0.009212350472807884, 0.009166959673166275, 0.008111587725579739, 0.008158363401889801, 0.007976047694683075, 0.008370297029614449, 0.007872287184000015, 0.007742910645902157, 0.008752269670367241, 0.008478664793074131], "gru_regularizer_loss": [0.19338318705558777, 0.19388024508953094, 0.19077451527118683, 0.18286770582199097, 0.2020774483680725, 0.18946808576583862, 0.19424231350421906, 0.19312018156051636, 0.20726966857910156, 0.19689172506332397, 0.19975407421588898, 0.20079892873764038, 0.20377743244171143, 0.2010236531496048, 0.19358594715595245, 0.19206447899341583, 0.1895451843738556, 0.18426039814949036, 0.1781066656112671, 0.18375669419765472, 0.18432274460792542, 0.17963780462741852, 0.17866657674312592, 0.17783473432064056, 0.17135924100875854, 0.17780917882919312, 0.17869527637958527, 0.1802503913640976, 0.1852148175239563, 0.1797976940870285, 0.1840522736310959, 0.17880791425704956, 0.17274922132492065, 0.17541833221912384, 0.1782040148973465, 0.17370539903640747, 0.17845205962657928, 0.17371895909309387, 0.17813575267791748, 0.17653816938400269, 0.17278003692626953, 0.17488649487495422, 0.1779564619064331, 0.17322763800621033, 0.17541030049324036, 0.17400366067886353, 0.1674480140209198, 0.17286871373653412, 0.18062841892242432, 0.1753290295600891, 0.17850780487060547, 0.17631500959396362, 0.17804650962352753, 0.1760954111814499, 0.16876837611198425, 0.173787459731102, 0.178029865026474, 0.17312274873256683, 0.17986606061458588, 0.17479342222213745], "l2_xdx_activation_loss": [0.0006419397541321814, 0.0006353629287332296, 0.0006686188280582428, 0.0006454202812165022, 0.000681087898556143, 0.0006410118658095598, 0.0006368032190948725, 0.0006332328775897622, 0.0007420432521030307, 0.0006968574016354978, 0.0007229896727949381, 0.0007062747608870268, 0.000712685810867697, 0.000696215545758605, 0.0006288730655796826, 0.0006286682328209281, 0.0006085626664571464, 0.0005943800788372755, 0.0006259200163185596, 0.0006415099487639964, 0.0006176902097649872, 0.0006036493577994406, 0.0005631062085740268, 0.0005674380226992071, 0.0005431522731669247, 0.0005741305649280548, 0.0005863387486897409, 0.0005845885607413948, 0.0006373853539116681, 0.0006108135567046702, 0.0006273539620451629, 0.0006049095536582172, 0.0005483541171997786, 0.0005661264294758439, 0.0005852899048477411, 0.0005696910666301847, 0.0005693145794793963, 0.0005527494940906763, 0.000588277995120734, 0.0005803509848192334, 0.0005556265823543072, 0.0005634219851344824, 0.0005731687997467816, 0.0005568281630985439, 0.0005715491715818644, 0.0005640091840177774, 0.0005281675839796662, 0.0005449121235869825, 0.0005995736573822796, 0.0005788838607259095, 0.0006132105481810868, 0.0005991015350446105, 0.00060224998742342, 0.0005924080032855272, 0.000559274572879076, 0.0005708994576707482, 0.0006016572588123381, 0.0005859874654561281, 0.0006239974754862487, 0.0006064429762773216]}