{"loss": [0.019552472978830338, 0.022252487018704414, 0.053482141345739365, 0.05115702003240585, 0.028792161494493484, 0.029677782207727432, 0.03766997158527374, 0.037501852959394455, 0.03376173973083496, 0.03311707824468613, 0.03733619675040245, 0.035853639245033264, 0.025553986430168152, 0.02595597691833973, 0.025119883939623833, 0.025317557156085968, 0.026938145980238914, 0.02649645507335663, 0.022379646077752113, 0.022172167897224426, 0.025911686941981316, 0.026885440573096275, 0.01902390457689762, 0.02016396075487137, 0.025459349155426025, 0.025363875553011894, 0.02388063445687294, 0.023687779903411865, 0.022559965029358864, 0.020975518971681595, 0.027227390557527542, 0.02756296843290329, 0.024077240377664566, 0.022840768098831177, 0.025169501081109047, 0.025083184242248535, 0.028216978535056114, 0.027640117332339287, 0.021266182884573936, 0.02030273526906967, 0.023696549236774445, 0.024627910926938057, 0.027001332491636276, 0.02606801502406597, 0.021671175956726074, 0.021452073007822037, 0.022020339965820312, 0.02281445823609829, 0.02084534615278244, 0.021311430260539055, 0.02278653346002102, 0.02242821455001831, 0.020638316869735718, 0.020636172965168953, 0.023368367925286293, 0.021555764600634575, 0.018000595271587372, 0.01978999376296997, 0.019984815269708633, 0.019432196393609047, 0.021829936653375626, 0.021872546523809433, 0.019057558849453926, 0.019222024828195572, 0.019447701051831245, 0.018672816455364227, 0.018493881449103355, 0.018515102565288544, 0.019813988357782364, 0.01872200332581997, 0.018539493903517723, 0.01854429952800274, 0.018252812325954437, 0.018952637910842896, 0.01700609363615513, 0.017251938581466675, 0.01993364468216896, 0.01983003318309784, 0.019200237467885017, 0.018570026382803917, 0.019199863076210022, 0.018956420943140984, 0.02014017477631569, 0.01967472769320011, 0.017290569841861725, 0.01725643128156662, 0.0182521790266037, 0.01849324069917202, 0.019651997834444046, 0.018388913944363594, 0.016483023762702942, 0.016643540933728218, 0.01925734616816044, 0.019345195963978767, 0.017320003360509872, 0.017288800328969955, 0.017933011054992676, 0.017745936289429665, 0.01831676997244358, 0.01702122762799263], "position_loss": [0.008093428798019886, 0.009496759623289108, 0.025209160521626472, 0.024048343300819397, 0.012807457707822323, 0.013258654624223709, 0.01717975176870823, 0.01713017001748085, 0.014978191815316677, 0.014780538156628609, 0.016786735504865646, 0.016138091683387756, 0.011162843555212021, 0.011363223195075989, 0.010956478305161, 0.011097204871475697, 0.011917795985937119, 0.011699091643095016, 0.009605864994227886, 0.009553410112857819, 0.011478275060653687, 0.011894728057086468, 0.008014201186597347, 0.008489593863487244, 0.011140960268676281, 0.01109299622476101, 0.010355920530855656, 0.010271191596984863, 0.009517465718090534, 0.008852992206811905, 0.01196115929633379, 0.012162481434643269, 0.010331814177334309, 0.009808894246816635, 0.01097188238054514, 0.010885857045650482, 0.0124726677313447, 0.01218320056796074, 0.008949045091867447, 0.008555072359740734, 0.010178128257393837, 0.010653849691152573, 0.011630560271441936, 0.011274147778749466, 0.009054911322891712, 0.008988473564386368, 0.009505916386842728, 0.009801637381315231, 0.008909765630960464, 0.00911678746342659, 0.00971995573490858, 0.009570120833814144, 0.008706341497600079, 0.008717607706785202, 0.009912104345858097, 0.009160798974335194, 0.007491260301321745, 0.008320724591612816, 0.008369500748813152, 0.008134986273944378, 0.00933719053864479, 0.009360186755657196, 0.008002602495253086, 0.008068496361374855, 0.008044874295592308, 0.007721040863543749, 0.007618321105837822, 0.007653519511222839, 0.008142555132508278, 0.007689918857067823, 0.007583543658256531, 0.007610538974404335, 0.0076039326377213, 0.007888136431574821, 0.006823026575148106, 0.006981067359447479, 0.008247052319347858, 0.00823196116834879, 0.007887132465839386, 0.007621699944138527, 0.007937589660286903, 0.007857146672904491, 0.008429810404777527, 0.008214138448238373, 0.006974132265895605, 0.006976883392781019, 0.007545426953583956, 0.007655190769582987, 0.00804506428539753, 0.007538288831710815, 0.006600967608392239, 0.006692562252283096, 0.007996758446097374, 0.008021959103643894, 0.007027034182101488, 0.0070276143960654736, 0.007305326871573925, 0.007242600899189711, 0.007348259910941124, 0.006833891849964857], "gru_regularizer_loss": [0.14665231108665466, 0.14269554615020752, 0.1337476372718811, 0.13358251750469208, 0.13884210586547852, 0.1379604935646057, 0.1463649868965149, 0.1446850299835205, 0.15971490740776062, 0.1518048495054245, 0.1529429852962494, 0.14792200922966003, 0.13812251389026642, 0.13903836905956268, 0.1403934359550476, 0.13691550493240356, 0.13518302142620087, 0.13451725244522095, 0.1398407220840454, 0.13636243343353271, 0.13032829761505127, 0.1364520937204361, 0.1307460516691208, 0.13746562600135803, 0.13795071840286255, 0.13705220818519592, 0.1369856745004654, 0.13641399145126343, 0.1471880078315735, 0.1384156346321106, 0.13810908794403076, 0.13654814660549164, 0.14350657165050507, 0.13737240433692932, 0.13607248663902283, 0.1362568587064743, 0.13554751873016357, 0.1353006511926651, 0.1421375721693039, 0.13611045479774475, 0.13877393305301666, 0.13941612839698792, 0.15040594339370728, 0.14373958110809326, 0.14422516524791718, 0.14243803918361664, 0.1303577721118927, 0.1371149718761444, 0.13286659121513367, 0.13461896777153015, 0.13846665620803833, 0.13721826672554016, 0.13791757822036743, 0.1369929015636444, 0.15054118633270264, 0.13918589055538177, 0.13065014779567719, 0.13661885261535645, 0.13924449682235718, 0.13599538803100586, 0.13637694716453552, 0.1357678323984146, 0.13364277780056, 0.13525645434856415, 0.14131124317646027, 0.13743847608566284, 0.13907749950885773, 0.13778987526893616, 0.146920308470726, 0.1402323842048645, 0.1396874487400055, 0.1384173184633255, 0.13155759871006012, 0.13583490252494812, 0.13941273093223572, 0.13792771100997925, 0.14066854119300842, 0.1390872597694397, 0.14114971458911896, 0.13753259181976318, 0.13741716742515564, 0.13427037000656128, 0.1355648934841156, 0.1349404901266098, 0.13824136555194855, 0.1370999813079834, 0.1348748654127121, 0.13609419763088226, 0.14658388495445251, 0.13785500824451447, 0.1369316726922989, 0.13591215014457703, 0.13468751311302185, 0.13618944585323334, 0.13696742057800293, 0.13576295971870422, 0.13861654698848724, 0.1373220980167389, 0.1466098129749298, 0.137782484292984],