{"loss": [0.02081684023141861, 0.02452280931174755, 0.05089448019862175, 0.049013301730155945, 0.028554489836096764, 0.02789527177810669, 0.034367144107818604, 0.034173350781202316, 0.030239291489124298, 0.030965153127908707, 0.02845742739737034, 0.027658116072416306, 0.0256681889295578, 0.02595263347029686, 0.024028612300753593, 0.024496866390109062, 0.029412414878606796, 0.02917155623435974, 0.02250872552394867, 0.023012302815914154, 0.02428693138062954, 0.024291129782795906, 0.02125101536512375, 0.02126236818730831, 0.02435225620865822, 0.022646399214863777, 0.022888312116265297, 0.02140573412179947, 0.019898585975170135, 0.02087961696088314, 0.021643565967679024, 0.02144046500325203, 0.020870111882686615, 0.019960353150963783, 0.02010709047317505, 0.020453710108995438, 0.021645817905664444, 0.021701078861951828, 0.0201234370470047, 0.019978376105427742, 0.02050495333969593, 0.01939495839178562, 0.018221281468868256, 0.018888091668486595, 0.018891600891947746, 0.019146405160427094, 0.01998896338045597, 0.019662518054246902, 0.01985025592148304, 0.01988500915467739, 0.01922626607120037, 0.01891988143324852, 0.017618240788578987, 0.017741940915584564, 0.017614761367440224, 0.018050890415906906, 0.01961294375360012, 0.01895940862596035, 0.018901681527495384, 0.01869047060608864], "position_loss": [0.008350841701030731, 0.010178484953939915, 0.023618079721927643, 0.02267703227698803, 0.012383822351694107, 0.012125629931688309, 0.014964081346988678, 0.014942336827516556, 0.0131991533562541, 0.013540169224143028, 0.012267696671187878, 0.01196516677737236, 0.011182613670825958, 0.01126046385616064, 0.010287203826010227, 0.010530390776693821, 0.012977194972336292, 0.012870550155639648, 0.009608780033886433, 0.009805274195969105, 0.010409912094473839, 0.010433204472064972, 0.008825456723570824, 0.008865867741405964, 0.010260744020342827, 0.009538714773952961, 0.009521129541099072, 0.008909868076443672, 0.008250225335359573, 0.008739866316318512, 0.009122255258262157, 0.009048158302903175, 0.00860530138015747, 0.008247083984315395, 0.00829121470451355, 0.008477168157696724, 0.009070814587175846, 0.009129008278250694, 0.00835419911891222, 0.008306708186864853, 0.008392797783017159, 0.00793901551514864, 0.007383347954601049, 0.007700609043240547, 0.007609601132571697, 0.007776053622364998, 0.008190285414457321, 0.008073104545474052, 0.008146068081259727, 0.008193660527467728, 0.007777309976518154, 0.007670975290238857, 0.007027185056358576, 0.007116901222616434, 0.007036542519927025, 0.007264581974595785, 0.008000843226909637, 0.007737259846180677, 0.007687447126954794, 0.007618223782628775], "gru_regularizer_loss": [0.18504072725772858, 0.18783791363239288, 0.17921528220176697, 0.1785583198070526, 0.18027541041374207, 0.17498500645160675, 0.18561908602714539, 0.18309259414672852, 0.17584282159805298, 0.1807706207036972, 0.18640610575675964, 0.17755696177482605, 0.16309165954589844, 0.16940228641033173, 0.16629280149936676, 0.1652103066444397, 0.16491447389125824, 0.16384871304035187, 0.15882828831672668, 0.1651509702205658, 0.16817830502986908, 0.16694921255111694, 0.17210957407951355, 0.17042061686515808, 0.18090298771858215, 0.1691094934940338, 0.18038731813430786, 0.16861970722675323, 0.1635822355747223, 0.16516736149787903, 0.16656234860420227, 0.16498619318008423, 0.17465740442276, 0.16614709794521332, 0.16556255519390106, 0.1669159084558487, 0.1678365170955658, 0.16602864861488342, 0.16453741490840912, 0.1628996878862381, 0.17231521010398865, 0.1640450358390808, 0.15926992893218994, 0.16380594670772552, 0.16831538081169128, 0.1661679744720459, 0.16596199572086334, 0.16383758187294006, 0.1650315672159195, 0.16319815814495087, 0.1646600216627121, 0.16267190873622894, 0.1638685017824173, 0.16223464906215668, 0.16099956631660461, 0.162222757935524, 0.1643451303243637, 0.15972299873828888, 0.16103090345859528, 0.15940049290657043], "l2_xdx_activation_loss": [0.0007545827538706362, 0.0007621530676260591, 0.0006217235350050032, 0.0006242177914828062, 0.0006610304699279368, 0.000631054921541363, 0.0008605963084846735, 0.0008189163054339588, 0.0006938519072718918, 0.0006920360028743744, 0.0006856578402221203, 0.0006504043703898787, 0.0005570144858211279, 0.0005788941634818912, 0.0005967583856545389, 0.0005943271098658442, 0.0006026265909895301, 0.000596989702899009, 0.0005672943661920726, 0.0005830812733620405, 0.0005947747849859297, 0.0005847429274581373, 0.0006260016816668212, 0.0006084744818508625, 0.0006735781789757311, 0.000625623157247901, 0.0006803926662541926, 0.0006329331081360579, 0.0005871040630154312, 0.0005824032123200595, 0.0005774766323156655, 0.0005644279299303889, 0.0006373108481056988, 0.0006012379308231175, 0.0006226780242286623, 0.0006097379955463111, 0.0006082741310819983, 0.0005939252441748977, 0.0005895543727092445, 0.0005783198866993189, 0.0006650678114965558, 0.0006251586019061506, 0.0006202943040989339, 0.0006159371696412563, 0.0006627468974329531, 0.0006438713171519339, 0.000649255933240056, 0.0006256430642679334, 0.0006356000667437911, 0.0006215671892277896, 0.0006746810395270586, 0.0006500695599243045, 0.000641393824480474, 0.0006282625254243612, 0.0006435586255975068, 0.0006328315939754248, 0.0006556008011102676, 0.0006288846489042044, 0.0006384908920153975, 0.000619670725427568]}