{"loss": [0.017412852495908737, 0.02045796439051628, 0.041395362466573715, 0.039613448083400726, 0.02945859730243683, 0.028530947864055634, 0.02301366813480854, 0.02281125634908676, 0.0281481072306633, 0.02755007892847061, 0.025301454588770866, 0.024144932627677917, 0.02175050973892212, 0.021675486117601395, 0.02459942363202572, 0.02466953545808792, 0.02178076095879078, 0.021978124976158142, 0.01962270215153694, 0.019110413268208504, 0.018976079300045967, 0.01957099325954914, 0.019385728985071182, 0.01928117126226425, 0.017654478549957275, 0.017613323405385017, 0.01947140321135521, 0.01951732113957405, 0.02371148392558098, 0.02299521304666996, 0.020082540810108185, 0.01982114464044571, 0.019976813346147537, 0.01967126503586769, 0.019512323662638664, 0.019636429846286774, 0.01949828490614891, 0.01907457411289215, 0.02182362973690033, 0.020609837025403976, 0.01831243373453617, 0.01848573423922062, 0.020550277084112167, 0.020108627155423164, 0.01744585484266281, 0.0176846981048584, 0.018819216638803482, 0.018945710733532906, 0.019867243245244026, 0.01878451369702816, 0.018854307010769844, 0.017982129007577896, 0.018423622474074364, 0.01815120503306389, 0.01714988797903061, 0.017415881156921387, 0.015649771317839622, 0.01632808893918991, 0.016809528693556786, 0.016365204006433487, 0.017971096560359, 0.017772315070033073, 0.018140414729714394, 0.017861556261777878, 0.01678961142897606, 0.016245415434241295, 0.016845833510160446, 0.017559485509991646, 0.015995727851986885, 0.016823915764689445, 0.016979532316327095, 0.016972525045275688, 0.0181407667696476, 0.01728089340031147, 0.017901454120874405, 0.017655277624726295, 0.01816513016819954, 0.017059464007616043, 0.016809659078717232, 0.017332470044493675, 0.017995264381170273, 0.018164757639169693, 0.017251137644052505, 0.017200717702507973, 0.01786249876022339, 0.017447907477617264, 0.017245512455701828, 0.016888320446014404, 0.017071492969989777, 0.016438644379377365, 0.018043898046016693, 0.01849578507244587, 0.018167827278375626, 0.017262529581785202, 0.017843564972281456, 0.01729481853544712, 0.017536722123622894, 0.017427988350391388, 0.01616419292986393, 0.01655862294137478], "position_loss": [0.007209399715065956, 0.00872801709920168, 0.019265184178948402, 0.018438169732689857, 0.013205536641180515, 0.012827297672629356, 0.009774173609912395, 0.00975703913718462, 0.012486164458096027, 0.012219902127981186, 0.011057092808187008, 0.010561744682490826, 0.009482833556830883, 0.009459514170885086, 0.010858156718313694, 0.010906025767326355, 0.009542439132928848, 0.009609057568013668, 0.008376218378543854, 0.008162938058376312, 0.008097436279058456, 0.008375363424420357, 0.008297551423311234, 0.008258502930402756, 0.007429164834320545, 0.007422460243105888, 0.00836418941617012, 0.008393784053623676, 0.010473676957190037, 0.010167030617594719, 0.008677864447236061, 0.008559859357774258, 0.008528683334589005, 0.008427370339632034, 0.008298568427562714, 0.008379577659070492, 0.00828635785728693, 0.0081202806904912, 0.009342505596578121, 0.008825402706861496, 0.007658741436898708, 0.0077635073103010654, 0.008858991786837578, 0.00867620762437582, 0.007329811342060566, 0.007446260191500187, 0.007963565178215504, 0.008025633171200752, 0.008488223887979984, 0.008027549833059311, 0.007870011031627655, 0.007527004461735487, 0.007843682542443275, 0.007726189214736223, 0.007218967657536268, 0.007340460084378719, 0.006468536797910929, 0.006798140704631805, 0.006984229665249586, 0.006814030464738607, 0.007649477105587721, 0.007560018915683031, 0.007646244019269943, 0.007549716159701347, 0.006988180801272392, 0.006760023534297943, 0.0071425652131438255, 0.007440048735588789, 0.006693207658827305, 0.007064243778586388, 0.007122190669178963, 0.007127004209905863, 0.007616857066750526, 0.0072708576917648315, 0.007518979255110025, 0.007416735868901014, 0.007602280471473932, 0.007128862664103508, 0.007024010643362999, 0.0072661638259887695, 0.007523710839450359, 0.00759889418259263, 0.007139316760003567, 0.00713518587872386, 0.0074397786520421505, 0.007263966836035252, 0.007148240692913532, 0.007016997318714857, 0.007066886872053146, 0.0068041617050766945, 0.007636915426701307, 0.007852918468415737, 0.00746578024700284, 0.0071100275963544846, 0.007525415625423193, 0.007283399347215891, 0.007328663486987352, 0.007287798449397087, 0.006615061312913895, 0.006793173495680094], "gru_regularizer_loss": [0.12761610746383667, 0.12574642896652222, 0.12118110805749893, 0.11588165163993835, 0.12914685904979706, 0.12320486456155777, 0.1354682296514511, 0.13107219338417053, 0.12852947413921356, 0.12728506326675415, 0.13147945702075958, 0.12490572035312653, 0.12184591591358185, 0.1208144947886467, 0.12072378396987915, 0.11927076429128647, 0.11786554753780365, 0.11941412091255188, 0.1240968108177185, 0.12079836428165436, 0.11920882761478424, 0.12103777378797531, 0.12270329892635345, 0.12176570296287537, 0.12149694561958313, 0.12069404125213623, 0.1191423162817955, 0.11789622902870178, 0.1202596127986908, 0.11732243001461029, 0.11915650218725204, 0.11849754303693771, 0.12385401129722595, 0.12034223973751068, 0.12255426496267319, 0.12148698419332504, 0.12459112703800201, 0.12071909010410309, 0.12798990309238434, 0.12147935479879379, 0.12249847501516342, 0.12144037336111069, 0.12229729443788528, 0.11892007291316986, 0.11648556590080261, 0.11824175715446472, 0.11964846402406693, 0.12069772183895111, 0.1238069161772728, 0.11821920424699783, 0.12722590565681458, 0.1209850013256073, 0.11603523790836334, 0.11515264958143234, 0.11572563648223877, 0.11654046922922134, 0.11561547219753265, 0.1171179860830307, 0.11857198923826218, 0.11541739851236343, 0.11539323627948761, 0.11435365676879883, 0.11809524893760681, 0.11438694596290588, 0.12077876180410385, 0.11740265786647797, 0.11051494628190994, 0.11412513256072998, 0.11042611300945282, 0.11421508342027664, 0.11509586125612259, 0.11444634944200516, 0.12115941941738129, 0.11573383212089539, 0.117465078830719, 0.11621558666229248, 0.11995833367109299, 0.11417423188686371, 0.11490066349506378, 0.1164756491780281, 0.11603377759456635, 0.11710032820701599, 0.11778852343559265, 0.11625552177429199, 0.11605340987443924, 0.11497776955366135, 0.11885897815227509, 0.11547151952981949, 0.1189698725938797, 0.1153792291879654, 0.11196045577526093, 0.11296561360359192, 0.12477675080299377, 0.1185217797756195, 0.11622737348079681, 0.11327588558197021, 0.11519631743431091, 0.11397990584373474, 0.11464497447013855, 0.115802101790905],